# TRIAGE 2.9: EQeq on Wilmer's own 12 MOFs, under a RECONSTRUCTED parameter table
# (Moore 1970 + Andersen 1999; his ionizationData.dat is not held). Direct lattice sum.
mof,atom,element,model_charge,printed_charge,delta
Co-MOF74,1,C,0.111234,0.422,-0.3108
Co-MOF74,2,C,0.001773,-0.180,+0.1818
Co-MOF74,3,C,0.033263,0.209,-0.1757
Co-MOF74,4,C,-0.031466,-0.108,+0.0765
Co-MOF74,5,H,0.049649,0.083,-0.0334
Co-MOF74,6,O,-0.356213,-0.473,+0.1168
Co-MOF74,7,O,-0.501412,-0.532,+0.0306
Co-MOF74,8,Co,1.167004,1.164,+0.0030
Co-MOF74,9,C,0.111326,0.423,-0.3117
Co-MOF74,10,C,0.001910,-0.180,+0.1819
Co-MOF74,11,C,0.033642,0.209,-0.1754
Co-MOF74,12,C,-0.031475,-0.108,+0.0765
Co-MOF74,13,H,0.049451,0.083,-0.0335
Co-MOF74,14,O,-0.355721,-0.473,+0.1173
Co-MOF74,15,O,-0.475015,-0.586,+0.1110
Co-MOF74,16,O,-0.501225,-0.532,+0.0308
Co-MOF74,17,Co,1.167799,1.164,+0.0038
Co-MOF74,18,C,0.111327,0.423,-0.3117
Co-MOF74,19,C,0.001813,-0.180,+0.1818
Co-MOF74,20,C,0.111254,0.423,-0.3117
Co-MOF74,21,C,0.001751,-0.180,+0.1818
Co-MOF74,22,C,0.033461,0.209,-0.1755
Co-MOF74,23,C,-0.031447,-0.108,+0.0766
Co-MOF74,24,H,0.049570,0.083,-0.0334
Co-MOF74,25,O,-0.356142,-0.473,+0.1169
Co-MOF74,26,O,-0.501290,-0.532,+0.0307
Co-MOF74,27,Co,1.167224,1.164,+0.0032
Co-MOF74,28,C,0.111259,0.423,-0.3117
Co-MOF74,29,C,0.001741,-0.180,+0.1817
Co-MOF74,30,C,0.033624,0.209,-0.1754
Co-MOF74,31,C,-0.031514,-0.108,+0.0765
Co-MOF74,32,H,0.049339,0.083,-0.0337
Co-MOF74,33,O,-0.355719,-0.473,+0.1173
Co-MOF74,34,O,-0.474890,-0.586,+0.1111
Co-MOF74,35,O,-0.501234,-0.532,+0.0308
Co-MOF74,36,Co,1.167790,1.164,+0.0038
Co-MOF74,37,C,0.111646,0.423,-0.3114
Co-MOF74,38,C,0.001824,-0.180,+0.1818
Co-MOF74,39,C,0.111186,0.423,-0.3118
Co-MOF74,40,C,0.001758,-0.180,+0.1818
Co-MOF74,41,C,0.033122,0.208,-0.1749
Co-MOF74,42,C,-0.031459,-0.108,+0.0765
Co-MOF74,43,H,0.049655,0.083,-0.0333
Co-MOF74,44,O,-0.356423,-0.474,+0.1176
Co-MOF74,45,O,-0.501473,-0.532,+0.0305
Co-MOF74,46,Co,1.166727,1.164,+0.0027
Co-MOF74,47,C,0.111322,0.423,-0.3117
Co-MOF74,48,C,0.002011,-0.180,+0.1820
Co-MOF74,49,C,0.033643,0.209,-0.1754
Co-MOF74,50,C,-0.031476,-0.108,+0.0765
Co-MOF74,51,H,0.049456,0.083,-0.0335
Co-MOF74,52,O,-0.355872,-0.473,+0.1171
Co-MOF74,53,O,-0.475369,-0.586,+0.1106
Co-MOF74,54,O,-0.501225,-0.532,+0.0308
Co-MOF74,55,Co,1.167611,1.164,+0.0036
Co-MOF74,56,C,0.112406,0.424,-0.3116
Co-MOF74,57,C,0.001879,-0.180,+0.1819
Co-MOF74,58,C,0.111232,0.423,-0.3118
Co-MOF74,59,C,0.001772,-0.180,+0.1818
Co-MOF74,60,C,0.033267,0.208,-0.1747
Co-MOF74,61,C,-0.031470,-0.108,+0.0765
Co-MOF74,62,H,0.049648,0.083,-0.0334
Co-MOF74,63,O,-0.356211,-0.473,+0.1168
Co-MOF74,64,O,-0.501421,-0.532,+0.0306
Co-MOF74,65,Co,1.167009,1.164,+0.0030
Co-MOF74,66,C,0.111324,0.423,-0.3117
Co-MOF74,67,C,0.001813,-0.180,+0.1818
Co-MOF74,68,C,0.111322,0.423,-0.3117
Co-MOF74,69,C,0.001903,-0.180,+0.1819
Co-MOF74,70,C,0.033639,0.209,-0.1754
Co-MOF74,71,C,-0.031471,-0.108,+0.0765
Co-MOF74,72,H,0.049451,0.083,-0.0335
Co-MOF74,73,O,-0.355721,-0.473,+0.1173
Co-MOF74,74,O,-0.475014,-0.586,+0.1110
Co-MOF74,75,O,-0.501208,-0.532,+0.0308
Co-MOF74,76,Co,1.167799,1.164,+0.0038
Co-MOF74,77,C,0.111249,0.423,-0.3118
Co-MOF74,78,C,0.001758,-0.180,+0.1818
Co-MOF74,79,C,0.033461,0.209,-0.1755
Co-MOF74,80,C,-0.031450,-0.108,+0.0765
Co-MOF74,81,H,0.049571,0.083,-0.0334
Co-MOF74,82,O,-0.356141,-0.473,+0.1169
Co-MOF74,83,O,-0.501290,-0.532,+0.0307
Co-MOF74,84,Co,1.167224,1.164,+0.0032
Co-MOF74,85,C,0.111644,0.423,-0.3114
Co-MOF74,86,C,0.001823,-0.180,+0.1818
Co-MOF74,87,C,0.111262,0.423,-0.3117
Co-MOF74,88,C,0.001741,-0.180,+0.1817
Co-MOF74,89,C,0.033622,0.209,-0.1754
Co-MOF74,90,C,-0.031515,-0.108,+0.0765
Co-MOF74,91,H,0.049339,0.083,-0.0337
Co-MOF74,92,O,-0.355718,-0.473,+0.1173
Co-MOF74,93,O,-0.474900,-0.586,+0.1111
Co-MOF74,94,O,-0.501237,-0.532,+0.0308
Co-MOF74,95,Co,1.167798,1.164,+0.0038
Co-MOF74,96,C,0.111195,0.423,-0.3118
Co-MOF74,97,C,0.001754,-0.180,+0.1818
Co-MOF74,98,C,0.033130,0.208,-0.1749
Co-MOF74,99,C,-0.031457,-0.108,+0.0765
Co-MOF74,100,H,0.049654,0.083,-0.0333
Co-MOF74,101,O,-0.356441,-0.474,+0.1176
Co-MOF74,102,O,-0.501463,-0.532,+0.0305
Co-MOF74,103,Co,1.166732,1.164,+0.0027
Co-MOF74,104,C,0.112407,0.424,-0.3116
Co-MOF74,105,C,0.001876,-0.180,+0.1819
Co-MOF74,106,C,0.111322,0.423,-0.3117
Co-MOF74,107,C,0.002011,-0.180,+0.1820
Co-MOF74,108,C,0.033643,0.209,-0.1754
Co-MOF74,109,C,-0.031477,-0.108,+0.0765
Co-MOF74,110,H,0.049455,0.083,-0.0335
Co-MOF74,111,O,-0.355872,-0.473,+0.1171
Co-MOF74,112,O,-0.475369,-0.586,+0.1106
Co-MOF74,113,O,-0.501225,-0.532,+0.0308
Co-MOF74,114,Co,1.167610,1.164,+0.0036
Co-MOF74,115,C,0.033701,0.209,-0.1753
Co-MOF74,116,C,-0.031282,-0.108,+0.0767
Co-MOF74,117,H,0.049797,0.083,-0.0332
Co-MOF74,118,O,-0.356085,-0.473,+0.1169
Co-MOF74,119,O,-0.475288,-0.586,+0.1107
Co-MOF74,120,O,-0.500969,-0.532,+0.0310
Co-MOF74,121,Co,1.167562,1.164,+0.0036
Co-MOF74,122,C,0.033811,0.209,-0.1752
Co-MOF74,123,C,-0.031054,-0.108,+0.0769
Co-MOF74,124,H,0.050181,0.083,-0.0328
Co-MOF74,125,O,-0.475268,-0.586,+0.1107
Co-MOF74,126,O,-0.500355,-0.531,+0.0306
Co-MOF74,127,C,0.033748,0.209,-0.1753
Co-MOF74,128,C,-0.031279,-0.108,+0.0767
Co-MOF74,129,H,0.049800,0.083,-0.0332
Co-MOF74,130,O,-0.475289,-0.586,+0.1107
Co-MOF74,131,O,-0.500670,-0.531,+0.0303
Co-MOF74,132,C,0.033697,0.209,-0.1753
Co-MOF74,133,C,-0.031279,-0.108,+0.0767
Co-MOF74,134,H,0.049797,0.083,-0.0332
Co-MOF74,135,O,-0.356083,-0.473,+0.1169
Co-MOF74,136,O,-0.475288,-0.586,+0.1107
Co-MOF74,137,O,-0.500968,-0.532,+0.0310
Co-MOF74,138,Co,1.167562,1.164,+0.0036
Co-MOF74,139,C,0.033806,0.209,-0.1752
Co-MOF74,140,C,-0.031055,-0.108,+0.0769
Co-MOF74,141,H,0.050182,0.083,-0.0328
Co-MOF74,142,O,-0.475274,-0.586,+0.1107
Co-MOF74,143,O,-0.500372,-0.531,+0.0306
Co-MOF74,144,C,0.033747,0.209,-0.1753
Co-MOF74,145,C,-0.031281,-0.108,+0.0767
Co-MOF74,146,H,0.049799,0.083,-0.0332
Co-MOF74,147,O,-0.475277,-0.586,+0.1107
Co-MOF74,148,O,-0.500673,-0.531,+0.0303
Co-MOF74,149,O,-0.356407,-0.473,+0.1166
Co-MOF74,150,Co,1.167447,1.164,+0.0034
Co-MOF74,151,O,-0.357200,-0.474,+0.1168
Co-MOF74,152,Co,1.167418,1.164,+0.0034
Co-MOF74,153,O,-0.356392,-0.473,+0.1166
Co-MOF74,154,Co,1.167447,1.164,+0.0034
Co-MOF74,155,O,-0.357218,-0.474,+0.1168
Co-MOF74,156,Co,1.167414,1.164,+0.0034
Co-MOF74,157,O,-0.475431,-0.586,+0.1106
Co-MOF74,158,O,-0.475075,-0.585,+0.1099
Co-MOF74,159,O,-0.475202,-0.586,+0.1108
Co-MOF74,160,O,-0.475410,-0.586,+0.1106
Co-MOF74,161,O,-0.475076,-0.585,+0.1099
Co-MOF74,162,O,-0.475196,-0.586,+0.1108
HKUST-1,1,C,0.019068,-0.104,+0.1231
HKUST-1,2,C,0.030811,-0.054,+0.0848
HKUST-1,3,C,0.006924,-0.167,+0.1739
HKUST-1,4,C,0.016802,-0.133,+0.1498
HKUST-1,5,C,0.019068,-0.104,+0.1231
HKUST-1,6,C,0.030811,-0.054,+0.0848
HKUST-1,7,C,0.006924,-0.167,+0.1739
HKUST-1,8,C,0.016802,-0.133,+0.1498
HKUST-1,9,C,0.019068,-0.104,+0.1231
HKUST-1,10,C,0.030811,-0.054,+0.0848
HKUST-1,11,C,0.006924,-0.167,+0.1739
HKUST-1,12,C,0.016802,-0.133,+0.1498
HKUST-1,13,C,0.005995,-0.175,+0.1810
HKUST-1,14,C,0.017732,-0.125,+0.1427
HKUST-1,15,C,0.019998,-0.096,+0.1160
HKUST-1,16,C,0.029880,-0.062,+0.0919
HKUST-1,17,C,0.029880,-0.062,+0.0919
HKUST-1,18,C,0.019998,-0.096,+0.1160
HKUST-1,19,C,0.017732,-0.125,+0.1427
HKUST-1,20,C,0.005995,-0.175,+0.1810
HKUST-1,21,C,0.019998,-0.096,+0.1160
HKUST-1,22,C,0.029880,-0.062,+0.0919
HKUST-1,23,C,0.005995,-0.175,+0.1810
HKUST-1,24,C,0.017732,-0.125,+0.1427
HKUST-1,25,C,0.017732,-0.125,+0.1427
HKUST-1,26,C,0.005995,-0.175,+0.1810
HKUST-1,27,C,0.029880,-0.062,+0.0919
HKUST-1,28,C,0.019998,-0.096,+0.1160
HKUST-1,29,C,0.017732,-0.125,+0.1427
HKUST-1,30,C,0.005995,-0.175,+0.1810
HKUST-1,31,C,0.029880,-0.062,+0.0919
HKUST-1,32,C,0.019998,-0.096,+0.1160
HKUST-1,33,C,0.017732,-0.125,+0.1427
HKUST-1,34,C,0.005995,-0.175,+0.1810
HKUST-1,35,C,0.029880,-0.062,+0.0919
HKUST-1,36,C,0.019998,-0.096,+0.1160
HKUST-1,37,C,0.030811,-0.054,+0.0848
HKUST-1,38,C,0.019068,-0.104,+0.1231
HKUST-1,39,C,0.016802,-0.133,+0.1498
HKUST-1,40,C,0.006924,-0.167,+0.1739
HKUST-1,41,C,0.006924,-0.167,+0.1739
HKUST-1,42,C,0.016802,-0.133,+0.1498
HKUST-1,43,C,0.019068,-0.104,+0.1231
HKUST-1,44,C,0.030811,-0.054,+0.0848
HKUST-1,45,C,0.016802,-0.133,+0.1498
HKUST-1,46,C,0.006924,-0.167,+0.1739
HKUST-1,47,C,0.030811,-0.054,+0.0848
HKUST-1,48,C,0.019068,-0.104,+0.1231
HKUST-1,49,C,0.019908,-0.124,+0.1439
HKUST-1,50,C,0.019908,-0.124,+0.1439
HKUST-1,51,C,0.021060,-0.111,+0.1321
HKUST-1,52,C,0.019082,-0.128,+0.1471
HKUST-1,53,C,0.020261,-0.119,+0.1393
HKUST-1,54,C,0.020261,-0.119,+0.1393
HKUST-1,55,C,0.009508,-0.157,+0.1665
HKUST-1,56,C,0.031320,-0.073,+0.1043
HKUST-1,57,C,0.020412,-0.115,+0.1354
HKUST-1,58,C,0.020412,-0.115,+0.1354
HKUST-1,59,C,0.009358,-0.161,+0.1704
HKUST-1,60,C,0.031168,-0.077,+0.1082
HKUST-1,61,C,0.018919,-0.132,+0.1509
HKUST-1,62,C,0.020897,-0.115,+0.1359
HKUST-1,63,C,0.020071,-0.120,+0.1401
HKUST-1,64,C,0.020071,-0.120,+0.1401
HKUST-1,65,C,0.020071,-0.120,+0.1401
HKUST-1,66,C,0.020071,-0.120,+0.1401
HKUST-1,67,C,0.018919,-0.132,+0.1509
HKUST-1,68,C,0.020897,-0.115,+0.1359
HKUST-1,69,C,0.020412,-0.115,+0.1354
HKUST-1,70,C,0.020412,-0.115,+0.1354
HKUST-1,71,C,0.031168,-0.077,+0.1082
HKUST-1,72,C,0.009358,-0.161,+0.1704
HKUST-1,73,C,0.020261,-0.119,+0.1393
HKUST-1,74,C,0.020261,-0.119,+0.1393
HKUST-1,75,C,0.031320,-0.073,+0.1043
HKUST-1,76,C,0.009508,-0.157,+0.1665
HKUST-1,77,C,0.021060,-0.111,+0.1321
HKUST-1,78,C,0.019082,-0.128,+0.1471
HKUST-1,79,C,0.019908,-0.124,+0.1439
HKUST-1,80,C,0.019908,-0.124,+0.1439
HKUST-1,81,C,0.019908,-0.124,+0.1439
HKUST-1,82,C,0.019908,-0.124,+0.1439
HKUST-1,83,C,0.021060,-0.111,+0.1321
HKUST-1,84,C,0.019082,-0.128,+0.1471
HKUST-1,85,C,0.009358,-0.161,+0.1704
HKUST-1,86,C,0.031168,-0.077,+0.1082
HKUST-1,87,C,0.020412,-0.115,+0.1354
HKUST-1,88,C,0.020412,-0.115,+0.1354
HKUST-1,89,C,0.020071,-0.120,+0.1401
HKUST-1,90,C,0.020071,-0.120,+0.1401
HKUST-1,91,C,0.018919,-0.132,+0.1509
HKUST-1,92,C,0.020897,-0.115,+0.1359
HKUST-1,93,C,0.031320,-0.073,+0.1043
HKUST-1,94,C,0.009508,-0.157,+0.1665
HKUST-1,95,C,0.020261,-0.119,+0.1393
HKUST-1,96,C,0.020261,-0.119,+0.1393
HKUST-1,97,C,0.149411,0.366,-0.2166
HKUST-1,98,C,0.159014,0.353,-0.1940
HKUST-1,99,C,0.099501,0.387,-0.2875
HKUST-1,100,C,0.107838,0.383,-0.2752
HKUST-1,101,C,0.149411,0.366,-0.2166
HKUST-1,102,C,0.159014,0.353,-0.1940
HKUST-1,103,C,0.099501,0.387,-0.2875
HKUST-1,104,C,0.107838,0.383,-0.2752
HKUST-1,105,C,0.149411,0.366,-0.2166
HKUST-1,106,C,0.159014,0.353,-0.1940
HKUST-1,107,C,0.099501,0.387,-0.2875
HKUST-1,108,C,0.107838,0.383,-0.2752
HKUST-1,109,C,0.098879,0.392,-0.2931
HKUST-1,110,C,0.108461,0.379,-0.2705
HKUST-1,111,C,0.150041,0.361,-0.2110
HKUST-1,112,C,0.158383,0.357,-0.1986
HKUST-1,113,C,0.158383,0.357,-0.1986
HKUST-1,114,C,0.150041,0.361,-0.2110
HKUST-1,115,C,0.108461,0.379,-0.2705
HKUST-1,116,C,0.098879,0.392,-0.2931
HKUST-1,117,C,0.150041,0.361,-0.2110
HKUST-1,118,C,0.158383,0.357,-0.1986
HKUST-1,119,C,0.098879,0.392,-0.2931
HKUST-1,120,C,0.108461,0.379,-0.2705
HKUST-1,121,C,0.108461,0.379,-0.2705
HKUST-1,122,C,0.098879,0.392,-0.2931
HKUST-1,123,C,0.158383,0.357,-0.1986
HKUST-1,124,C,0.150041,0.361,-0.2110
HKUST-1,125,C,0.108461,0.379,-0.2705
HKUST-1,126,C,0.098879,0.392,-0.2931
HKUST-1,127,C,0.158383,0.357,-0.1986
HKUST-1,128,C,0.150041,0.361,-0.2110
HKUST-1,129,C,0.108461,0.379,-0.2705
HKUST-1,130,C,0.098879,0.392,-0.2931
HKUST-1,131,C,0.158383,0.357,-0.1986
HKUST-1,132,C,0.150041,0.361,-0.2110
HKUST-1,133,C,0.159014,0.353,-0.1940
HKUST-1,134,C,0.149411,0.366,-0.2166
HKUST-1,135,C,0.107838,0.383,-0.2752
HKUST-1,136,C,0.099501,0.387,-0.2875
HKUST-1,137,C,0.099501,0.387,-0.2875
HKUST-1,138,C,0.107838,0.383,-0.2752
HKUST-1,139,C,0.149411,0.366,-0.2166
HKUST-1,140,C,0.159014,0.353,-0.1940
HKUST-1,141,C,0.107838,0.383,-0.2752
HKUST-1,142,C,0.099501,0.387,-0.2875
HKUST-1,143,C,0.159014,0.353,-0.1940
HKUST-1,144,C,0.149411,0.366,-0.2166
HKUST-1,145,C,0.126174,0.383,-0.2568
HKUST-1,146,C,0.126174,0.383,-0.2568
HKUST-1,147,C,0.126988,0.377,-0.2500
HKUST-1,148,C,0.125540,0.386,-0.2605
HKUST-1,149,C,0.126195,0.380,-0.2538
HKUST-1,150,C,0.126195,0.380,-0.2538
HKUST-1,151,C,0.117170,0.387,-0.2698
HKUST-1,152,C,0.135393,0.371,-0.2356
HKUST-1,153,C,0.126280,0.379,-0.2527
HKUST-1,154,C,0.126280,0.379,-0.2527
HKUST-1,155,C,0.117085,0.389,-0.2719
HKUST-1,156,C,0.135308,0.372,-0.2367
HKUST-1,157,C,0.125450,0.387,-0.2615
HKUST-1,158,C,0.126898,0.378,-0.2511
HKUST-1,159,C,0.126264,0.381,-0.2547
HKUST-1,160,C,0.126264,0.381,-0.2547
HKUST-1,161,C,0.126264,0.381,-0.2547
HKUST-1,162,C,0.126264,0.381,-0.2547
HKUST-1,163,C,0.125450,0.387,-0.2615
HKUST-1,164,C,0.126898,0.378,-0.2511
HKUST-1,165,C,0.126280,0.379,-0.2527
HKUST-1,166,C,0.126280,0.379,-0.2527
HKUST-1,167,C,0.135308,0.372,-0.2367
HKUST-1,168,C,0.117085,0.389,-0.2719
HKUST-1,169,C,0.126195,0.380,-0.2538
HKUST-1,170,C,0.126195,0.380,-0.2538
HKUST-1,171,C,0.135393,0.371,-0.2356
HKUST-1,172,C,0.117170,0.387,-0.2698
HKUST-1,173,C,0.126988,0.377,-0.2500
HKUST-1,174,C,0.125540,0.386,-0.2605
HKUST-1,175,C,0.126174,0.383,-0.2568
HKUST-1,176,C,0.126174,0.383,-0.2568
HKUST-1,177,C,0.126174,0.383,-0.2568
HKUST-1,178,C,0.126174,0.383,-0.2568
HKUST-1,179,C,0.126988,0.377,-0.2500
HKUST-1,180,C,0.125540,0.386,-0.2605
HKUST-1,181,C,0.117085,0.389,-0.2719
HKUST-1,182,C,0.135308,0.372,-0.2367
HKUST-1,183,C,0.126280,0.379,-0.2527
HKUST-1,184,C,0.126280,0.379,-0.2527
HKUST-1,185,C,0.126264,0.381,-0.2547
HKUST-1,186,C,0.126264,0.381,-0.2547
HKUST-1,187,C,0.125450,0.387,-0.2615
HKUST-1,188,C,0.126898,0.378,-0.2511
HKUST-1,189,C,0.135393,0.371,-0.2356
HKUST-1,190,C,0.117170,0.387,-0.2698
HKUST-1,191,C,0.126195,0.380,-0.2538
HKUST-1,192,C,0.126195,0.380,-0.2538
HKUST-1,193,C,-0.011622,0.059,-0.0706
HKUST-1,194,C,-0.002680,0.035,-0.0377
HKUST-1,195,C,-0.033106,0.082,-0.1151
HKUST-1,196,C,-0.024552,0.067,-0.0916
HKUST-1,197,C,-0.011622,0.059,-0.0706
HKUST-1,198,C,-0.002680,0.035,-0.0377
HKUST-1,199,C,-0.033106,0.082,-0.1151
HKUST-1,200,C,-0.024552,0.067,-0.0916
HKUST-1,201,C,-0.011622,0.059,-0.0706
HKUST-1,202,C,-0.002680,0.035,-0.0377
HKUST-1,203,C,-0.033106,0.082,-0.1151
HKUST-1,204,C,-0.024552,0.067,-0.0916
HKUST-1,205,C,-0.033296,0.087,-0.1203
HKUST-1,206,C,-0.024362,0.062,-0.0864
HKUST-1,207,C,-0.011431,0.054,-0.0654
HKUST-1,208,C,-0.002872,0.039,-0.0419
HKUST-1,209,C,-0.002872,0.039,-0.0419
HKUST-1,210,C,-0.011431,0.054,-0.0654
HKUST-1,211,C,-0.024362,0.062,-0.0864
HKUST-1,212,C,-0.033296,0.087,-0.1203
HKUST-1,213,C,-0.011431,0.054,-0.0654
HKUST-1,214,C,-0.002872,0.039,-0.0419
HKUST-1,215,C,-0.033296,0.087,-0.1203
HKUST-1,216,C,-0.024362,0.062,-0.0864
HKUST-1,217,C,-0.024362,0.062,-0.0864
HKUST-1,218,C,-0.033296,0.087,-0.1203
HKUST-1,219,C,-0.002872,0.039,-0.0419
HKUST-1,220,C,-0.011431,0.054,-0.0654
HKUST-1,221,C,-0.024362,0.062,-0.0864
HKUST-1,222,C,-0.033296,0.087,-0.1203
HKUST-1,223,C,-0.002872,0.039,-0.0419
HKUST-1,224,C,-0.011431,0.054,-0.0654
HKUST-1,225,C,-0.024362,0.062,-0.0864
HKUST-1,226,C,-0.033296,0.087,-0.1203
HKUST-1,227,C,-0.002872,0.039,-0.0419
HKUST-1,228,C,-0.011431,0.054,-0.0654
HKUST-1,229,C,-0.002680,0.035,-0.0377
HKUST-1,230,C,-0.011622,0.059,-0.0706
HKUST-1,231,C,-0.024552,0.067,-0.0916
HKUST-1,232,C,-0.033106,0.082,-0.1151
HKUST-1,233,C,-0.033106,0.082,-0.1151
HKUST-1,234,C,-0.024552,0.067,-0.0916
HKUST-1,235,C,-0.011622,0.059,-0.0706
HKUST-1,236,C,-0.002680,0.035,-0.0377
HKUST-1,237,C,-0.024552,0.067,-0.0916
HKUST-1,238,C,-0.033106,0.082,-0.1151
HKUST-1,239,C,-0.002680,0.035,-0.0377
HKUST-1,240,C,-0.011622,0.059,-0.0706
HKUST-1,241,C,-0.016419,0.067,-0.0834
HKUST-1,242,C,-0.020078,0.069,-0.0891
HKUST-1,243,C,-0.015992,0.058,-0.0740
HKUST-1,244,C,-0.020078,0.069,-0.0891
HKUST-1,245,C,0.005591,0.029,-0.0234
HKUST-1,246,C,-0.019649,0.063,-0.0826
HKUST-1,247,C,-0.037458,0.084,-0.1215
HKUST-1,248,C,-0.019649,0.063,-0.0826
HKUST-1,249,C,-0.020291,0.074,-0.0943
HKUST-1,250,C,-0.016206,0.063,-0.0792
HKUST-1,251,C,-0.019864,0.065,-0.0849
HKUST-1,252,C,-0.016206,0.063,-0.0792
HKUST-1,253,C,-0.015938,0.056,-0.0719
HKUST-1,254,C,0.001877,0.035,-0.0331
HKUST-1,255,C,-0.015938,0.056,-0.0719
HKUST-1,256,C,-0.041165,0.091,-0.1322
HKUST-1,257,C,-0.019864,0.065,-0.0849
HKUST-1,258,C,-0.016206,0.063,-0.0792
HKUST-1,259,C,-0.020291,0.074,-0.0943
HKUST-1,260,C,-0.016206,0.063,-0.0792
HKUST-1,261,C,-0.041165,0.091,-0.1322
HKUST-1,262,C,-0.015938,0.056,-0.0719
HKUST-1,263,C,0.001877,0.035,-0.0331
HKUST-1,264,C,-0.015938,0.056,-0.0719
HKUST-1,265,C,-0.015992,0.058,-0.0740
HKUST-1,266,C,-0.020078,0.069,-0.0891
HKUST-1,267,C,-0.016419,0.067,-0.0834
HKUST-1,268,C,-0.020078,0.069,-0.0891
HKUST-1,269,C,-0.019649,0.063,-0.0826
HKUST-1,270,C,-0.037458,0.084,-0.1215
HKUST-1,271,C,-0.019649,0.063,-0.0826
HKUST-1,272,C,0.005591,0.029,-0.0234
HKUST-1,273,C,0.005591,0.029,-0.0234
HKUST-1,274,C,-0.019649,0.063,-0.0826
HKUST-1,275,C,-0.037458,0.084,-0.1215
HKUST-1,276,C,-0.019649,0.063,-0.0826
HKUST-1,277,C,-0.016206,0.063,-0.0792
HKUST-1,278,C,-0.019864,0.065,-0.0849
HKUST-1,279,C,-0.016206,0.063,-0.0792
HKUST-1,280,C,-0.020291,0.074,-0.0943
HKUST-1,281,C,-0.041165,0.091,-0.1322
HKUST-1,282,C,-0.015938,0.056,-0.0719
HKUST-1,283,C,0.001877,0.035,-0.0331
HKUST-1,284,C,-0.015938,0.056,-0.0719
HKUST-1,285,C,-0.020078,0.069,-0.0891
HKUST-1,286,C,-0.016419,0.067,-0.0834
HKUST-1,287,C,-0.020078,0.069,-0.0891
HKUST-1,288,C,-0.015992,0.058,-0.0740
HKUST-1,289,Cu,0.815405,0.825,-0.0096
HKUST-1,290,Cu,0.815833,0.825,-0.0092
HKUST-1,291,Cu,0.815619,0.825,-0.0094
HKUST-1,292,Cu,0.815619,0.825,-0.0094
HKUST-1,293,Cu,0.815405,0.825,-0.0096
HKUST-1,294,Cu,0.815833,0.825,-0.0092
HKUST-1,295,Cu,0.815619,0.825,-0.0094
HKUST-1,296,Cu,0.815619,0.825,-0.0094
HKUST-1,297,Cu,0.815405,0.825,-0.0096
HKUST-1,298,Cu,0.815833,0.825,-0.0092
HKUST-1,299,Cu,0.815619,0.825,-0.0094
HKUST-1,300,Cu,0.815619,0.825,-0.0094
HKUST-1,301,Cu,0.903136,0.914,-0.0109
HKUST-1,302,Cu,0.893570,0.904,-0.0104
HKUST-1,303,Cu,0.903583,0.914,-0.0104
HKUST-1,304,Cu,0.893123,0.903,-0.0099
HKUST-1,305,Cu,0.825835,0.836,-0.0102
HKUST-1,306,Cu,0.806921,0.816,-0.0091
HKUST-1,307,Cu,0.816376,0.826,-0.0096
HKUST-1,308,Cu,0.816376,0.826,-0.0096
HKUST-1,309,Cu,0.903136,0.914,-0.0109
HKUST-1,310,Cu,0.893570,0.904,-0.0104
HKUST-1,311,Cu,0.893123,0.903,-0.0099
HKUST-1,312,Cu,0.903583,0.914,-0.0104
HKUST-1,313,Cu,0.903136,0.914,-0.0109
HKUST-1,314,Cu,0.893570,0.904,-0.0104
HKUST-1,315,Cu,0.893123,0.903,-0.0099
HKUST-1,316,Cu,0.903583,0.914,-0.0104
HKUST-1,317,Cu,0.903136,0.914,-0.0109
HKUST-1,318,Cu,0.893570,0.904,-0.0104
HKUST-1,319,Cu,0.903583,0.914,-0.0104
HKUST-1,320,Cu,0.893123,0.903,-0.0099
HKUST-1,321,Cu,0.825835,0.836,-0.0102
HKUST-1,322,Cu,0.806921,0.816,-0.0091
HKUST-1,323,Cu,0.816376,0.826,-0.0096
HKUST-1,324,Cu,0.816376,0.826,-0.0096
HKUST-1,325,Cu,0.825835,0.836,-0.0102
HKUST-1,326,Cu,0.806921,0.816,-0.0091
HKUST-1,327,Cu,0.816376,0.826,-0.0096
HKUST-1,328,Cu,0.816376,0.826,-0.0096
HKUST-1,329,Cu,0.903136,0.914,-0.0109
HKUST-1,330,Cu,0.893570,0.904,-0.0104
HKUST-1,331,Cu,0.893123,0.903,-0.0099
HKUST-1,332,Cu,0.903583,0.914,-0.0104
HKUST-1,333,Cu,0.903136,0.914,-0.0109
HKUST-1,334,Cu,0.893570,0.904,-0.0104
HKUST-1,335,Cu,0.903583,0.914,-0.0104
HKUST-1,336,Cu,0.893123,0.903,-0.0099
HKUST-1,337,H,0.071894,0.059,+0.0129
HKUST-1,338,H,0.076652,0.075,+0.0017
HKUST-1,339,H,0.044132,0.015,+0.0291
HKUST-1,340,H,0.048470,0.028,+0.0205
HKUST-1,341,H,0.071894,0.059,+0.0129
HKUST-1,342,H,0.076652,0.075,+0.0017
HKUST-1,343,H,0.044132,0.015,+0.0291
HKUST-1,344,H,0.048470,0.028,+0.0205
HKUST-1,345,H,0.071894,0.059,+0.0129
HKUST-1,346,H,0.076652,0.075,+0.0017
HKUST-1,347,H,0.044132,0.015,+0.0291
HKUST-1,348,H,0.048470,0.028,+0.0205
HKUST-1,349,H,0.043925,0.014,+0.0299
HKUST-1,350,H,0.048677,0.030,+0.0187
HKUST-1,351,H,0.072102,0.061,+0.0111
HKUST-1,352,H,0.076444,0.073,+0.0034
HKUST-1,353,H,0.076444,0.073,+0.0034
HKUST-1,354,H,0.072102,0.061,+0.0111
HKUST-1,355,H,0.048677,0.030,+0.0187
HKUST-1,356,H,0.043925,0.014,+0.0299
HKUST-1,357,H,0.072102,0.061,+0.0111
HKUST-1,358,H,0.076444,0.073,+0.0034
HKUST-1,359,H,0.043925,0.014,+0.0299
HKUST-1,360,H,0.048677,0.030,+0.0187
HKUST-1,361,H,0.048677,0.030,+0.0187
HKUST-1,362,H,0.043925,0.014,+0.0299
HKUST-1,363,H,0.076444,0.073,+0.0034
HKUST-1,364,H,0.072102,0.061,+0.0111
HKUST-1,365,H,0.048677,0.030,+0.0187
HKUST-1,366,H,0.043925,0.014,+0.0299
HKUST-1,367,H,0.076444,0.073,+0.0034
HKUST-1,368,H,0.072102,0.061,+0.0111
HKUST-1,369,H,0.048677,0.030,+0.0187
HKUST-1,370,H,0.043925,0.014,+0.0299
HKUST-1,371,H,0.076444,0.073,+0.0034
HKUST-1,372,H,0.072102,0.061,+0.0111
HKUST-1,373,H,0.076652,0.075,+0.0017
HKUST-1,374,H,0.071894,0.059,+0.0129
HKUST-1,375,H,0.048470,0.028,+0.0205
HKUST-1,376,H,0.044132,0.015,+0.0291
HKUST-1,377,H,0.044132,0.015,+0.0291
HKUST-1,378,H,0.048470,0.028,+0.0205
HKUST-1,379,H,0.071894,0.059,+0.0129
HKUST-1,380,H,0.076652,0.075,+0.0017
HKUST-1,381,H,0.048470,0.028,+0.0205
HKUST-1,382,H,0.044132,0.015,+0.0291
HKUST-1,383,H,0.076652,0.075,+0.0017
HKUST-1,384,H,0.071894,0.059,+0.0129
HKUST-1,385,H,0.064116,0.047,+0.0171
HKUST-1,386,H,0.055702,0.036,+0.0197
HKUST-1,387,H,0.064568,0.050,+0.0146
HKUST-1,388,H,0.055702,0.036,+0.0197
HKUST-1,389,H,0.092713,0.097,-0.0043
HKUST-1,390,H,0.056794,0.040,+0.0168
HKUST-1,391,H,0.037539,0.007,+0.0305
HKUST-1,392,H,0.056794,0.040,+0.0168
HKUST-1,393,H,0.055476,0.034,+0.0215
HKUST-1,394,H,0.064342,0.048,+0.0163
HKUST-1,395,H,0.055927,0.038,+0.0179
HKUST-1,396,H,0.064342,0.048,+0.0163
HKUST-1,397,H,0.065120,0.052,+0.0131
HKUST-1,398,H,0.084381,0.085,-0.0006
HKUST-1,399,H,0.065120,0.052,+0.0131
HKUST-1,400,H,0.029219,-0.006,+0.0352
HKUST-1,401,H,0.055927,0.038,+0.0179
HKUST-1,402,H,0.064342,0.048,+0.0163
HKUST-1,403,H,0.055476,0.034,+0.0215
HKUST-1,404,H,0.064342,0.048,+0.0163
HKUST-1,405,H,0.029219,-0.006,+0.0352
HKUST-1,406,H,0.065120,0.052,+0.0131
HKUST-1,407,H,0.084381,0.085,-0.0006
HKUST-1,408,H,0.065120,0.052,+0.0131
HKUST-1,409,H,0.064568,0.050,+0.0146
HKUST-1,410,H,0.055702,0.036,+0.0197
HKUST-1,411,H,0.064116,0.047,+0.0171
HKUST-1,412,H,0.055702,0.036,+0.0197
HKUST-1,413,H,0.056794,0.040,+0.0168
HKUST-1,414,H,0.037539,0.007,+0.0305
HKUST-1,415,H,0.056794,0.040,+0.0168
HKUST-1,416,H,0.092713,0.097,-0.0043
HKUST-1,417,H,0.092713,0.097,-0.0043
HKUST-1,418,H,0.056794,0.040,+0.0168
HKUST-1,419,H,0.037539,0.007,+0.0305
HKUST-1,420,H,0.056794,0.040,+0.0168
HKUST-1,421,H,0.064342,0.048,+0.0163
HKUST-1,422,H,0.055927,0.038,+0.0179
HKUST-1,423,H,0.064342,0.048,+0.0163
HKUST-1,424,H,0.055476,0.034,+0.0215
HKUST-1,425,H,0.029219,-0.006,+0.0352
HKUST-1,426,H,0.065120,0.052,+0.0131
HKUST-1,427,H,0.084381,0.085,-0.0006
HKUST-1,428,H,0.065120,0.052,+0.0131
HKUST-1,429,H,0.055702,0.036,+0.0197
HKUST-1,430,H,0.064116,0.047,+0.0171
HKUST-1,431,H,0.055702,0.036,+0.0197
HKUST-1,432,H,0.064568,0.050,+0.0146
HKUST-1,433,O,-0.245269,-0.324,+0.0787
HKUST-1,434,O,-0.241385,-0.313,+0.0716
HKUST-1,435,O,-0.359765,-0.463,+0.1032
HKUST-1,436,O,-0.355417,-0.456,+0.1006
HKUST-1,437,O,-0.245269,-0.324,+0.0787
HKUST-1,438,O,-0.241385,-0.313,+0.0716
HKUST-1,439,O,-0.359765,-0.463,+0.1032
HKUST-1,440,O,-0.355417,-0.456,+0.1006
HKUST-1,441,O,-0.245269,-0.324,+0.0787
HKUST-1,442,O,-0.241385,-0.313,+0.0716
HKUST-1,443,O,-0.359765,-0.463,+0.1032
HKUST-1,444,O,-0.355417,-0.456,+0.1006
HKUST-1,445,O,-0.359515,-0.465,+0.1055
HKUST-1,446,O,-0.355667,-0.454,+0.0983
HKUST-1,447,O,-0.245505,-0.323,+0.0775
HKUST-1,448,O,-0.241149,-0.315,+0.0739
HKUST-1,449,O,-0.241149,-0.315,+0.0739
HKUST-1,450,O,-0.245505,-0.323,+0.0775
HKUST-1,451,O,-0.355667,-0.454,+0.0983
HKUST-1,452,O,-0.359515,-0.465,+0.1055
HKUST-1,453,O,-0.245505,-0.323,+0.0775
HKUST-1,454,O,-0.241149,-0.315,+0.0739
HKUST-1,455,O,-0.359515,-0.465,+0.1055
HKUST-1,456,O,-0.355667,-0.454,+0.0983
HKUST-1,457,O,-0.355667,-0.454,+0.0983
HKUST-1,458,O,-0.359515,-0.465,+0.1055
HKUST-1,459,O,-0.241149,-0.315,+0.0739
HKUST-1,460,O,-0.245505,-0.323,+0.0775
HKUST-1,461,O,-0.355667,-0.454,+0.0983
HKUST-1,462,O,-0.359515,-0.465,+0.1055
HKUST-1,463,O,-0.241149,-0.315,+0.0739
HKUST-1,464,O,-0.245505,-0.323,+0.0775
HKUST-1,465,O,-0.355667,-0.454,+0.0983
HKUST-1,466,O,-0.359515,-0.465,+0.1055
HKUST-1,467,O,-0.241149,-0.315,+0.0739
HKUST-1,468,O,-0.245505,-0.323,+0.0775
HKUST-1,469,O,-0.241385,-0.313,+0.0716
HKUST-1,470,O,-0.245269,-0.324,+0.0787
HKUST-1,471,O,-0.355417,-0.456,+0.1006
HKUST-1,472,O,-0.359765,-0.463,+0.1032
HKUST-1,473,O,-0.359765,-0.463,+0.1032
HKUST-1,474,O,-0.355417,-0.456,+0.1006
HKUST-1,475,O,-0.245269,-0.324,+0.0787
HKUST-1,476,O,-0.241385,-0.313,+0.0716
HKUST-1,477,O,-0.355417,-0.456,+0.1006
HKUST-1,478,O,-0.359765,-0.463,+0.1032
HKUST-1,479,O,-0.241385,-0.313,+0.0716
HKUST-1,480,O,-0.245269,-0.324,+0.0787
HKUST-1,481,O,-0.312257,-0.405,+0.0927
HKUST-1,482,O,-0.323673,-0.417,+0.0933
HKUST-1,483,O,-0.312465,-0.403,+0.0905
HKUST-1,484,O,-0.323532,-0.418,+0.0945
HKUST-1,485,O,-0.225291,-0.296,+0.0707
HKUST-1,486,O,-0.260363,-0.340,+0.0796
HKUST-1,487,O,-0.363145,-0.467,+0.1039
HKUST-1,488,O,-0.349710,-0.450,+0.1003
HKUST-1,489,O,-0.307368,-0.399,+0.0916
HKUST-1,490,O,-0.327923,-0.421,+0.0931
HKUST-1,491,O,-0.332179,-0.430,+0.0978
HKUST-1,492,O,-0.303183,-0.389,+0.0858
HKUST-1,493,O,-0.307406,-0.399,+0.0916
HKUST-1,494,O,-0.327960,-0.420,+0.0920
HKUST-1,495,O,-0.332142,-0.430,+0.0979
HKUST-1,496,O,-0.303145,-0.390,+0.0869
HKUST-1,497,O,-0.323498,-0.419,+0.0955
HKUST-1,498,O,-0.312431,-0.403,+0.0906
HKUST-1,499,O,-0.323706,-0.417,+0.0933
HKUST-1,500,O,-0.312291,-0.405,+0.0927
HKUST-1,501,O,-0.249552,-0.327,+0.0774
HKUST-1,502,O,-0.236109,-0.310,+0.0739
HKUST-1,503,O,-0.338916,-0.437,+0.0981
HKUST-1,504,O,-0.373933,-0.480,+0.1061
HKUST-1,505,O,-0.323706,-0.417,+0.0933
HKUST-1,506,O,-0.312291,-0.405,+0.0927
HKUST-1,507,O,-0.323498,-0.419,+0.0955
HKUST-1,508,O,-0.312431,-0.403,+0.0906
HKUST-1,509,O,-0.373933,-0.480,+0.1061
HKUST-1,510,O,-0.338916,-0.437,+0.0981
HKUST-1,511,O,-0.236109,-0.310,+0.0739
HKUST-1,512,O,-0.249552,-0.327,+0.0774
HKUST-1,513,O,-0.327960,-0.420,+0.0920
HKUST-1,514,O,-0.307406,-0.399,+0.0916
HKUST-1,515,O,-0.303145,-0.390,+0.0869
HKUST-1,516,O,-0.332142,-0.430,+0.0979
HKUST-1,517,O,-0.327923,-0.421,+0.0931
HKUST-1,518,O,-0.307368,-0.399,+0.0916
HKUST-1,519,O,-0.303183,-0.389,+0.0858
HKUST-1,520,O,-0.332179,-0.430,+0.0978
HKUST-1,521,O,-0.312465,-0.403,+0.0905
HKUST-1,522,O,-0.323532,-0.418,+0.0945
HKUST-1,523,O,-0.312257,-0.405,+0.0927
HKUST-1,524,O,-0.323673,-0.417,+0.0933
HKUST-1,525,O,-0.349710,-0.450,+0.1003
HKUST-1,526,O,-0.363145,-0.467,+0.1039
HKUST-1,527,O,-0.260363,-0.340,+0.0796
HKUST-1,528,O,-0.225291,-0.296,+0.0707
HKUST-1,529,O,-0.307368,-0.399,+0.0916
HKUST-1,530,O,-0.327923,-0.421,+0.0931
HKUST-1,531,O,-0.332179,-0.430,+0.0978
HKUST-1,532,O,-0.303183,-0.389,+0.0858
HKUST-1,533,O,-0.312257,-0.405,+0.0927
HKUST-1,534,O,-0.323673,-0.417,+0.0933
HKUST-1,535,O,-0.312465,-0.403,+0.0905
HKUST-1,536,O,-0.323532,-0.418,+0.0945
HKUST-1,537,O,-0.225291,-0.296,+0.0707
HKUST-1,538,O,-0.260363,-0.340,+0.0796
HKUST-1,539,O,-0.363145,-0.467,+0.1039
HKUST-1,540,O,-0.349710,-0.450,+0.1003
HKUST-1,541,O,-0.312291,-0.405,+0.0927
HKUST-1,542,O,-0.323706,-0.417,+0.0933
HKUST-1,543,O,-0.312431,-0.403,+0.0906
HKUST-1,544,O,-0.323498,-0.419,+0.0955
HKUST-1,545,O,-0.236109,-0.310,+0.0739
HKUST-1,546,O,-0.249552,-0.327,+0.0774
HKUST-1,547,O,-0.373933,-0.480,+0.1061
HKUST-1,548,O,-0.338916,-0.437,+0.0981
HKUST-1,549,O,-0.332142,-0.430,+0.0979
HKUST-1,550,O,-0.303145,-0.390,+0.0869
HKUST-1,551,O,-0.307406,-0.399,+0.0916
HKUST-1,552,O,-0.327960,-0.420,+0.0920
HKUST-1,553,O,-0.327960,-0.420,+0.0920
HKUST-1,554,O,-0.307406,-0.399,+0.0916
HKUST-1,555,O,-0.303145,-0.390,+0.0869
HKUST-1,556,O,-0.332142,-0.430,+0.0979
HKUST-1,557,O,-0.323706,-0.417,+0.0933
HKUST-1,558,O,-0.312291,-0.405,+0.0927
HKUST-1,559,O,-0.323498,-0.419,+0.0955
HKUST-1,560,O,-0.312431,-0.403,+0.0906
HKUST-1,561,O,-0.373933,-0.480,+0.1061
HKUST-1,562,O,-0.338916,-0.437,+0.0981
HKUST-1,563,O,-0.236109,-0.310,+0.0739
HKUST-1,564,O,-0.249552,-0.327,+0.0774
HKUST-1,565,O,-0.323673,-0.417,+0.0933
HKUST-1,566,O,-0.312257,-0.405,+0.0927
HKUST-1,567,O,-0.323532,-0.418,+0.0945
HKUST-1,568,O,-0.312465,-0.403,+0.0905
HKUST-1,569,O,-0.363145,-0.467,+0.1039
HKUST-1,570,O,-0.349710,-0.450,+0.1003
HKUST-1,571,O,-0.225291,-0.296,+0.0707
HKUST-1,572,O,-0.260363,-0.340,+0.0796
HKUST-1,573,O,-0.303183,-0.389,+0.0858
HKUST-1,574,O,-0.332179,-0.430,+0.0978
HKUST-1,575,O,-0.327923,-0.421,+0.0931
HKUST-1,576,O,-0.307368,-0.399,+0.0916
HKUST-1,577,O,-0.225291,-0.296,+0.0707
HKUST-1,578,O,-0.260363,-0.340,+0.0796
HKUST-1,579,O,-0.363145,-0.467,+0.1039
HKUST-1,580,O,-0.349710,-0.450,+0.1003
HKUST-1,581,O,-0.307368,-0.399,+0.0916
HKUST-1,582,O,-0.327923,-0.421,+0.0931
HKUST-1,583,O,-0.332179,-0.430,+0.0978
HKUST-1,584,O,-0.303183,-0.389,+0.0858
HKUST-1,585,O,-0.312257,-0.405,+0.0927
HKUST-1,586,O,-0.323673,-0.417,+0.0933
HKUST-1,587,O,-0.312465,-0.403,+0.0905
HKUST-1,588,O,-0.323532,-0.418,+0.0945
HKUST-1,589,O,-0.338916,-0.437,+0.0981
HKUST-1,590,O,-0.373933,-0.480,+0.1061
HKUST-1,591,O,-0.249552,-0.327,+0.0774
HKUST-1,592,O,-0.236109,-0.310,+0.0739
HKUST-1,593,O,-0.303145,-0.390,+0.0869
HKUST-1,594,O,-0.332142,-0.430,+0.0979
HKUST-1,595,O,-0.327960,-0.420,+0.0920
HKUST-1,596,O,-0.307406,-0.399,+0.0916
HKUST-1,597,O,-0.312431,-0.403,+0.0906
HKUST-1,598,O,-0.323498,-0.419,+0.0955
HKUST-1,599,O,-0.312291,-0.405,+0.0927
HKUST-1,600,O,-0.323706,-0.417,+0.0933
HKUST-1,601,O,-0.373933,-0.480,+0.1061
HKUST-1,602,O,-0.338916,-0.437,+0.0981
HKUST-1,603,O,-0.236109,-0.310,+0.0739
HKUST-1,604,O,-0.249552,-0.327,+0.0774
HKUST-1,605,O,-0.327960,-0.420,+0.0920
HKUST-1,606,O,-0.307406,-0.399,+0.0916
HKUST-1,607,O,-0.303145,-0.390,+0.0869
HKUST-1,608,O,-0.332142,-0.430,+0.0979
HKUST-1,609,O,-0.323706,-0.417,+0.0933
HKUST-1,610,O,-0.312291,-0.405,+0.0927
HKUST-1,611,O,-0.323498,-0.419,+0.0955
HKUST-1,612,O,-0.312431,-0.403,+0.0906
HKUST-1,613,O,-0.260363,-0.340,+0.0796
HKUST-1,614,O,-0.225291,-0.296,+0.0707
HKUST-1,615,O,-0.349710,-0.450,+0.1003
HKUST-1,616,O,-0.363145,-0.467,+0.1039
HKUST-1,617,O,-0.332179,-0.430,+0.0978
HKUST-1,618,O,-0.303183,-0.389,+0.0858
HKUST-1,619,O,-0.307368,-0.399,+0.0916
HKUST-1,620,O,-0.327923,-0.421,+0.0931
HKUST-1,621,O,-0.323532,-0.418,+0.0945
HKUST-1,622,O,-0.312465,-0.403,+0.0905
HKUST-1,623,O,-0.323673,-0.417,+0.0933
HKUST-1,624,O,-0.312257,-0.405,+0.0927
IRMOF-1,1,Zn,1.212769,1.211,+0.0018
IRMOF-1,2,O,-0.993345,-0.968,-0.0253
IRMOF-1,3,O,-0.403713,-0.483,+0.0793
IRMOF-1,4,C,0.104749,0.320,-0.2153
IRMOF-1,5,C,0.025340,-0.065,+0.0903
IRMOF-1,6,C,-0.031171,-0.024,-0.0072
IRMOF-1,7,H,0.048363,0.053,-0.0046
IRMOF-1,8,Zn,1.212769,1.211,+0.0018
IRMOF-1,9,O,-0.993345,-0.968,-0.0253
IRMOF-1,10,O,-0.403713,-0.483,+0.0793
IRMOF-1,11,C,0.104749,0.320,-0.2153
IRMOF-1,12,C,0.025340,-0.065,+0.0903
IRMOF-1,13,C,-0.031171,-0.024,-0.0072
IRMOF-1,14,H,0.048363,0.053,-0.0046
IRMOF-1,15,Zn,1.212769,1.211,+0.0018
IRMOF-1,16,O,-0.993345,-0.968,-0.0253
IRMOF-1,17,O,-0.403713,-0.483,+0.0793
IRMOF-1,18,C,0.104749,0.320,-0.2153
IRMOF-1,19,C,0.025340,-0.065,+0.0903
IRMOF-1,20,C,-0.031171,-0.024,-0.0072
IRMOF-1,21,H,0.048363,0.053,-0.0046
IRMOF-1,22,Zn,1.212769,1.211,+0.0018
IRMOF-1,23,O,-0.993345,-0.968,-0.0253
IRMOF-1,24,O,-0.403713,-0.483,+0.0793
IRMOF-1,25,C,0.104749,0.320,-0.2153
IRMOF-1,26,C,0.025340,-0.065,+0.0903
IRMOF-1,27,C,-0.031171,-0.024,-0.0072
IRMOF-1,28,H,0.048363,0.053,-0.0046
IRMOF-1,29,Zn,1.212769,1.211,+0.0018
IRMOF-1,30,O,-0.403713,-0.483,+0.0793
IRMOF-1,31,C,0.104749,0.320,-0.2153
IRMOF-1,32,C,0.025340,-0.065,+0.0903
IRMOF-1,33,C,-0.031171,-0.024,-0.0072
IRMOF-1,34,H,0.048363,0.053,-0.0046
IRMOF-1,35,Zn,1.212769,1.211,+0.0018
IRMOF-1,36,O,-0.403713,-0.483,+0.0793
IRMOF-1,37,C,0.104749,0.320,-0.2153
IRMOF-1,38,C,0.025340,-0.065,+0.0903
IRMOF-1,39,C,-0.031171,-0.024,-0.0072
IRMOF-1,40,H,0.048363,0.053,-0.0046
IRMOF-1,41,Zn,1.212769,1.211,+0.0018
IRMOF-1,42,O,-0.403713,-0.483,+0.0793
IRMOF-1,43,C,0.104749,0.320,-0.2153
IRMOF-1,44,C,0.025340,-0.065,+0.0903
IRMOF-1,45,C,-0.031171,-0.024,-0.0072
IRMOF-1,46,H,0.048363,0.053,-0.0046
IRMOF-1,47,Zn,1.212769,1.211,+0.0018
IRMOF-1,48,O,-0.403713,-0.483,+0.0793
IRMOF-1,49,C,0.104749,0.320,-0.2153
IRMOF-1,50,C,0.025340,-0.065,+0.0903
IRMOF-1,51,C,-0.031171,-0.024,-0.0072
IRMOF-1,52,H,0.048363,0.053,-0.0046
IRMOF-1,53,Zn,1.212769,1.211,+0.0018
IRMOF-1,54,O,-0.403713,-0.483,+0.0793
IRMOF-1,55,C,0.104749,0.320,-0.2153
IRMOF-1,56,C,0.025340,-0.065,+0.0903
IRMOF-1,57,C,-0.031171,-0.024,-0.0072
IRMOF-1,58,H,0.048363,0.053,-0.0046
IRMOF-1,59,Zn,1.212769,1.211,+0.0018
IRMOF-1,60,O,-0.403713,-0.483,+0.0793
IRMOF-1,61,C,0.104749,0.320,-0.2153
IRMOF-1,62,C,0.025340,-0.065,+0.0903
IRMOF-1,63,C,-0.031171,-0.024,-0.0072
IRMOF-1,64,H,0.048363,0.053,-0.0046
IRMOF-1,65,Zn,1.212769,1.211,+0.0018
IRMOF-1,66,O,-0.403713,-0.483,+0.0793
IRMOF-1,67,C,0.104749,0.320,-0.2153
IRMOF-1,68,C,0.025340,-0.065,+0.0903
IRMOF-1,69,C,-0.031171,-0.024,-0.0072
IRMOF-1,70,H,0.048363,0.053,-0.0046
IRMOF-1,71,Zn,1.212769,1.211,+0.0018
IRMOF-1,72,O,-0.403713,-0.483,+0.0793
IRMOF-1,73,C,0.104749,0.320,-0.2153
IRMOF-1,74,C,0.025340,-0.065,+0.0903
IRMOF-1,75,C,-0.031171,-0.024,-0.0072
IRMOF-1,76,H,0.048363,0.053,-0.0046
IRMOF-1,77,Zn,1.212769,1.211,+0.0018
IRMOF-1,78,O,-0.993345,-0.968,-0.0253
IRMOF-1,79,O,-0.403713,-0.483,+0.0793
IRMOF-1,80,C,0.104749,0.320,-0.2153
IRMOF-1,81,C,0.025340,-0.065,+0.0903
IRMOF-1,82,C,-0.031171,-0.024,-0.0072
IRMOF-1,83,H,0.048363,0.053,-0.0046
IRMOF-1,84,Zn,1.212769,1.211,+0.0018
IRMOF-1,85,O,-0.993345,-0.968,-0.0253
IRMOF-1,86,O,-0.403713,-0.483,+0.0793
IRMOF-1,87,C,0.104749,0.320,-0.2153
IRMOF-1,88,C,0.025340,-0.065,+0.0903
IRMOF-1,89,C,-0.031171,-0.023,-0.0082
IRMOF-1,90,H,0.048363,0.054,-0.0056
IRMOF-1,91,Zn,1.212769,1.212,+0.0008
IRMOF-1,92,O,-0.993345,-0.967,-0.0263
IRMOF-1,93,O,-0.403713,-0.482,+0.0783
IRMOF-1,94,C,0.104749,0.321,-0.2163
IRMOF-1,95,C,0.025340,-0.064,+0.0893
IRMOF-1,96,C,-0.031171,-0.023,-0.0082
IRMOF-1,97,H,0.048363,0.054,-0.0056
IRMOF-1,98,Zn,1.212769,1.212,+0.0008
IRMOF-1,99,O,-0.993345,-0.967,-0.0263
IRMOF-1,100,O,-0.403713,-0.482,+0.0783
IRMOF-1,101,C,0.104749,0.321,-0.2163
IRMOF-1,102,C,0.025340,-0.064,+0.0893
IRMOF-1,103,C,-0.031171,-0.023,-0.0082
IRMOF-1,104,H,0.048363,0.054,-0.0056
IRMOF-1,105,Zn,1.212769,1.212,+0.0008
IRMOF-1,106,O,-0.403713,-0.482,+0.0783
IRMOF-1,107,C,0.104749,0.321,-0.2163
IRMOF-1,108,C,0.025340,-0.064,+0.0893
IRMOF-1,109,C,-0.031171,-0.023,-0.0082
IRMOF-1,110,H,0.048363,0.054,-0.0056
IRMOF-1,111,Zn,1.212769,1.212,+0.0008
IRMOF-1,112,O,-0.403713,-0.482,+0.0783
IRMOF-1,113,C,0.104749,0.321,-0.2163
IRMOF-1,114,C,0.025340,-0.064,+0.0893
IRMOF-1,115,C,-0.031171,-0.023,-0.0082
IRMOF-1,116,H,0.048363,0.054,-0.0056
IRMOF-1,117,Zn,1.212769,1.212,+0.0008
IRMOF-1,118,O,-0.403713,-0.482,+0.0783
IRMOF-1,119,C,0.104749,0.321,-0.2163
IRMOF-1,120,C,0.025340,-0.064,+0.0893
IRMOF-1,121,C,-0.031171,-0.023,-0.0082
IRMOF-1,122,H,0.048363,0.054,-0.0056
IRMOF-1,123,Zn,1.212769,1.212,+0.0008
IRMOF-1,124,O,-0.403713,-0.482,+0.0783
IRMOF-1,125,C,0.104749,0.321,-0.2163
IRMOF-1,126,C,0.025340,-0.064,+0.0893
IRMOF-1,127,C,-0.031171,-0.023,-0.0082
IRMOF-1,128,H,0.048363,0.054,-0.0056
IRMOF-1,129,Zn,1.212769,1.212,+0.0008
IRMOF-1,130,O,-0.403713,-0.482,+0.0783
IRMOF-1,131,C,0.104749,0.321,-0.2163
IRMOF-1,132,C,0.025340,-0.064,+0.0893
IRMOF-1,133,C,-0.031171,-0.023,-0.0082
IRMOF-1,134,H,0.048363,0.054,-0.0056
IRMOF-1,135,Zn,1.212769,1.212,+0.0008
IRMOF-1,136,O,-0.403713,-0.482,+0.0783
IRMOF-1,137,C,0.104749,0.321,-0.2163
IRMOF-1,138,C,0.025340,-0.064,+0.0893
IRMOF-1,139,C,-0.031171,-0.023,-0.0082
IRMOF-1,140,H,0.048363,0.054,-0.0056
IRMOF-1,141,Zn,1.212769,1.212,+0.0008
IRMOF-1,142,O,-0.403713,-0.482,+0.0783
IRMOF-1,143,C,0.104749,0.321,-0.2163
IRMOF-1,144,C,0.025340,-0.064,+0.0893
IRMOF-1,145,C,-0.031171,-0.023,-0.0082
IRMOF-1,146,H,0.048363,0.054,-0.0056
IRMOF-1,147,Zn,1.212769,1.212,+0.0008
IRMOF-1,148,O,-0.403713,-0.482,+0.0783
IRMOF-1,149,C,0.104749,0.321,-0.2163
IRMOF-1,150,C,0.025340,-0.064,+0.0893
IRMOF-1,151,C,-0.031171,-0.023,-0.0082
IRMOF-1,152,H,0.048363,0.054,-0.0056
IRMOF-1,153,O,-0.403713,-0.482,+0.0783
IRMOF-1,154,C,-0.031171,-0.023,-0.0082
IRMOF-1,155,H,0.048363,0.054,-0.0056
IRMOF-1,156,O,-0.403713,-0.482,+0.0783
IRMOF-1,157,C,-0.031171,-0.023,-0.0082
IRMOF-1,158,H,0.048363,0.054,-0.0056
IRMOF-1,159,O,-0.403713,-0.482,+0.0783
IRMOF-1,160,C,-0.031171,-0.023,-0.0082
IRMOF-1,161,H,0.048363,0.054,-0.0056
IRMOF-1,162,O,-0.403713,-0.482,+0.0783
IRMOF-1,163,C,-0.031171,-0.023,-0.0082
IRMOF-1,164,H,0.048363,0.054,-0.0056
IRMOF-1,165,O,-0.403713,-0.482,+0.0783
IRMOF-1,166,C,-0.031171,-0.023,-0.0082
IRMOF-1,167,H,0.048363,0.054,-0.0056
IRMOF-1,168,O,-0.403713,-0.482,+0.0783
IRMOF-1,169,C,-0.031171,-0.023,-0.0082
IRMOF-1,170,H,0.048363,0.054,-0.0056
IRMOF-1,171,O,-0.403713,-0.482,+0.0783
IRMOF-1,172,C,-0.031171,-0.023,-0.0082
IRMOF-1,173,H,0.048363,0.054,-0.0056
IRMOF-1,174,O,-0.403713,-0.482,+0.0783
IRMOF-1,175,C,-0.031171,-0.023,-0.0082
IRMOF-1,176,H,0.048363,0.054,-0.0056
IRMOF-1,177,O,-0.403713,-0.482,+0.0783
IRMOF-1,178,C,-0.031171,-0.023,-0.0082
IRMOF-1,179,H,0.048363,0.054,-0.0056
IRMOF-1,180,O,-0.403713,-0.482,+0.0783
IRMOF-1,181,C,-0.031171,-0.023,-0.0082
IRMOF-1,182,H,0.048363,0.054,-0.0056
IRMOF-1,183,O,-0.403713,-0.482,+0.0783
IRMOF-1,184,C,-0.031171,-0.023,-0.0082
IRMOF-1,185,H,0.048363,0.054,-0.0056
IRMOF-1,186,O,-0.403713,-0.482,+0.0783
IRMOF-1,187,C,-0.031171,-0.023,-0.0082
IRMOF-1,188,H,0.048363,0.054,-0.0056
IRMOF-1,189,O,-0.403713,-0.482,+0.0783
IRMOF-1,190,C,-0.031171,-0.023,-0.0082
IRMOF-1,191,H,0.048363,0.054,-0.0056
IRMOF-1,192,O,-0.403713,-0.482,+0.0783
IRMOF-1,193,C,-0.031171,-0.023,-0.0082
IRMOF-1,194,H,0.048363,0.054,-0.0056
IRMOF-1,195,O,-0.403713,-0.482,+0.0783
IRMOF-1,196,C,-0.031171,-0.023,-0.0082
IRMOF-1,197,H,0.048363,0.054,-0.0056
IRMOF-1,198,O,-0.403713,-0.482,+0.0783
IRMOF-1,199,C,-0.031171,-0.023,-0.0082
IRMOF-1,200,H,0.048363,0.054,-0.0056
IRMOF-1,201,O,-0.403713,-0.482,+0.0783
IRMOF-1,202,C,-0.031171,-0.023,-0.0082
IRMOF-1,203,H,0.048363,0.054,-0.0056
IRMOF-1,204,O,-0.403713,-0.482,+0.0783
IRMOF-1,205,C,-0.031171,-0.023,-0.0082
IRMOF-1,206,H,0.048363,0.054,-0.0056
IRMOF-1,207,O,-0.403713,-0.482,+0.0783
IRMOF-1,208,C,-0.031171,-0.023,-0.0082
IRMOF-1,209,H,0.048363,0.054,-0.0056
IRMOF-1,210,O,-0.403713,-0.482,+0.0783
IRMOF-1,211,C,-0.031171,-0.023,-0.0082
IRMOF-1,212,H,0.048363,0.054,-0.0056
IRMOF-1,213,O,-0.403713,-0.482,+0.0783
IRMOF-1,214,C,-0.031171,-0.023,-0.0082
IRMOF-1,215,H,0.048363,0.054,-0.0056
IRMOF-1,216,O,-0.403713,-0.482,+0.0783
IRMOF-1,217,C,-0.031171,-0.023,-0.0082
IRMOF-1,218,H,0.048363,0.054,-0.0056
IRMOF-1,219,O,-0.403713,-0.482,+0.0783
IRMOF-1,220,C,-0.031171,-0.023,-0.0082
IRMOF-1,221,H,0.048363,0.054,-0.0056
IRMOF-1,222,O,-0.403713,-0.482,+0.0783
IRMOF-1,223,C,-0.031171,-0.023,-0.0082
IRMOF-1,224,H,0.048363,0.054,-0.0056
IRMOF-1,225,Zn,1.212769,1.212,+0.0008
IRMOF-1,226,O,-0.403713,-0.482,+0.0783
IRMOF-1,227,C,0.104749,0.321,-0.2163
IRMOF-1,228,C,0.025340,-0.064,+0.0893
IRMOF-1,229,C,-0.031171,-0.023,-0.0082
IRMOF-1,230,H,0.048363,0.054,-0.0056
IRMOF-1,231,Zn,1.212769,1.212,+0.0008
IRMOF-1,232,O,-0.403713,-0.482,+0.0783
IRMOF-1,233,C,0.104749,0.321,-0.2163
IRMOF-1,234,C,0.025340,-0.064,+0.0893
IRMOF-1,235,C,-0.031171,-0.023,-0.0082
IRMOF-1,236,H,0.048363,0.054,-0.0056
IRMOF-1,237,Zn,1.212769,1.212,+0.0008
IRMOF-1,238,O,-0.403713,-0.482,+0.0783
IRMOF-1,239,C,0.104749,0.321,-0.2163
IRMOF-1,240,C,0.025340,-0.064,+0.0893
IRMOF-1,241,C,-0.031171,-0.023,-0.0082
IRMOF-1,242,H,0.048363,0.054,-0.0056
IRMOF-1,243,Zn,1.212769,1.212,+0.0008
IRMOF-1,244,O,-0.403713,-0.482,+0.0783
IRMOF-1,245,C,0.104749,0.321,-0.2163
IRMOF-1,246,C,0.025340,-0.064,+0.0893
IRMOF-1,247,C,-0.031171,-0.023,-0.0082
IRMOF-1,248,H,0.048363,0.054,-0.0056
IRMOF-1,249,O,-0.403713,-0.482,+0.0783
IRMOF-1,250,C,0.104749,0.321,-0.2163
IRMOF-1,251,C,0.025340,-0.064,+0.0893
IRMOF-1,252,C,-0.031171,-0.023,-0.0082
IRMOF-1,253,H,0.048363,0.054,-0.0056
IRMOF-1,254,O,-0.403713,-0.482,+0.0783
IRMOF-1,255,C,0.104749,0.321,-0.2163
IRMOF-1,256,C,0.025340,-0.064,+0.0893
IRMOF-1,257,C,-0.031171,-0.023,-0.0082
IRMOF-1,258,H,0.048363,0.054,-0.0056
IRMOF-1,259,O,-0.403713,-0.482,+0.0783
IRMOF-1,260,C,0.104749,0.321,-0.2163
IRMOF-1,261,C,0.025340,-0.064,+0.0893
IRMOF-1,262,C,-0.031171,-0.023,-0.0082
IRMOF-1,263,H,0.048363,0.054,-0.0056
IRMOF-1,264,O,-0.403713,-0.482,+0.0783
IRMOF-1,265,C,0.104749,0.321,-0.2163
IRMOF-1,266,C,0.025340,-0.064,+0.0893
IRMOF-1,267,C,-0.031171,-0.023,-0.0082
IRMOF-1,268,H,0.048363,0.054,-0.0056
IRMOF-1,269,O,-0.403713,-0.482,+0.0783
IRMOF-1,270,C,0.104749,0.321,-0.2163
IRMOF-1,271,C,0.025340,-0.064,+0.0893
IRMOF-1,272,C,-0.031171,-0.023,-0.0082
IRMOF-1,273,H,0.048363,0.054,-0.0056
IRMOF-1,274,O,-0.403713,-0.482,+0.0783
IRMOF-1,275,C,0.104749,0.321,-0.2163
IRMOF-1,276,C,0.025340,-0.064,+0.0893
IRMOF-1,277,C,-0.031171,-0.023,-0.0082
IRMOF-1,278,H,0.048363,0.054,-0.0056
IRMOF-1,279,O,-0.403713,-0.482,+0.0783
IRMOF-1,280,C,0.104749,0.321,-0.2163
IRMOF-1,281,C,0.025340,-0.064,+0.0893
IRMOF-1,282,C,-0.031171,-0.023,-0.0082
IRMOF-1,283,H,0.048363,0.054,-0.0056
IRMOF-1,284,O,-0.403713,-0.482,+0.0783
IRMOF-1,285,C,0.104749,0.321,-0.2163
IRMOF-1,286,C,0.025340,-0.064,+0.0893
IRMOF-1,287,C,-0.031171,-0.023,-0.0082
IRMOF-1,288,H,0.048363,0.054,-0.0056
IRMOF-1,289,Zn,1.212769,1.212,+0.0008
IRMOF-1,290,O,-0.403713,-0.482,+0.0783
IRMOF-1,291,C,0.104749,0.321,-0.2163
IRMOF-1,292,C,0.025340,-0.064,+0.0893
IRMOF-1,293,C,-0.031171,-0.023,-0.0082
IRMOF-1,294,H,0.048363,0.054,-0.0056
IRMOF-1,295,Zn,1.212769,1.212,+0.0008
IRMOF-1,296,O,-0.403713,-0.482,+0.0783
IRMOF-1,297,C,0.104749,0.321,-0.2163
IRMOF-1,298,C,0.025340,-0.064,+0.0893
IRMOF-1,299,C,-0.031171,-0.023,-0.0082
IRMOF-1,300,H,0.048363,0.054,-0.0056
IRMOF-1,301,Zn,1.212769,1.212,+0.0008
IRMOF-1,302,O,-0.403713,-0.482,+0.0783
IRMOF-1,303,C,0.104749,0.321,-0.2163
IRMOF-1,304,C,0.025340,-0.064,+0.0893
IRMOF-1,305,C,-0.031171,-0.023,-0.0082
IRMOF-1,306,H,0.048363,0.054,-0.0056
IRMOF-1,307,Zn,1.212769,1.212,+0.0008
IRMOF-1,308,O,-0.403713,-0.482,+0.0783
IRMOF-1,309,C,0.104749,0.321,-0.2163
IRMOF-1,310,C,0.025340,-0.064,+0.0893
IRMOF-1,311,C,-0.031171,-0.023,-0.0082
IRMOF-1,312,H,0.048363,0.054,-0.0056
IRMOF-1,313,O,-0.403713,-0.482,+0.0783
IRMOF-1,314,C,-0.031171,-0.023,-0.0082
IRMOF-1,315,H,0.048363,0.054,-0.0056
IRMOF-1,316,O,-0.403713,-0.482,+0.0783
IRMOF-1,317,C,-0.031171,-0.023,-0.0082
IRMOF-1,318,H,0.048363,0.054,-0.0056
IRMOF-1,319,O,-0.403713,-0.482,+0.0783
IRMOF-1,320,C,-0.031171,-0.023,-0.0082
IRMOF-1,321,H,0.048363,0.054,-0.0056
IRMOF-1,322,O,-0.403713,-0.482,+0.0783
IRMOF-1,323,C,-0.031171,-0.023,-0.0082
IRMOF-1,324,H,0.048363,0.054,-0.0056
IRMOF-1,325,O,-0.403713,-0.482,+0.0783
IRMOF-1,326,C,-0.031171,-0.023,-0.0082
IRMOF-1,327,H,0.048363,0.054,-0.0056
IRMOF-1,328,O,-0.403713,-0.482,+0.0783
IRMOF-1,329,C,-0.031171,-0.023,-0.0082
IRMOF-1,330,H,0.048363,0.054,-0.0056
IRMOF-1,331,O,-0.403713,-0.482,+0.0783
IRMOF-1,332,C,-0.031171,-0.023,-0.0082
IRMOF-1,333,H,0.048363,0.054,-0.0056
IRMOF-1,334,O,-0.403713,-0.482,+0.0783
IRMOF-1,335,C,-0.031171,-0.023,-0.0082
IRMOF-1,336,H,0.048363,0.054,-0.0056
IRMOF-1,337,O,-0.403713,-0.482,+0.0783
IRMOF-1,338,C,-0.031171,-0.023,-0.0082
IRMOF-1,339,H,0.048363,0.054,-0.0056
IRMOF-1,340,O,-0.403713,-0.482,+0.0783
IRMOF-1,341,C,-0.031171,-0.023,-0.0082
IRMOF-1,342,H,0.048363,0.054,-0.0056
IRMOF-1,343,O,-0.403713,-0.482,+0.0783
IRMOF-1,344,C,-0.031171,-0.023,-0.0082
IRMOF-1,345,H,0.048363,0.054,-0.0056
IRMOF-1,346,O,-0.403713,-0.482,+0.0783
IRMOF-1,347,C,-0.031171,-0.023,-0.0082
IRMOF-1,348,H,0.048363,0.054,-0.0056
IRMOF-1,349,O,-0.403713,-0.482,+0.0783
IRMOF-1,350,C,-0.031171,-0.023,-0.0082
IRMOF-1,351,H,0.048363,0.054,-0.0056
IRMOF-1,352,O,-0.403713,-0.482,+0.0783
IRMOF-1,353,C,-0.031171,-0.023,-0.0082
IRMOF-1,354,H,0.048363,0.054,-0.0056
IRMOF-1,355,O,-0.403713,-0.482,+0.0783
IRMOF-1,356,C,-0.031171,-0.023,-0.0082
IRMOF-1,357,H,0.048363,0.054,-0.0056
IRMOF-1,358,O,-0.403713,-0.482,+0.0783
IRMOF-1,359,C,-0.031171,-0.023,-0.0082
IRMOF-1,360,H,0.048363,0.054,-0.0056
IRMOF-1,361,O,-0.403713,-0.482,+0.0783
IRMOF-1,362,C,0.104749,0.321,-0.2163
IRMOF-1,363,C,0.025340,-0.064,+0.0893
IRMOF-1,364,C,-0.031171,-0.023,-0.0082
IRMOF-1,365,H,0.048363,0.054,-0.0056
IRMOF-1,366,O,-0.403713,-0.482,+0.0783
IRMOF-1,367,C,0.104749,0.321,-0.2163
IRMOF-1,368,C,0.025340,-0.064,+0.0893
IRMOF-1,369,C,-0.031171,-0.023,-0.0082
IRMOF-1,370,H,0.048363,0.054,-0.0056
IRMOF-1,371,O,-0.403713,-0.482,+0.0783
IRMOF-1,372,C,0.104749,0.321,-0.2163
IRMOF-1,373,C,0.025340,-0.064,+0.0893
IRMOF-1,374,C,-0.031171,-0.023,-0.0082
IRMOF-1,375,H,0.048363,0.054,-0.0056
IRMOF-1,376,O,-0.403713,-0.482,+0.0783
IRMOF-1,377,C,0.104749,0.321,-0.2163
IRMOF-1,378,C,0.025340,-0.064,+0.0893
IRMOF-1,379,C,-0.031171,-0.023,-0.0082
IRMOF-1,380,H,0.048363,0.054,-0.0056
IRMOF-1,381,O,-0.403713,-0.482,+0.0783
IRMOF-1,382,C,0.104749,0.321,-0.2163
IRMOF-1,383,C,0.025340,-0.064,+0.0893
IRMOF-1,384,C,-0.031171,-0.023,-0.0082
IRMOF-1,385,H,0.048363,0.054,-0.0056
IRMOF-1,386,O,-0.403713,-0.482,+0.0783
IRMOF-1,387,C,0.104749,0.321,-0.2163
IRMOF-1,388,C,0.025340,-0.064,+0.0893
IRMOF-1,389,C,-0.031171,-0.023,-0.0082
IRMOF-1,390,H,0.048363,0.054,-0.0056
IRMOF-1,391,O,-0.403713,-0.482,+0.0783
IRMOF-1,392,C,0.104749,0.321,-0.2163
IRMOF-1,393,C,0.025340,-0.064,+0.0893
IRMOF-1,394,C,-0.031171,-0.023,-0.0082
IRMOF-1,395,H,0.048363,0.054,-0.0056
IRMOF-1,396,O,-0.403713,-0.482,+0.0783
IRMOF-1,397,C,0.104749,0.321,-0.2163
IRMOF-1,398,C,0.025340,-0.064,+0.0893
IRMOF-1,399,C,-0.031171,-0.023,-0.0082
IRMOF-1,400,H,0.048363,0.054,-0.0056
IRMOF-1,401,O,-0.403713,-0.482,+0.0783
IRMOF-1,402,C,-0.031171,-0.023,-0.0082
IRMOF-1,403,H,0.048363,0.054,-0.0056
IRMOF-1,404,O,-0.403713,-0.482,+0.0783
IRMOF-1,405,C,-0.031171,-0.023,-0.0082
IRMOF-1,406,H,0.048363,0.054,-0.0056
IRMOF-1,407,O,-0.403713,-0.482,+0.0783
IRMOF-1,408,C,-0.031171,-0.023,-0.0082
IRMOF-1,409,H,0.048363,0.054,-0.0056
IRMOF-1,410,O,-0.403713,-0.482,+0.0783
IRMOF-1,411,C,-0.031171,-0.023,-0.0082
IRMOF-1,412,H,0.048363,0.054,-0.0056
IRMOF-1,413,O,-0.403713,-0.482,+0.0783
IRMOF-1,414,C,-0.031171,-0.023,-0.0082
IRMOF-1,415,H,0.048363,0.054,-0.0056
IRMOF-1,416,O,-0.403713,-0.482,+0.0783
IRMOF-1,417,C,-0.031171,-0.023,-0.0082
IRMOF-1,418,H,0.048363,0.054,-0.0056
IRMOF-1,419,O,-0.403713,-0.482,+0.0783
IRMOF-1,420,C,-0.031171,-0.023,-0.0082
IRMOF-1,421,H,0.048363,0.054,-0.0056
IRMOF-1,422,O,-0.403713,-0.482,+0.0783
IRMOF-1,423,C,-0.031171,-0.023,-0.0082
IRMOF-1,424,H,0.048363,0.054,-0.0056
IRMOF-3,1,C,-0.026705,-0.073,+0.0463
IRMOF-3,2,C,-0.026711,-0.073,+0.0463
IRMOF-3,3,C,-0.026852,-0.073,+0.0461
IRMOF-3,4,C,-0.026846,-0.074,+0.0472
IRMOF-3,5,C,-0.029646,-0.035,+0.0054
IRMOF-3,6,C,-0.029653,-0.035,+0.0053
IRMOF-3,7,C,-0.029788,-0.034,+0.0042
IRMOF-3,8,C,-0.029785,-0.034,+0.0042
IRMOF-3,9,C,-0.026605,-0.072,+0.0454
IRMOF-3,10,C,-0.026610,-0.072,+0.0454
IRMOF-3,11,C,-0.026749,-0.073,+0.0463
IRMOF-3,12,C,-0.026747,-0.073,+0.0463
IRMOF-3,13,C,-0.030160,-0.035,+0.0048
IRMOF-3,14,C,-0.030165,-0.035,+0.0048
IRMOF-3,15,C,-0.030300,-0.035,+0.0047
IRMOF-3,16,C,-0.030298,-0.035,+0.0047
IRMOF-3,17,C,-0.026586,-0.073,+0.0464
IRMOF-3,18,C,-0.026664,-0.072,+0.0453
IRMOF-3,19,C,-0.026674,-0.072,+0.0453
IRMOF-3,20,C,-0.026593,-0.073,+0.0464
IRMOF-3,21,C,-0.029768,-0.035,+0.0052
IRMOF-3,22,C,-0.029848,-0.034,+0.0042
IRMOF-3,23,C,-0.029858,-0.034,+0.0041
IRMOF-3,24,C,-0.029780,-0.035,+0.0052
IRMOF-3,25,C,-0.030121,-0.034,+0.0039
IRMOF-3,26,C,-0.030203,-0.033,+0.0028
IRMOF-3,27,C,-0.030210,-0.033,+0.0028
IRMOF-3,28,C,-0.030134,-0.034,+0.0039
IRMOF-3,29,C,-0.026871,-0.072,+0.0451
IRMOF-3,30,C,-0.026954,-0.071,+0.0440
IRMOF-3,31,C,-0.026959,-0.071,+0.0440
IRMOF-3,32,C,-0.026882,-0.072,+0.0451
IRMOF-3,33,C,0.030892,0.147,-0.1161
IRMOF-3,34,C,0.030869,0.147,-0.1161
IRMOF-3,35,C,0.030884,0.147,-0.1161
IRMOF-3,36,C,0.030866,0.147,-0.1161
IRMOF-3,37,C,-0.032034,0.034,-0.0660
IRMOF-3,38,C,-0.032055,0.034,-0.0661
IRMOF-3,39,C,-0.032045,0.034,-0.0660
IRMOF-3,40,C,-0.032062,0.034,-0.0661
IRMOF-3,41,C,0.030955,0.147,-0.1160
IRMOF-3,42,C,0.030930,0.147,-0.1161
IRMOF-3,43,C,0.030942,0.147,-0.1161
IRMOF-3,44,C,0.030929,0.147,-0.1161
IRMOF-3,45,C,-0.032061,0.034,-0.0661
IRMOF-3,46,C,-0.032087,0.034,-0.0661
IRMOF-3,47,C,-0.032078,0.034,-0.0661
IRMOF-3,48,C,-0.032093,0.034,-0.0661
IRMOF-3,49,C,-0.032036,0.034,-0.0660
IRMOF-3,50,C,-0.032029,0.034,-0.0660
IRMOF-3,51,C,-0.032167,0.034,-0.0662
IRMOF-3,52,C,-0.032177,0.034,-0.0662
IRMOF-3,53,C,0.030834,0.147,-0.1162
IRMOF-3,54,C,0.030835,0.147,-0.1162
IRMOF-3,55,C,0.030706,0.147,-0.1163
IRMOF-3,56,C,0.030699,0.147,-0.1163
IRMOF-3,57,C,0.030825,0.147,-0.1162
IRMOF-3,58,C,0.030832,0.147,-0.1162
IRMOF-3,59,C,0.030699,0.147,-0.1163
IRMOF-3,60,C,0.030693,0.147,-0.1163
IRMOF-3,61,C,-0.031656,0.035,-0.0667
IRMOF-3,62,C,-0.031652,0.035,-0.0667
IRMOF-3,63,C,-0.031790,0.035,-0.0668
IRMOF-3,64,C,-0.031798,0.035,-0.0668
IRMOF-3,65,C,-0.029876,-0.034,+0.0041
IRMOF-3,66,C,-0.029893,-0.034,+0.0041
IRMOF-3,67,C,-0.029880,-0.034,+0.0041
IRMOF-3,68,C,-0.029907,-0.034,+0.0041
IRMOF-3,69,C,-0.026826,-0.072,+0.0452
IRMOF-3,70,C,-0.026840,-0.072,+0.0452
IRMOF-3,71,C,-0.026829,-0.072,+0.0452
IRMOF-3,72,C,-0.026856,-0.072,+0.0451
IRMOF-3,73,C,-0.026763,-0.072,+0.0452
IRMOF-3,74,C,-0.026774,-0.072,+0.0452
IRMOF-3,75,C,-0.026765,-0.072,+0.0452
IRMOF-3,76,C,-0.026789,-0.072,+0.0452
IRMOF-3,77,C,-0.030044,-0.034,+0.0040
IRMOF-3,78,C,-0.030055,-0.034,+0.0039
IRMOF-3,79,C,-0.030048,-0.034,+0.0040
IRMOF-3,80,C,-0.030072,-0.034,+0.0039
IRMOF-3,81,C,-0.031899,0.035,-0.0669
IRMOF-3,82,C,-0.031819,0.034,-0.0658
IRMOF-3,83,C,-0.031831,0.034,-0.0658
IRMOF-3,84,C,-0.031909,0.035,-0.0669
IRMOF-3,85,C,0.030709,0.147,-0.1163
IRMOF-3,86,C,0.030789,0.146,-0.1152
IRMOF-3,87,C,0.030784,0.146,-0.1152
IRMOF-3,88,C,0.030704,0.147,-0.1163
IRMOF-3,89,C,-0.031991,0.035,-0.0670
IRMOF-3,90,C,-0.031912,0.035,-0.0669
IRMOF-3,91,C,-0.031920,0.035,-0.0669
IRMOF-3,92,C,-0.032004,0.035,-0.0670
IRMOF-3,93,C,0.030712,0.148,-0.1173
IRMOF-3,94,C,0.030786,0.147,-0.1162
IRMOF-3,95,C,0.030781,0.147,-0.1162
IRMOF-3,96,C,0.030702,0.148,-0.1173
IRMOF-3,97,C,0.108833,0.371,-0.2622
IRMOF-3,98,C,0.108835,0.371,-0.2622
IRMOF-3,99,C,0.108834,0.371,-0.2622
IRMOF-3,100,C,0.108830,0.371,-0.2622
IRMOF-3,101,C,0.024447,-0.063,+0.0874
IRMOF-3,102,C,0.024443,-0.063,+0.0874
IRMOF-3,103,C,0.024419,-0.063,+0.0874
IRMOF-3,104,C,0.024422,-0.063,+0.0874
IRMOF-3,105,C,0.108538,0.370,-0.2615
IRMOF-3,106,C,0.108524,0.370,-0.2615
IRMOF-3,107,C,0.108529,0.370,-0.2615
IRMOF-3,108,C,0.108528,0.370,-0.2615
IRMOF-3,109,C,0.024294,-0.063,+0.0873
IRMOF-3,110,C,0.024291,-0.063,+0.0873
IRMOF-3,111,C,0.024267,-0.063,+0.0873
IRMOF-3,112,C,0.024268,-0.063,+0.0873
IRMOF-3,113,C,0.107490,0.369,-0.2615
IRMOF-3,114,C,0.107491,0.369,-0.2615
IRMOF-3,115,C,0.107492,0.370,-0.2625
IRMOF-3,116,C,0.107475,0.369,-0.2615
IRMOF-3,117,C,0.024648,-0.063,+0.0876
IRMOF-3,118,C,0.024627,-0.063,+0.0876
IRMOF-3,119,C,0.024622,-0.063,+0.0876
IRMOF-3,120,C,0.024641,-0.063,+0.0876
IRMOF-3,121,C,0.110369,0.372,-0.2616
IRMOF-3,122,C,0.110364,0.372,-0.2616
IRMOF-3,123,C,0.110354,0.372,-0.2616
IRMOF-3,124,C,0.110363,0.372,-0.2616
IRMOF-3,125,C,0.023942,-0.064,+0.0879
IRMOF-3,126,C,0.023933,-0.064,+0.0879
IRMOF-3,127,C,0.023927,-0.064,+0.0879
IRMOF-3,128,C,0.023936,-0.064,+0.0879
IRMOF-3,129,C,0.111397,0.409,-0.2976
IRMOF-3,130,C,0.111382,0.409,-0.2976
IRMOF-3,131,C,0.111383,0.409,-0.2976
IRMOF-3,132,C,0.111376,0.409,-0.2976
IRMOF-3,133,C,0.025680,-0.170,+0.1957
IRMOF-3,134,C,0.025678,-0.170,+0.1957
IRMOF-3,135,C,0.025672,-0.170,+0.1957
IRMOF-3,136,C,0.025676,-0.170,+0.1957
IRMOF-3,137,C,0.111276,0.409,-0.2977
IRMOF-3,138,C,0.111261,0.409,-0.2977
IRMOF-3,139,C,0.111269,0.409,-0.2977
IRMOF-3,140,C,0.111269,0.409,-0.2977
IRMOF-3,141,C,0.025723,-0.169,+0.1947
IRMOF-3,142,C,0.025720,-0.169,+0.1947
IRMOF-3,143,C,0.025714,-0.169,+0.1947
IRMOF-3,144,C,0.025719,-0.169,+0.1947
IRMOF-3,145,C,0.111172,0.409,-0.2978
IRMOF-3,146,C,0.111174,0.408,-0.2968
IRMOF-3,147,C,0.111162,0.408,-0.2968
IRMOF-3,148,C,0.111158,0.409,-0.2978
IRMOF-3,149,C,0.025706,-0.170,+0.1957
IRMOF-3,150,C,0.025707,-0.170,+0.1957
IRMOF-3,151,C,0.025693,-0.170,+0.1957
IRMOF-3,152,C,0.025688,-0.170,+0.1957
IRMOF-3,153,C,0.111444,0.409,-0.2976
IRMOF-3,154,C,0.111455,0.409,-0.2975
IRMOF-3,155,C,0.111452,0.409,-0.2975
IRMOF-3,156,C,0.111447,0.409,-0.2976
IRMOF-3,157,C,0.025761,-0.170,+0.1958
IRMOF-3,158,C,0.025765,-0.170,+0.1958
IRMOF-3,159,C,0.025741,-0.170,+0.1957
IRMOF-3,160,C,0.025738,-0.170,+0.1957
IRMOF-3,161,C,0.108971,0.371,-0.2620
IRMOF-3,162,C,0.108973,0.371,-0.2620
IRMOF-3,163,C,0.108971,0.371,-0.2620
IRMOF-3,164,C,0.108958,0.371,-0.2620
IRMOF-3,165,C,0.024258,-0.064,+0.0883
IRMOF-3,166,C,0.024264,-0.064,+0.0883
IRMOF-3,167,C,0.024255,-0.064,+0.0883
IRMOF-3,168,C,0.024254,-0.064,+0.0883
IRMOF-3,169,C,0.108934,0.370,-0.2611
IRMOF-3,170,C,0.108933,0.370,-0.2611
IRMOF-3,171,C,0.108927,0.370,-0.2611
IRMOF-3,172,C,0.108919,0.370,-0.2611
IRMOF-3,173,C,0.024197,-0.064,+0.0882
IRMOF-3,174,C,0.024195,-0.064,+0.0882
IRMOF-3,175,C,0.024194,-0.064,+0.0882
IRMOF-3,176,C,0.024186,-0.064,+0.0882
IRMOF-3,177,C,0.111283,0.408,-0.2967
IRMOF-3,178,C,0.111271,0.408,-0.2967
IRMOF-3,179,C,0.111270,0.408,-0.2967
IRMOF-3,180,C,0.111270,0.408,-0.2967
IRMOF-3,181,C,0.025675,-0.170,+0.1957
IRMOF-3,182,C,0.025691,-0.169,+0.1947
IRMOF-3,183,C,0.025685,-0.169,+0.1947
IRMOF-3,184,C,0.025668,-0.170,+0.1957
IRMOF-3,185,C,0.111241,0.409,-0.2978
IRMOF-3,186,C,0.111233,0.409,-0.2978
IRMOF-3,187,C,0.111234,0.409,-0.2978
IRMOF-3,188,C,0.111234,0.409,-0.2978
IRMOF-3,189,C,0.025738,-0.170,+0.1957
IRMOF-3,190,C,0.025752,-0.170,+0.1958
IRMOF-3,191,C,0.025748,-0.170,+0.1957
IRMOF-3,192,C,0.025732,-0.170,+0.1957
IRMOF-3,193,H,0.064912,0.092,-0.0271
IRMOF-3,194,H,0.064941,0.092,-0.0271
IRMOF-3,195,H,0.064920,0.092,-0.0271
IRMOF-3,196,H,0.064887,0.092,-0.0271
IRMOF-3,197,H,0.045160,0.060,-0.0148
IRMOF-3,198,H,0.045153,0.060,-0.0148
IRMOF-3,199,H,0.045128,0.060,-0.0149
IRMOF-3,200,H,0.045132,0.060,-0.0149
IRMOF-3,201,H,0.044816,0.048,-0.0032
IRMOF-3,202,H,0.044808,0.048,-0.0032
IRMOF-3,203,H,0.044785,0.048,-0.0032
IRMOF-3,204,H,0.044792,0.048,-0.0032
IRMOF-3,205,H,0.045708,0.060,-0.0143
IRMOF-3,206,H,0.045703,0.060,-0.0143
IRMOF-3,207,H,0.045678,0.060,-0.0143
IRMOF-3,208,H,0.045682,0.060,-0.0143
IRMOF-3,209,H,0.044234,0.048,-0.0038
IRMOF-3,210,H,0.044224,0.048,-0.0038
IRMOF-3,211,H,0.044201,0.048,-0.0038
IRMOF-3,212,H,0.044210,0.048,-0.0038
IRMOF-3,213,H,0.045537,0.060,-0.0145
IRMOF-3,214,H,0.045522,0.060,-0.0145
IRMOF-3,215,H,0.045510,0.060,-0.0145
IRMOF-3,216,H,0.045524,0.060,-0.0145
IRMOF-3,217,H,0.044784,0.048,-0.0032
IRMOF-3,218,H,0.044773,0.048,-0.0032
IRMOF-3,219,H,0.044762,0.048,-0.0032
IRMOF-3,220,H,0.044775,0.048,-0.0032
IRMOF-3,221,H,0.044285,0.048,-0.0037
IRMOF-3,222,H,0.044266,0.048,-0.0037
IRMOF-3,223,H,0.044259,0.048,-0.0037
IRMOF-3,224,H,0.044270,0.048,-0.0037
IRMOF-3,225,H,0.045072,0.059,-0.0139
IRMOF-3,226,H,0.045056,0.059,-0.0139
IRMOF-3,227,H,0.045045,0.059,-0.0140
IRMOF-3,228,H,0.045057,0.059,-0.0139
IRMOF-3,229,H,0.045994,0.033,+0.0130
IRMOF-3,230,H,0.045982,0.033,+0.0130
IRMOF-3,231,H,0.045974,0.033,+0.0130
IRMOF-3,232,H,0.045979,0.033,+0.0130
IRMOF-3,233,H,0.045937,0.033,+0.0129
IRMOF-3,234,H,0.045930,0.033,+0.0129
IRMOF-3,235,H,0.045919,0.033,+0.0129
IRMOF-3,236,H,0.045922,0.033,+0.0129
IRMOF-3,237,H,0.046026,0.032,+0.0140
IRMOF-3,238,H,0.046031,0.032,+0.0140
IRMOF-3,239,H,0.046009,0.032,+0.0140
IRMOF-3,240,H,0.046004,0.032,+0.0140
IRMOF-3,241,H,0.046252,0.033,+0.0133
IRMOF-3,242,H,0.046256,0.033,+0.0133
IRMOF-3,243,H,0.046234,0.033,+0.0132
IRMOF-3,244,H,0.046228,0.033,+0.0132
IRMOF-3,245,H,0.044494,0.048,-0.0035
IRMOF-3,246,H,0.044497,0.048,-0.0035
IRMOF-3,247,H,0.044490,0.048,-0.0035
IRMOF-3,248,H,0.044479,0.048,-0.0035
IRMOF-3,249,H,0.045104,0.059,-0.0139
IRMOF-3,250,H,0.045104,0.059,-0.0139
IRMOF-3,251,H,0.045097,0.059,-0.0139
IRMOF-3,252,H,0.045089,0.059,-0.0139
IRMOF-3,253,H,0.045192,0.059,-0.0138
IRMOF-3,254,H,0.045196,0.059,-0.0138
IRMOF-3,255,H,0.045188,0.059,-0.0138
IRMOF-3,256,H,0.045178,0.059,-0.0138
IRMOF-3,257,H,0.044278,0.048,-0.0037
IRMOF-3,258,H,0.044281,0.048,-0.0037
IRMOF-3,259,H,0.044271,0.048,-0.0037
IRMOF-3,260,H,0.044262,0.048,-0.0037
IRMOF-3,261,H,0.046022,0.032,+0.0140
IRMOF-3,262,H,0.046032,0.033,+0.0130
IRMOF-3,263,H,0.046024,0.033,+0.0130
IRMOF-3,264,H,0.046009,0.032,+0.0140
IRMOF-3,265,H,0.046149,0.033,+0.0131
IRMOF-3,266,H,0.046163,0.033,+0.0132
IRMOF-3,267,H,0.046151,0.033,+0.0132
IRMOF-3,268,H,0.046138,0.033,+0.0131
IRMOF-3,269,H,0.065032,0.092,-0.0270
IRMOF-3,270,H,0.065014,0.092,-0.0270
IRMOF-3,271,H,0.065004,0.092,-0.0270
IRMOF-3,272,H,0.065006,0.092,-0.0270
IRMOF-3,273,H,0.092451,0.121,-0.0285
IRMOF-3,274,H,0.092452,0.121,-0.0285
IRMOF-3,275,H,0.092434,0.121,-0.0286
IRMOF-3,276,H,0.092443,0.121,-0.0286
IRMOF-3,277,H,0.092360,0.121,-0.0286
IRMOF-3,278,H,0.092356,0.121,-0.0286
IRMOF-3,279,H,0.092338,0.121,-0.0287
IRMOF-3,280,H,0.092344,0.121,-0.0287
IRMOF-3,281,H,0.064987,0.092,-0.0270
IRMOF-3,282,H,0.064972,0.092,-0.0270
IRMOF-3,283,H,0.064960,0.092,-0.0270
IRMOF-3,284,H,0.064959,0.092,-0.0270
IRMOF-3,285,H,0.091022,0.120,-0.0290
IRMOF-3,286,H,0.091024,0.120,-0.0290
IRMOF-3,287,H,0.091020,0.120,-0.0290
IRMOF-3,288,H,0.091005,0.120,-0.0290
IRMOF-3,289,H,0.064886,0.092,-0.0271
IRMOF-3,290,H,0.064897,0.092,-0.0271
IRMOF-3,291,H,0.064852,0.092,-0.0271
IRMOF-3,292,H,0.064835,0.092,-0.0272
IRMOF-3,293,H,0.065014,0.092,-0.0270
IRMOF-3,294,H,0.065019,0.092,-0.0270
IRMOF-3,295,H,0.064975,0.092,-0.0270
IRMOF-3,296,H,0.064958,0.092,-0.0270
IRMOF-3,297,H,0.091600,0.121,-0.0294
IRMOF-3,298,H,0.091599,0.121,-0.0294
IRMOF-3,299,H,0.091597,0.121,-0.0294
IRMOF-3,300,H,0.091585,0.121,-0.0294
IRMOF-3,301,H,0.064826,0.092,-0.0272
IRMOF-3,302,H,0.064854,0.092,-0.0271
IRMOF-3,303,H,0.064835,0.092,-0.0272
IRMOF-3,304,H,0.064801,0.092,-0.0272
IRMOF-3,305,H,0.091606,0.121,-0.0294
IRMOF-3,306,H,0.091610,0.121,-0.0294
IRMOF-3,307,H,0.091593,0.121,-0.0294
IRMOF-3,308,H,0.091597,0.121,-0.0294
IRMOF-3,309,H,0.091226,0.121,-0.0298
IRMOF-3,310,H,0.091231,0.121,-0.0298
IRMOF-3,311,H,0.091216,0.121,-0.0298
IRMOF-3,312,H,0.091217,0.121,-0.0298
IRMOF-3,313,N,-0.158436,-0.224,+0.0656
IRMOF-3,314,N,-0.158442,-0.224,+0.0656
IRMOF-3,315,N,-0.158443,-0.224,+0.0656
IRMOF-3,316,N,-0.158444,-0.224,+0.0656
IRMOF-3,317,N,-0.158366,-0.223,+0.0646
IRMOF-3,318,N,-0.158369,-0.223,+0.0646
IRMOF-3,319,N,-0.158374,-0.223,+0.0646
IRMOF-3,320,N,-0.158369,-0.223,+0.0646
IRMOF-3,321,N,-0.158371,-0.223,+0.0646
IRMOF-3,322,N,-0.158372,-0.223,+0.0646
IRMOF-3,323,N,-0.158375,-0.223,+0.0646
IRMOF-3,324,N,-0.158375,-0.223,+0.0646
IRMOF-3,325,N,-0.158506,-0.224,+0.0655
IRMOF-3,326,N,-0.158502,-0.224,+0.0655
IRMOF-3,327,N,-0.158510,-0.224,+0.0655
IRMOF-3,328,N,-0.158509,-0.224,+0.0655
IRMOF-3,329,N,-0.158559,-0.224,+0.0654
IRMOF-3,330,N,-0.158556,-0.224,+0.0654
IRMOF-3,331,N,-0.158556,-0.224,+0.0654
IRMOF-3,332,N,-0.158562,-0.224,+0.0654
IRMOF-3,333,N,-0.158398,-0.224,+0.0656
IRMOF-3,334,N,-0.158397,-0.223,+0.0646
IRMOF-3,335,N,-0.158399,-0.223,+0.0646
IRMOF-3,336,N,-0.158402,-0.224,+0.0656
IRMOF-3,337,O,-0.402820,-0.503,+0.1002
IRMOF-3,338,O,-0.402820,-0.503,+0.1002
IRMOF-3,339,O,-0.402835,-0.503,+0.1002
IRMOF-3,340,O,-0.402839,-0.503,+0.1002
IRMOF-3,341,O,-0.408060,-0.507,+0.0989
IRMOF-3,342,O,-0.408075,-0.507,+0.0989
IRMOF-3,343,O,-0.408075,-0.507,+0.0989
IRMOF-3,344,O,-0.408075,-0.507,+0.0989
IRMOF-3,345,O,-0.405236,-0.505,+0.0998
IRMOF-3,346,O,-0.405255,-0.505,+0.0997
IRMOF-3,347,O,-0.405257,-0.505,+0.0997
IRMOF-3,348,O,-0.405253,-0.505,+0.0997
IRMOF-3,349,O,-0.409049,-0.509,+0.1000
IRMOF-3,350,O,-0.409086,-0.509,+0.0999
IRMOF-3,351,O,-0.409090,-0.509,+0.0999
IRMOF-3,352,O,-0.409062,-0.509,+0.0999
IRMOF-3,353,O,-0.402846,-0.503,+0.1002
IRMOF-3,354,O,-0.402827,-0.503,+0.1002
IRMOF-3,355,O,-0.402827,-0.503,+0.1002
IRMOF-3,356,O,-0.402860,-0.503,+0.1001
IRMOF-3,357,O,-0.404498,-0.504,+0.0995
IRMOF-3,358,O,-0.404534,-0.504,+0.0995
IRMOF-3,359,O,-0.404546,-0.504,+0.0995
IRMOF-3,360,O,-0.404508,-0.504,+0.0995
IRMOF-3,361,O,-0.407350,-0.507,+0.0996
IRMOF-3,362,O,-0.407331,-0.507,+0.0997
IRMOF-3,363,O,-0.407341,-0.507,+0.0997
IRMOF-3,364,O,-0.407361,-0.507,+0.0996
IRMOF-3,365,O,-0.410638,-0.520,+0.1094
IRMOF-3,366,O,-0.410613,-0.520,+0.1094
IRMOF-3,367,O,-0.410652,-0.520,+0.1093
IRMOF-3,368,O,-0.410618,-0.520,+0.1094
IRMOF-3,369,O,-0.406449,-0.514,+0.1076
IRMOF-3,370,O,-0.406453,-0.514,+0.1075
IRMOF-3,371,O,-0.406465,-0.514,+0.1075
IRMOF-3,372,O,-0.406464,-0.514,+0.1075
IRMOF-3,373,O,-0.409013,-0.518,+0.1090
IRMOF-3,374,O,-0.409019,-0.518,+0.1090
IRMOF-3,375,O,-0.409020,-0.518,+0.1090
IRMOF-3,376,O,-0.409017,-0.518,+0.1090
IRMOF-3,377,O,-0.407711,-0.516,+0.1083
IRMOF-3,378,O,-0.407695,-0.516,+0.1083
IRMOF-3,379,O,-0.407724,-0.516,+0.1083
IRMOF-3,380,O,-0.407689,-0.516,+0.1083
IRMOF-3,381,O,-0.409039,-0.517,+0.1080
IRMOF-3,382,O,-0.409039,-0.517,+0.1080
IRMOF-3,383,O,-0.409019,-0.517,+0.1080
IRMOF-3,384,O,-0.409025,-0.517,+0.1080
IRMOF-3,385,O,-0.409696,-0.519,+0.1093
IRMOF-3,386,O,-0.409696,-0.519,+0.1093
IRMOF-3,387,O,-0.409677,-0.519,+0.1093
IRMOF-3,388,O,-0.409680,-0.519,+0.1093
IRMOF-3,389,O,-0.410013,-0.519,+0.1090
IRMOF-3,390,O,-0.410001,-0.519,+0.1090
IRMOF-3,391,O,-0.410012,-0.519,+0.1090
IRMOF-3,392,O,-0.410015,-0.519,+0.1090
IRMOF-3,393,O,-0.406857,-0.515,+0.1081
IRMOF-3,394,O,-0.406850,-0.515,+0.1082
IRMOF-3,395,O,-0.406888,-0.515,+0.1081
IRMOF-3,396,O,-0.406892,-0.515,+0.1081
IRMOF-3,397,O,-0.403569,-0.503,+0.0994
IRMOF-3,398,O,-0.403563,-0.504,+0.1004
IRMOF-3,399,O,-0.403572,-0.504,+0.1004
IRMOF-3,400,O,-0.403580,-0.503,+0.0994
IRMOF-3,401,O,-0.409392,-0.509,+0.0996
IRMOF-3,402,O,-0.409415,-0.509,+0.0996
IRMOF-3,403,O,-0.409396,-0.509,+0.0996
IRMOF-3,404,O,-0.409431,-0.509,+0.0996
IRMOF-3,405,O,-0.407154,-0.506,+0.0988
IRMOF-3,406,O,-0.407122,-0.506,+0.0989
IRMOF-3,407,O,-0.407165,-0.506,+0.0988
IRMOF-3,408,O,-0.407137,-0.506,+0.0989
IRMOF-3,409,O,-0.405863,-0.506,+0.1001
IRMOF-3,410,O,-0.405859,-0.506,+0.1001
IRMOF-3,411,O,-0.405869,-0.506,+0.1001
IRMOF-3,412,O,-0.405873,-0.506,+0.1001
IRMOF-3,413,O,-0.406787,-0.514,+0.1072
IRMOF-3,414,O,-0.406782,-0.514,+0.1072
IRMOF-3,415,O,-0.406788,-0.514,+0.1072
IRMOF-3,416,O,-0.406798,-0.514,+0.1072
IRMOF-3,417,O,-0.410257,-0.519,+0.1087
IRMOF-3,418,O,-0.410227,-0.519,+0.1088
IRMOF-3,419,O,-0.410229,-0.519,+0.1088
IRMOF-3,420,O,-0.410270,-0.519,+0.1087
IRMOF-3,421,O,-0.408717,-0.517,+0.1083
IRMOF-3,422,O,-0.408720,-0.517,+0.1083
IRMOF-3,423,O,-0.408726,-0.517,+0.1083
IRMOF-3,424,O,-0.408727,-0.517,+0.1083
IRMOF-3,425,O,-0.409606,-0.519,+0.1094
IRMOF-3,426,O,-0.409616,-0.519,+0.1094
IRMOF-3,427,O,-0.409614,-0.519,+0.1094
IRMOF-3,428,O,-0.409616,-0.519,+0.1094
IRMOF-3,429,O,-1.003634,-0.973,-0.0306
IRMOF-3,430,O,-1.003657,-0.973,-0.0307
IRMOF-3,431,O,-1.003644,-0.973,-0.0306
IRMOF-3,432,O,-1.003660,-0.973,-0.0307
IRMOF-3,433,O,-1.007014,-0.976,-0.0310
IRMOF-3,434,O,-1.007015,-0.976,-0.0310
IRMOF-3,435,O,-1.007020,-0.976,-0.0310
IRMOF-3,436,O,-1.007022,-0.976,-0.0310
IRMOF-3,437,O,-0.408236,-0.508,+0.0998
IRMOF-3,438,O,-0.408235,-0.508,+0.0998
IRMOF-3,439,O,-0.408220,-0.508,+0.0998
IRMOF-3,440,O,-0.408221,-0.508,+0.0998
IRMOF-3,441,Zn,1.214511,1.216,-0.0015
IRMOF-3,442,Zn,1.214508,1.216,-0.0015
IRMOF-3,443,Zn,1.214500,1.216,-0.0015
IRMOF-3,444,Zn,1.214501,1.216,-0.0015
IRMOF-3,445,Zn,1.213491,1.215,-0.0015
IRMOF-3,446,Zn,1.213497,1.215,-0.0015
IRMOF-3,447,Zn,1.213489,1.215,-0.0015
IRMOF-3,448,Zn,1.213482,1.215,-0.0015
IRMOF-3,449,Zn,1.213534,1.215,-0.0015
IRMOF-3,450,Zn,1.213532,1.215,-0.0015
IRMOF-3,451,Zn,1.213536,1.215,-0.0015
IRMOF-3,452,Zn,1.213535,1.215,-0.0015
IRMOF-3,453,Zn,1.214514,1.216,-0.0015
IRMOF-3,454,Zn,1.214499,1.216,-0.0015
IRMOF-3,455,Zn,1.214503,1.216,-0.0015
IRMOF-3,456,Zn,1.214505,1.216,-0.0015
IRMOF-3,457,Zn,1.213878,1.215,-0.0011
IRMOF-3,458,Zn,1.213876,1.215,-0.0011
IRMOF-3,459,Zn,1.213872,1.215,-0.0011
IRMOF-3,460,Zn,1.213866,1.215,-0.0011
IRMOF-3,461,Zn,1.214316,1.216,-0.0017
IRMOF-3,462,Zn,1.214309,1.216,-0.0017
IRMOF-3,463,Zn,1.214302,1.216,-0.0017
IRMOF-3,464,Zn,1.214307,1.216,-0.0017
IRMOF-3,465,Zn,1.213797,1.215,-0.0012
IRMOF-3,466,Zn,1.213809,1.215,-0.0012
IRMOF-3,467,Zn,1.213801,1.215,-0.0012
IRMOF-3,468,Zn,1.213799,1.215,-0.0012
IRMOF-3,469,Zn,1.214072,1.216,-0.0019
IRMOF-3,470,Zn,1.214065,1.216,-0.0019
IRMOF-3,471,Zn,1.214068,1.216,-0.0019
IRMOF-3,472,Zn,1.214075,1.216,-0.0019
Mg-MOF74,1,Mg,1.469002,1.475,-0.0060
Mg-MOF74,2,O,-0.613477,-0.726,+0.1125
Mg-MOF74,3,O,-0.411711,-0.524,+0.1123
Mg-MOF74,4,O,-0.606644,-0.660,+0.0534
Mg-MOF74,5,C,0.107834,0.426,-0.3182
Mg-MOF74,6,C,0.002614,-0.199,+0.2016
Mg-MOF74,7,C,0.037469,0.228,-0.1905
Mg-MOF74,8,C,-0.031734,-0.074,+0.0423
Mg-MOF74,9,H,0.046752,0.064,-0.0172
Mg-MOF74,10,Mg,1.468924,1.475,-0.0061
Mg-MOF74,11,O,-0.612527,-0.726,+0.1135
Mg-MOF74,12,O,-0.412060,-0.525,+0.1129
Mg-MOF74,13,O,-0.606547,-0.660,+0.0535
Mg-MOF74,14,C,0.108914,0.428,-0.3191
Mg-MOF74,15,C,0.000499,-0.204,+0.2045
Mg-MOF74,16,C,0.037621,0.226,-0.1884
Mg-MOF74,17,C,-0.031824,-0.074,+0.0422
Mg-MOF74,18,H,0.046614,0.063,-0.0164
Mg-MOF74,19,Mg,1.469027,1.474,-0.0050
Mg-MOF74,20,O,-0.613456,-0.728,+0.1145
Mg-MOF74,21,O,-0.412209,-0.526,+0.1138
Mg-MOF74,22,O,-0.607229,-0.661,+0.0538
Mg-MOF74,23,C,0.107692,0.426,-0.3183
Mg-MOF74,24,C,0.002643,-0.201,+0.2036
Mg-MOF74,25,C,0.036607,0.224,-0.1874
Mg-MOF74,26,C,-0.029766,-0.071,+0.0412
Mg-MOF74,27,H,0.046673,0.062,-0.0153
Mg-MOF74,28,Mg,1.469006,1.474,-0.0050
Mg-MOF74,29,O,-0.613432,-0.728,+0.1146
Mg-MOF74,30,O,-0.412042,-0.526,+0.1140
Mg-MOF74,31,O,-0.606666,-0.661,+0.0543
Mg-MOF74,32,C,0.107789,0.425,-0.3172
Mg-MOF74,33,C,0.002675,-0.201,+0.2037
Mg-MOF74,34,C,0.037564,0.226,-0.1884
Mg-MOF74,35,C,-0.031745,-0.074,+0.0423
Mg-MOF74,36,H,0.046675,0.063,-0.0163
Mg-MOF74,37,Mg,1.469002,1.474,-0.0050
Mg-MOF74,38,O,-0.612951,-0.727,+0.1140
Mg-MOF74,39,O,-0.412092,-0.526,+0.1139
Mg-MOF74,40,O,-0.606364,-0.661,+0.0546
Mg-MOF74,41,C,0.108297,0.426,-0.3177
Mg-MOF74,42,C,0.001657,-0.202,+0.2037
Mg-MOF74,43,C,0.037570,0.226,-0.1884
Mg-MOF74,44,C,-0.031706,-0.074,+0.0423
Mg-MOF74,45,H,0.046777,0.063,-0.0162
Mg-MOF74,46,Mg,1.469093,1.474,-0.0049
Mg-MOF74,47,O,-0.613368,-0.727,+0.1136
Mg-MOF74,48,O,-0.411946,-0.526,+0.1141
Mg-MOF74,49,O,-0.606609,-0.661,+0.0544
Mg-MOF74,50,C,0.107800,0.426,-0.3182
Mg-MOF74,51,C,0.002620,-0.201,+0.2036
Mg-MOF74,52,C,0.037313,0.226,-0.1887
Mg-MOF74,53,C,-0.031167,-0.073,+0.0418
Mg-MOF74,54,H,0.046630,0.063,-0.0164
Mg-MOF74,55,Mg,1.468992,1.474,-0.0050
Mg-MOF74,56,O,-0.613563,-0.728,+0.1144
Mg-MOF74,57,O,-0.411933,-0.526,+0.1141
Mg-MOF74,58,O,-0.606537,-0.661,+0.0545
Mg-MOF74,59,C,0.107803,0.425,-0.3172
Mg-MOF74,60,C,0.002661,-0.201,+0.2037
Mg-MOF74,61,C,0.037604,0.226,-0.1884
Mg-MOF74,62,C,-0.031763,-0.074,+0.0422
Mg-MOF74,63,H,0.046668,0.063,-0.0163
Mg-MOF74,64,Mg,1.468925,1.474,-0.0051
Mg-MOF74,65,O,-0.613287,-0.728,+0.1147
Mg-MOF74,66,O,-0.412093,-0.526,+0.1139
Mg-MOF74,67,O,-0.606466,-0.661,+0.0545
Mg-MOF74,68,C,0.108115,0.426,-0.3179
Mg-MOF74,69,C,0.001893,-0.202,+0.2039
Mg-MOF74,70,C,0.037498,0.226,-0.1885
Mg-MOF74,71,C,-0.031726,-0.074,+0.0423
Mg-MOF74,72,H,0.046733,0.063,-0.0163
Mg-MOF74,73,Mg,1.468993,1.474,-0.0050
Mg-MOF74,74,O,-0.613185,-0.727,+0.1138
Mg-MOF74,75,O,-0.411739,-0.526,+0.1143
Mg-MOF74,76,O,-0.606966,-0.661,+0.0540
Mg-MOF74,77,C,0.107866,0.426,-0.3181
Mg-MOF74,78,C,0.002647,-0.201,+0.2036
Mg-MOF74,79,C,0.037229,0.226,-0.1888
Mg-MOF74,80,C,-0.031113,-0.073,+0.0419
Mg-MOF74,81,H,0.046648,0.063,-0.0164
Mg-MOF74,82,Mg,1.468999,1.474,-0.0050
Mg-MOF74,83,O,-0.613470,-0.727,+0.1135
Mg-MOF74,84,O,-0.411693,-0.525,+0.1133
Mg-MOF74,85,O,-0.606631,-0.661,+0.0544
Mg-MOF74,86,C,0.107830,0.425,-0.3172
Mg-MOF74,87,C,0.002618,-0.200,+0.2026
Mg-MOF74,88,C,0.037471,0.227,-0.1895
Mg-MOF74,89,C,-0.031736,-0.075,+0.0433
Mg-MOF74,90,H,0.046751,0.063,-0.0162
Mg-MOF74,91,Mg,1.469026,1.474,-0.0050
Mg-MOF74,92,O,-0.613464,-0.728,+0.1145
Mg-MOF74,93,O,-0.412239,-0.526,+0.1138
Mg-MOF74,94,O,-0.607253,-0.661,+0.0537
Mg-MOF74,95,C,0.107691,0.425,-0.3173
Mg-MOF74,96,C,0.002644,-0.201,+0.2036
Mg-MOF74,97,C,0.036610,0.224,-0.1874
Mg-MOF74,98,C,-0.029768,-0.071,+0.0412
Mg-MOF74,99,H,0.046673,0.062,-0.0153
Mg-MOF74,100,Mg,1.468924,1.474,-0.0051
Mg-MOF74,101,O,-0.612547,-0.727,+0.1145
Mg-MOF74,102,O,-0.412061,-0.526,+0.1139
Mg-MOF74,103,O,-0.606528,-0.661,+0.0545
Mg-MOF74,104,C,0.108917,0.427,-0.3181
Mg-MOF74,105,C,0.000500,-0.204,+0.2045
Mg-MOF74,106,C,0.037618,0.226,-0.1884
Mg-MOF74,107,C,-0.031825,-0.074,+0.0422
Mg-MOF74,108,H,0.046613,0.063,-0.0164
Mg-MOF74,109,Mg,1.469002,1.474,-0.0050
Mg-MOF74,110,O,-0.613417,-0.728,+0.1146
Mg-MOF74,111,O,-0.412032,-0.526,+0.1140
Mg-MOF74,112,O,-0.606658,-0.661,+0.0543
Mg-MOF74,113,C,0.107785,0.425,-0.3172
Mg-MOF74,114,C,0.002680,-0.201,+0.2037
Mg-MOF74,115,C,0.037567,0.226,-0.1884
Mg-MOF74,116,C,-0.031746,-0.074,+0.0423
Mg-MOF74,117,H,0.046675,0.063,-0.0163
Mg-MOF74,118,Mg,1.469094,1.474,-0.0049
Mg-MOF74,119,O,-0.613365,-0.727,+0.1136
Mg-MOF74,120,O,-0.411970,-0.526,+0.1140
Mg-MOF74,121,O,-0.606600,-0.661,+0.0544
Mg-MOF74,122,C,0.107796,0.426,-0.3182
Mg-MOF74,123,C,0.002620,-0.201,+0.2036
Mg-MOF74,124,C,0.037314,0.226,-0.1887
Mg-MOF74,125,C,-0.031167,-0.073,+0.0418
Mg-MOF74,126,H,0.046629,0.063,-0.0164
Mg-MOF74,127,Mg,1.469001,1.474,-0.0050
Mg-MOF74,128,O,-0.612940,-0.727,+0.1141
Mg-MOF74,129,O,-0.412051,-0.526,+0.1139
Mg-MOF74,130,O,-0.606344,-0.661,+0.0547
Mg-MOF74,131,C,0.108301,0.426,-0.3177
Mg-MOF74,132,C,0.001653,-0.202,+0.2037
Mg-MOF74,133,C,0.037567,0.226,-0.1884
Mg-MOF74,134,C,-0.031709,-0.074,+0.0423
Mg-MOF74,135,H,0.046776,0.063,-0.0162
Mg-MOF74,136,Mg,1.468991,1.474,-0.0050
Mg-MOF74,137,O,-0.613526,-0.728,+0.1145
Mg-MOF74,138,O,-0.411919,-0.526,+0.1141
Mg-MOF74,139,O,-0.606531,-0.661,+0.0545
Mg-MOF74,140,C,0.107796,0.426,-0.3182
Mg-MOF74,141,C,0.002665,-0.201,+0.2037
Mg-MOF74,142,C,0.037609,0.226,-0.1884
Mg-MOF74,143,C,-0.031763,-0.074,+0.0422
Mg-MOF74,144,H,0.046666,0.063,-0.0163
Mg-MOF74,145,Mg,1.468992,1.474,-0.0050
Mg-MOF74,146,O,-0.613201,-0.727,+0.1138
Mg-MOF74,147,O,-0.411769,-0.526,+0.1142
Mg-MOF74,148,O,-0.606975,-0.661,+0.0540
Mg-MOF74,149,C,0.107870,0.426,-0.3181
Mg-MOF74,150,C,0.002656,-0.201,+0.2037
Mg-MOF74,151,C,0.037232,0.226,-0.1888
Mg-MOF74,152,C,-0.031111,-0.073,+0.0419
Mg-MOF74,153,H,0.046648,0.063,-0.0164
Mg-MOF74,154,Mg,1.468924,1.474,-0.0051
Mg-MOF74,155,O,-0.613314,-0.728,+0.1147
Mg-MOF74,156,O,-0.412079,-0.526,+0.1139
Mg-MOF74,157,O,-0.606465,-0.661,+0.0545
Mg-MOF74,158,C,0.108118,0.426,-0.3179
Mg-MOF74,159,C,0.001894,-0.202,+0.2039
Mg-MOF74,160,C,0.037481,0.226,-0.1885
Mg-MOF74,161,C,-0.031732,-0.074,+0.0423
Mg-MOF74,162,H,0.046732,0.063,-0.0163
MIL-47,1,O,-0.406570,-0.516,+0.1094
MIL-47,2,O,-0.397557,-0.501,+0.1034
MIL-47,3,C,-0.026120,-0.011,-0.0151
MIL-47,4,H,0.053816,0.056,-0.0022
MIL-47,5,C,-0.024222,-0.008,-0.0162
MIL-47,6,H,0.056141,0.057,-0.0009
MIL-47,7,C,0.031904,-0.083,+0.1149
MIL-47,8,C,0.145746,0.420,-0.2743
MIL-47,9,O,-0.406311,-0.516,+0.1097
MIL-47,10,O,-0.396350,-0.501,+0.1046
MIL-47,11,C,-0.025199,-0.011,-0.0142
MIL-47,12,H,0.054076,0.056,-0.0019
MIL-47,13,C,-0.026103,-0.007,-0.0191
MIL-47,14,H,0.055875,0.057,-0.0011
MIL-47,15,C,0.033003,-0.083,+0.1160
MIL-47,16,C,0.146948,0.420,-0.2731
MIL-47,17,O,-0.406494,-0.515,+0.1085
MIL-47,18,O,-0.397259,-0.501,+0.1037
MIL-47,19,C,-0.025830,-0.011,-0.0148
MIL-47,20,H,0.053973,0.056,-0.0020
MIL-47,21,C,-0.024541,-0.008,-0.0165
MIL-47,22,H,0.055982,0.057,-0.0010
MIL-47,23,C,0.031906,-0.083,+0.1149
MIL-47,24,C,0.145748,0.420,-0.2743
MIL-47,25,O,-0.406268,-0.515,+0.1087
MIL-47,26,O,-0.396365,-0.501,+0.1046
MIL-47,27,C,-0.025691,-0.012,-0.0137
MIL-47,28,H,0.054079,0.056,-0.0019
MIL-47,29,C,-0.025149,-0.007,-0.0181
MIL-47,30,H,0.055885,0.057,-0.0011
MIL-47,31,C,0.032353,-0.084,+0.1164
MIL-47,32,C,0.146667,0.420,-0.2733
MIL-47,33,O,-0.406570,-0.516,+0.1094
MIL-47,34,O,-0.397557,-0.501,+0.1034
MIL-47,35,C,-0.026120,-0.011,-0.0151
MIL-47,36,H,0.053816,0.056,-0.0022
MIL-47,37,C,-0.024222,-0.008,-0.0162
MIL-47,38,H,0.056141,0.057,-0.0009
MIL-47,39,C,0.031904,-0.083,+0.1149
MIL-47,40,C,0.145746,0.420,-0.2743
MIL-47,41,O,-0.406311,-0.516,+0.1097
MIL-47,42,O,-0.396350,-0.501,+0.1046
MIL-47,43,C,-0.025199,-0.011,-0.0142
MIL-47,44,H,0.054076,0.056,-0.0019
MIL-47,45,C,-0.026103,-0.007,-0.0191
MIL-47,46,H,0.055875,0.057,-0.0011
MIL-47,47,C,0.033003,-0.083,+0.1160
MIL-47,48,C,0.146948,0.420,-0.2731
MIL-47,49,O,-0.406494,-0.515,+0.1085
MIL-47,50,O,-0.397259,-0.501,+0.1037
MIL-47,51,C,-0.025830,-0.011,-0.0148
MIL-47,52,H,0.053973,0.056,-0.0020
MIL-47,53,C,-0.024541,-0.008,-0.0165
MIL-47,54,H,0.055982,0.057,-0.0010
MIL-47,55,C,0.031906,-0.083,+0.1149
MIL-47,56,C,0.145748,0.420,-0.2743
MIL-47,57,O,-0.406268,-0.515,+0.1087
MIL-47,58,O,-0.396365,-0.501,+0.1046
MIL-47,59,C,-0.025691,-0.012,-0.0137
MIL-47,60,H,0.054079,0.056,-0.0019
MIL-47,61,C,-0.025149,-0.007,-0.0181
MIL-47,62,H,0.055885,0.057,-0.0011
MIL-47,63,C,0.032353,-0.084,+0.1164
MIL-47,64,C,0.146667,0.420,-0.2733
MIL-47,65,V,1.835358,1.830,+0.0054
MIL-47,66,O,-0.704130,-0.659,-0.0451
MIL-47,67,V,1.835650,1.830,+0.0056
MIL-47,68,O,-0.704948,-0.659,-0.0459
MIL-47,69,V,1.835358,1.830,+0.0054
MIL-47,70,O,-0.704130,-0.659,-0.0451
MIL-47,71,V,1.835650,1.830,+0.0056
MIL-47,72,O,-0.704948,-0.659,-0.0459
Ni-MOF74,1,C,0.120182,0.432,-0.3118
Ni-MOF74,2,C,0.008060,-0.195,+0.2031
Ni-MOF74,3,C,0.037994,0.197,-0.1590
Ni-MOF74,4,C,-0.030074,-0.060,+0.0299
Ni-MOF74,5,H,0.046473,0.057,-0.0105
Ni-MOF74,6,Ni,1.108276,1.107,+0.0013
Ni-MOF74,7,O,-0.344151,-0.449,+0.1048
Ni-MOF74,8,O,-0.471078,-0.581,+0.1099
Ni-MOF74,9,O,-0.475390,-0.505,+0.0296
Ni-MOF74,10,C,0.121298,0.433,-0.3117
Ni-MOF74,11,C,0.007989,-0.197,+0.2050
Ni-MOF74,12,C,0.038433,0.196,-0.1576
Ni-MOF74,13,C,-0.028475,-0.059,+0.0305
Ni-MOF74,14,H,0.045084,0.056,-0.0109
Ni-MOF74,15,Ni,1.107463,1.106,+0.0015
Ni-MOF74,16,O,-0.345302,-0.450,+0.1047
Ni-MOF74,17,O,-0.470911,-0.581,+0.1101
Ni-MOF74,18,O,-0.474420,-0.504,+0.0296
Ni-MOF74,19,C,0.120099,0.431,-0.3109
Ni-MOF74,20,C,0.007752,-0.196,+0.2038
Ni-MOF74,21,C,0.038124,0.197,-0.1589
Ni-MOF74,22,C,-0.030097,-0.061,+0.0309
Ni-MOF74,23,H,0.046278,0.057,-0.0107
Ni-MOF74,24,Ni,1.108094,1.107,+0.0011
Ni-MOF74,25,O,-0.344581,-0.450,+0.1054
Ni-MOF74,26,O,-0.471269,-0.581,+0.1097
Ni-MOF74,27,O,-0.475305,-0.505,+0.0297
Ni-MOF74,28,C,0.120171,0.431,-0.3108
Ni-MOF74,29,C,0.007959,-0.196,+0.2040
Ni-MOF74,30,C,0.037657,0.196,-0.1583
Ni-MOF74,31,C,-0.030084,-0.061,+0.0309
Ni-MOF74,32,H,0.046571,0.058,-0.0114
Ni-MOF74,33,Ni,1.108442,1.107,+0.0014
Ni-MOF74,34,O,-0.344018,-0.449,+0.1050
Ni-MOF74,35,O,-0.471190,-0.581,+0.1098
Ni-MOF74,36,O,-0.475567,-0.505,+0.0294
Ni-MOF74,37,C,0.120207,0.431,-0.3108
Ni-MOF74,38,C,0.007891,-0.196,+0.2039
Ni-MOF74,39,C,0.038335,0.197,-0.1587
Ni-MOF74,40,C,-0.029370,-0.060,+0.0306
Ni-MOF74,41,H,0.045835,0.057,-0.0112
Ni-MOF74,42,Ni,1.107715,1.107,+0.0007
Ni-MOF74,43,O,-0.344276,-0.449,+0.1047
Ni-MOF74,44,O,-0.471383,-0.582,+0.1106
Ni-MOF74,45,O,-0.474733,-0.504,+0.0293
Ni-MOF74,46,C,0.120110,0.431,-0.3109
Ni-MOF74,47,C,0.007800,-0.196,+0.2038
Ni-MOF74,48,C,0.038176,0.197,-0.1588
Ni-MOF74,49,C,-0.030077,-0.061,+0.0309
Ni-MOF74,50,H,0.046366,0.057,-0.0106
Ni-MOF74,51,Ni,1.108233,1.107,+0.0012
Ni-MOF74,52,O,-0.344441,-0.450,+0.1056
Ni-MOF74,53,O,-0.471267,-0.581,+0.1097
Ni-MOF74,54,O,-0.475270,-0.505,+0.0297
Ni-MOF74,55,C,0.120108,0.431,-0.3109
Ni-MOF74,56,C,0.007798,-0.196,+0.2038
Ni-MOF74,57,C,0.037794,0.196,-0.1582
Ni-MOF74,58,C,-0.030093,-0.061,+0.0309
Ni-MOF74,59,H,0.046565,0.058,-0.0114
Ni-MOF74,60,Ni,1.108441,1.107,+0.0014
Ni-MOF74,61,O,-0.344017,-0.449,+0.1050
Ni-MOF74,62,O,-0.471445,-0.581,+0.1096
Ni-MOF74,63,O,-0.475480,-0.505,+0.0295
Ni-MOF74,64,C,0.120548,0.431,-0.3105
Ni-MOF74,65,C,0.007899,-0.196,+0.2039
Ni-MOF74,66,C,0.038285,0.196,-0.1577
Ni-MOF74,67,C,-0.029403,-0.060,+0.0306
Ni-MOF74,68,H,0.045878,0.057,-0.0111
Ni-MOF74,69,Ni,1.107911,1.107,+0.0009
Ni-MOF74,70,O,-0.344609,-0.450,+0.1054
Ni-MOF74,71,O,-0.471031,-0.581,+0.1100
Ni-MOF74,72,O,-0.475021,-0.504,+0.0290
Ni-MOF74,73,C,0.120137,0.431,-0.3109
Ni-MOF74,74,C,0.007775,-0.196,+0.2038
Ni-MOF74,75,C,0.038177,0.197,-0.1588
Ni-MOF74,76,C,-0.030077,-0.061,+0.0309
Ni-MOF74,77,H,0.046354,0.057,-0.0106
Ni-MOF74,78,Ni,1.108117,1.107,+0.0011
Ni-MOF74,79,O,-0.344375,-0.450,+0.1056
Ni-MOF74,80,O,-0.471335,-0.581,+0.1097
Ni-MOF74,81,O,-0.475255,-0.505,+0.0297
Ni-MOF74,82,C,0.120183,0.431,-0.3108
Ni-MOF74,83,C,0.008060,-0.196,+0.2041
Ni-MOF74,84,C,0.037998,0.196,-0.1580
Ni-MOF74,85,C,-0.030072,-0.061,+0.0309
Ni-MOF74,86,H,0.046473,0.057,-0.0105
Ni-MOF74,87,Ni,1.108281,1.107,+0.0013
Ni-MOF74,88,O,-0.344167,-0.449,+0.1048
Ni-MOF74,89,O,-0.471078,-0.581,+0.1099
Ni-MOF74,90,O,-0.475388,-0.505,+0.0296
Ni-MOF74,91,C,0.120099,0.431,-0.3109
Ni-MOF74,92,C,0.007752,-0.196,+0.2038
Ni-MOF74,93,C,0.038124,0.197,-0.1589
Ni-MOF74,94,C,-0.030098,-0.061,+0.0309
Ni-MOF74,95,H,0.046278,0.057,-0.0107
Ni-MOF74,96,Ni,1.108093,1.107,+0.0011
Ni-MOF74,97,O,-0.344581,-0.450,+0.1054
Ni-MOF74,98,O,-0.471269,-0.581,+0.1097
Ni-MOF74,99,O,-0.475282,-0.505,+0.0297
Ni-MOF74,100,C,0.121298,0.433,-0.3117
Ni-MOF74,101,C,0.007987,-0.197,+0.2050
Ni-MOF74,102,C,0.038433,0.196,-0.1576
Ni-MOF74,103,C,-0.028473,-0.059,+0.0305
Ni-MOF74,104,H,0.045084,0.056,-0.0109
Ni-MOF74,105,Ni,1.107463,1.106,+0.0015
Ni-MOF74,106,O,-0.345300,-0.450,+0.1047
Ni-MOF74,107,O,-0.470925,-0.581,+0.1101
Ni-MOF74,108,O,-0.474420,-0.504,+0.0296
Ni-MOF74,109,C,0.120171,0.431,-0.3108
Ni-MOF74,110,C,0.007959,-0.196,+0.2040
Ni-MOF74,111,C,0.037657,0.196,-0.1583
Ni-MOF74,112,C,-0.030084,-0.061,+0.0309
Ni-MOF74,113,H,0.046571,0.058,-0.0114
Ni-MOF74,114,Ni,1.108442,1.107,+0.0014
Ni-MOF74,115,O,-0.344018,-0.449,+0.1050
Ni-MOF74,116,O,-0.471189,-0.581,+0.1098
Ni-MOF74,117,O,-0.475567,-0.505,+0.0294
Ni-MOF74,118,C,0.120110,0.431,-0.3109
Ni-MOF74,119,C,0.007800,-0.196,+0.2038
Ni-MOF74,120,C,0.038176,0.197,-0.1588
Ni-MOF74,121,C,-0.030076,-0.061,+0.0309
Ni-MOF74,122,H,0.046367,0.057,-0.0106
Ni-MOF74,123,Ni,1.108232,1.107,+0.0012
Ni-MOF74,124,O,-0.344440,-0.450,+0.1056
Ni-MOF74,125,O,-0.471271,-0.581,+0.1097
Ni-MOF74,126,O,-0.475274,-0.505,+0.0297
Ni-MOF74,127,C,0.120206,0.431,-0.3108
Ni-MOF74,128,C,0.007891,-0.196,+0.2039
Ni-MOF74,129,C,0.038335,0.197,-0.1587
Ni-MOF74,130,C,-0.029370,-0.060,+0.0306
Ni-MOF74,131,H,0.045835,0.057,-0.0112
Ni-MOF74,132,Ni,1.107715,1.107,+0.0007
Ni-MOF74,133,O,-0.344276,-0.449,+0.1047
Ni-MOF74,134,O,-0.471370,-0.581,+0.1096
Ni-MOF74,135,O,-0.474732,-0.504,+0.0293
Ni-MOF74,136,C,0.120108,0.431,-0.3109
Ni-MOF74,137,C,0.007800,-0.196,+0.2038
Ni-MOF74,138,C,0.037795,0.196,-0.1582
Ni-MOF74,139,C,-0.030094,-0.061,+0.0309
Ni-MOF74,140,H,0.046564,0.058,-0.0114
Ni-MOF74,141,Ni,1.108435,1.107,+0.0014
Ni-MOF74,142,O,-0.344002,-0.449,+0.1050
Ni-MOF74,143,O,-0.471443,-0.581,+0.1096
Ni-MOF74,144,O,-0.475493,-0.505,+0.0295
Ni-MOF74,145,C,0.120135,0.431,-0.3109
Ni-MOF74,146,C,0.007776,-0.196,+0.2038
Ni-MOF74,147,C,0.038178,0.197,-0.1588
Ni-MOF74,148,C,-0.030076,-0.061,+0.0309
Ni-MOF74,149,H,0.046354,0.057,-0.0106
Ni-MOF74,150,Ni,1.108117,1.107,+0.0011
Ni-MOF74,151,O,-0.344373,-0.450,+0.1056
Ni-MOF74,152,O,-0.471318,-0.581,+0.1097
Ni-MOF74,153,O,-0.475255,-0.505,+0.0297
Ni-MOF74,154,C,0.120546,0.432,-0.3115
Ni-MOF74,155,C,0.007904,-0.196,+0.2039
Ni-MOF74,156,C,0.038285,0.196,-0.1577
Ni-MOF74,157,C,-0.029405,-0.060,+0.0306
Ni-MOF74,158,H,0.045878,0.057,-0.0111
Ni-MOF74,159,Ni,1.107910,1.107,+0.0009
Ni-MOF74,160,O,-0.344609,-0.450,+0.1054
Ni-MOF74,161,O,-0.471032,-0.581,+0.1100
Ni-MOF74,162,O,-0.475021,-0.504,+0.0290
Pd-2-pymo,1,N,-0.188729,-0.237,+0.0483
Pd-2-pymo,2,C,-0.005308,0.095,-0.1003
Pd-2-pymo,3,H,0.022719,-0.012,+0.0347
Pd-2-pymo,4,N,-0.188441,-0.237,+0.0486
Pd-2-pymo,5,C,0.001692,0.096,-0.0943
Pd-2-pymo,6,H,0.028567,-0.005,+0.0336
Pd-2-pymo,7,N,-0.196651,-0.248,+0.0513
Pd-2-pymo,8,C,-0.014293,0.085,-0.0993
Pd-2-pymo,9,H,0.013315,-0.021,+0.0343
Pd-2-pymo,10,N,-0.195650,-0.247,+0.0514
Pd-2-pymo,11,C,0.007284,0.097,-0.0897
Pd-2-pymo,12,H,0.042328,0.010,+0.0323
Pd-2-pymo,13,N,-0.188729,-0.238,+0.0493
Pd-2-pymo,14,C,-0.005308,0.094,-0.0993
Pd-2-pymo,15,H,0.022719,-0.013,+0.0357
Pd-2-pymo,16,N,-0.188441,-0.238,+0.0496
Pd-2-pymo,17,C,0.001692,0.095,-0.0933
Pd-2-pymo,18,H,0.028567,-0.006,+0.0346
Pd-2-pymo,19,N,-0.196651,-0.249,+0.0523
Pd-2-pymo,20,C,-0.014293,0.084,-0.0983
Pd-2-pymo,21,H,0.013315,-0.022,+0.0353
Pd-2-pymo,22,N,-0.195650,-0.247,+0.0514
Pd-2-pymo,23,C,0.007284,0.097,-0.0897
Pd-2-pymo,24,H,0.042328,0.010,+0.0323
Pd-2-pymo,25,N,-0.188729,-0.238,+0.0493
Pd-2-pymo,26,C,-0.005308,0.094,-0.0993
Pd-2-pymo,27,H,0.022719,-0.013,+0.0357
Pd-2-pymo,28,N,-0.188441,-0.238,+0.0496
Pd-2-pymo,29,C,0.001692,0.095,-0.0933
Pd-2-pymo,30,H,0.028567,-0.006,+0.0346
Pd-2-pymo,31,N,-0.196651,-0.249,+0.0523
Pd-2-pymo,32,C,-0.014293,0.084,-0.0983
Pd-2-pymo,33,H,0.013315,-0.022,+0.0353
Pd-2-pymo,34,N,-0.195650,-0.247,+0.0514
Pd-2-pymo,35,C,0.007284,0.097,-0.0897
Pd-2-pymo,36,H,0.042328,0.010,+0.0323
Pd-2-pymo,37,N,-0.189075,-0.238,+0.0489
Pd-2-pymo,38,C,0.004170,0.096,-0.0918
Pd-2-pymo,39,H,0.037915,0.005,+0.0329
Pd-2-pymo,40,N,-0.189468,-0.238,+0.0485
Pd-2-pymo,41,C,0.013909,0.097,-0.0831
Pd-2-pymo,42,H,0.046506,0.015,+0.0315
Pd-2-pymo,43,N,-0.168903,-0.215,+0.0461
Pd-2-pymo,44,C,-0.001627,0.095,-0.0966
Pd-2-pymo,45,H,0.024287,-0.011,+0.0353
Pd-2-pymo,46,N,-0.168604,-0.213,+0.0444
Pd-2-pymo,47,C,0.022558,0.108,-0.0854
Pd-2-pymo,48,H,0.055767,0.024,+0.0318
Pd-2-pymo,49,N,-0.168604,-0.213,+0.0444
Pd-2-pymo,50,C,0.022558,0.108,-0.0854
Pd-2-pymo,51,H,0.055767,0.024,+0.0318
Pd-2-pymo,52,N,-0.168903,-0.215,+0.0461
Pd-2-pymo,53,C,-0.001627,0.095,-0.0966
Pd-2-pymo,54,H,0.024287,-0.011,+0.0353
Pd-2-pymo,55,N,-0.189468,-0.238,+0.0485
Pd-2-pymo,56,C,0.013909,0.097,-0.0831
Pd-2-pymo,57,H,0.046506,0.015,+0.0315
Pd-2-pymo,58,N,-0.189075,-0.238,+0.0489
Pd-2-pymo,59,C,0.004170,0.096,-0.0918
Pd-2-pymo,60,H,0.037915,0.005,+0.0329
Pd-2-pymo,61,N,-0.168903,-0.215,+0.0461
Pd-2-pymo,62,C,-0.001627,0.095,-0.0966
Pd-2-pymo,63,H,0.024287,-0.011,+0.0353
Pd-2-pymo,64,N,-0.168604,-0.213,+0.0444
Pd-2-pymo,65,C,0.022558,0.108,-0.0854
Pd-2-pymo,66,H,0.055767,0.024,+0.0318
Pd-2-pymo,67,N,-0.189075,-0.238,+0.0489
Pd-2-pymo,68,C,0.004170,0.096,-0.0918
Pd-2-pymo,69,H,0.037915,0.005,+0.0329
Pd-2-pymo,70,N,-0.189468,-0.238,+0.0485
Pd-2-pymo,71,C,0.013909,0.097,-0.0831
Pd-2-pymo,72,H,0.046506,0.015,+0.0315
Pd-2-pymo,73,N,-0.189468,-0.238,+0.0485
Pd-2-pymo,74,C,0.013909,0.097,-0.0831
Pd-2-pymo,75,H,0.046506,0.015,+0.0315
Pd-2-pymo,76,N,-0.189075,-0.238,+0.0489
Pd-2-pymo,77,C,0.004170,0.096,-0.0918
Pd-2-pymo,78,H,0.037915,0.005,+0.0329
Pd-2-pymo,79,N,-0.168604,-0.213,+0.0444
Pd-2-pymo,80,C,0.022558,0.108,-0.0854
Pd-2-pymo,81,H,0.055767,0.024,+0.0318
Pd-2-pymo,82,N,-0.168903,-0.215,+0.0461
Pd-2-pymo,83,C,-0.001627,0.095,-0.0966
Pd-2-pymo,84,H,0.024287,-0.011,+0.0353
Pd-2-pymo,85,N,-0.189468,-0.238,+0.0485
Pd-2-pymo,86,C,0.013909,0.097,-0.0831
Pd-2-pymo,87,H,0.046506,0.015,+0.0315
Pd-2-pymo,88,N,-0.189075,-0.238,+0.0489
Pd-2-pymo,89,C,0.004170,0.096,-0.0918
Pd-2-pymo,90,H,0.037915,0.005,+0.0329
Pd-2-pymo,91,N,-0.168604,-0.213,+0.0444
Pd-2-pymo,92,C,0.022558,0.108,-0.0854
Pd-2-pymo,93,H,0.055767,0.024,+0.0318
Pd-2-pymo,94,N,-0.168903,-0.215,+0.0461
Pd-2-pymo,95,C,-0.001627,0.095,-0.0966
Pd-2-pymo,96,H,0.024287,-0.011,+0.0353
Pd-2-pymo,97,N,-0.189468,-0.238,+0.0485
Pd-2-pymo,98,C,0.013909,0.097,-0.0831
Pd-2-pymo,99,H,0.046506,0.015,+0.0315
Pd-2-pymo,100,N,-0.189075,-0.238,+0.0489
Pd-2-pymo,101,C,0.004170,0.096,-0.0918
Pd-2-pymo,102,H,0.037915,0.005,+0.0329
Pd-2-pymo,103,N,-0.168604,-0.213,+0.0444
Pd-2-pymo,104,C,0.022558,0.108,-0.0854
Pd-2-pymo,105,H,0.055767,0.024,+0.0318
Pd-2-pymo,106,N,-0.168903,-0.215,+0.0461
Pd-2-pymo,107,C,-0.001627,0.095,-0.0966
Pd-2-pymo,108,H,0.024287,-0.011,+0.0353
Pd-2-pymo,109,N,-0.188441,-0.238,+0.0496
Pd-2-pymo,110,C,0.001692,0.095,-0.0933
Pd-2-pymo,111,H,0.028567,-0.006,+0.0346
Pd-2-pymo,112,N,-0.188729,-0.238,+0.0493
Pd-2-pymo,113,C,-0.005308,0.094,-0.0993
Pd-2-pymo,114,H,0.022719,-0.013,+0.0357
Pd-2-pymo,115,N,-0.195650,-0.247,+0.0514
Pd-2-pymo,116,C,0.007284,0.097,-0.0897
Pd-2-pymo,117,H,0.042328,0.010,+0.0323
Pd-2-pymo,118,N,-0.196651,-0.249,+0.0523
Pd-2-pymo,119,C,-0.014293,0.084,-0.0983
Pd-2-pymo,120,H,0.013315,-0.022,+0.0353
Pd-2-pymo,121,N,-0.196651,-0.249,+0.0523
Pd-2-pymo,122,C,-0.014293,0.084,-0.0983
Pd-2-pymo,123,H,0.013315,-0.022,+0.0353
Pd-2-pymo,124,N,-0.195650,-0.247,+0.0514
Pd-2-pymo,125,C,0.007284,0.097,-0.0897
Pd-2-pymo,126,H,0.042328,0.010,+0.0323
Pd-2-pymo,127,N,-0.188729,-0.238,+0.0493
Pd-2-pymo,128,C,-0.005308,0.094,-0.0993
Pd-2-pymo,129,H,0.022719,-0.013,+0.0357
Pd-2-pymo,130,N,-0.188441,-0.238,+0.0496
Pd-2-pymo,131,C,0.001692,0.095,-0.0933
Pd-2-pymo,132,H,0.028567,-0.006,+0.0346
Pd-2-pymo,133,N,-0.195650,-0.247,+0.0514
Pd-2-pymo,134,C,0.007284,0.097,-0.0897
Pd-2-pymo,135,H,0.042328,0.010,+0.0323
Pd-2-pymo,136,N,-0.196651,-0.249,+0.0523
Pd-2-pymo,137,C,-0.014293,0.084,-0.0983
Pd-2-pymo,138,H,0.013315,-0.022,+0.0353
Pd-2-pymo,139,N,-0.188441,-0.238,+0.0496
Pd-2-pymo,140,C,0.001692,0.095,-0.0933
Pd-2-pymo,141,H,0.028567,-0.006,+0.0346
Pd-2-pymo,142,N,-0.188729,-0.238,+0.0493
Pd-2-pymo,143,C,-0.005308,0.094,-0.0993
Pd-2-pymo,144,H,0.022719,-0.013,+0.0357
Pd-2-pymo,145,Pd,0.782837,0.780,+0.0028
Pd-2-pymo,146,Pd,0.732933,0.730,+0.0029
Pd-2-pymo,147,Pd,0.782837,0.780,+0.0028
Pd-2-pymo,148,Pd,0.732933,0.730,+0.0029
Pd-2-pymo,149,Pd,0.782837,0.780,+0.0028
Pd-2-pymo,150,Pd,0.732933,0.730,+0.0029
Pd-2-pymo,151,Pd,0.782837,0.780,+0.0028
Pd-2-pymo,152,Pd,0.732933,0.730,+0.0029
Pd-2-pymo,153,Pd,0.782837,0.780,+0.0028
Pd-2-pymo,154,Pd,0.732933,0.730,+0.0029
Pd-2-pymo,155,Pd,0.782837,0.780,+0.0028
Pd-2-pymo,156,Pd,0.732933,0.730,+0.0029
Pd-2-pymo,157,C,0.118355,0.251,-0.1326
Pd-2-pymo,158,C,-0.020747,-0.160,+0.1393
Pd-2-pymo,159,O,-0.235542,-0.300,+0.0645
Pd-2-pymo,160,H,0.039378,0.092,-0.0526
Pd-2-pymo,161,C,0.125545,0.252,-0.1265
Pd-2-pymo,162,C,-0.026865,-0.161,+0.1341
Pd-2-pymo,163,O,-0.211462,-0.273,+0.0615
Pd-2-pymo,164,H,0.024973,0.075,-0.0500
Pd-2-pymo,165,C,0.108654,0.242,-0.1333
Pd-2-pymo,166,C,-0.037427,-0.169,+0.1316
Pd-2-pymo,167,O,-0.246962,-0.310,+0.0630
Pd-2-pymo,168,H,0.016247,0.065,-0.0488
Pd-2-pymo,169,C,0.118355,0.251,-0.1326
Pd-2-pymo,170,C,-0.020747,-0.160,+0.1393
Pd-2-pymo,171,O,-0.235542,-0.300,+0.0645
Pd-2-pymo,172,H,0.039378,0.092,-0.0526
Pd-2-pymo,173,C,0.118355,0.251,-0.1326
Pd-2-pymo,174,C,-0.020747,-0.160,+0.1393
Pd-2-pymo,175,O,-0.235542,-0.300,+0.0645
Pd-2-pymo,176,H,0.039378,0.092,-0.0526
Pd-2-pymo,177,C,0.125545,0.252,-0.1265
Pd-2-pymo,178,C,-0.026865,-0.161,+0.1341
Pd-2-pymo,179,O,-0.211462,-0.273,+0.0615
Pd-2-pymo,180,H,0.024973,0.075,-0.0500
Pd-2-pymo,181,C,0.108654,0.242,-0.1333
Pd-2-pymo,182,C,-0.037427,-0.169,+0.1316
Pd-2-pymo,183,O,-0.246962,-0.310,+0.0630
Pd-2-pymo,184,H,0.016247,0.065,-0.0488
Pd-2-pymo,185,C,0.118355,0.251,-0.1326
Pd-2-pymo,186,C,-0.020747,-0.160,+0.1393
Pd-2-pymo,187,O,-0.235542,-0.300,+0.0645
Pd-2-pymo,188,H,0.039378,0.092,-0.0526
Pd-2-pymo,189,C,0.118355,0.251,-0.1326
Pd-2-pymo,190,C,-0.020747,-0.160,+0.1393
Pd-2-pymo,191,O,-0.235542,-0.300,+0.0645
Pd-2-pymo,192,H,0.039378,0.092,-0.0526
Pd-2-pymo,193,C,0.125545,0.252,-0.1265
Pd-2-pymo,194,C,-0.026865,-0.161,+0.1341
Pd-2-pymo,195,O,-0.211462,-0.273,+0.0615
Pd-2-pymo,196,H,0.024973,0.075,-0.0500
Pd-2-pymo,197,C,0.108654,0.242,-0.1333
Pd-2-pymo,198,C,-0.037427,-0.169,+0.1316
Pd-2-pymo,199,O,-0.246962,-0.310,+0.0630
Pd-2-pymo,200,H,0.016247,0.065,-0.0488
Pd-2-pymo,201,C,0.118355,0.251,-0.1326
Pd-2-pymo,202,C,-0.020747,-0.160,+0.1393
Pd-2-pymo,203,O,-0.235542,-0.300,+0.0645
Pd-2-pymo,204,H,0.039378,0.092,-0.0526
Pd-2-pymo,205,C,0.123843,0.255,-0.1312
Pd-2-pymo,206,C,-0.021714,-0.159,+0.1373
Pd-2-pymo,207,O,-0.225147,-0.289,+0.0639
Pd-2-pymo,208,H,0.039608,0.092,-0.0524
Pd-2-pymo,209,C,0.133678,0.256,-0.1223
Pd-2-pymo,210,C,-0.028600,-0.159,+0.1304
Pd-2-pymo,211,O,-0.196830,-0.257,+0.0602
Pd-2-pymo,212,H,0.025306,0.075,-0.0497
Pd-2-pymo,213,C,0.133678,0.256,-0.1223
Pd-2-pymo,214,C,-0.028600,-0.159,+0.1304
Pd-2-pymo,215,O,-0.196830,-0.257,+0.0602
Pd-2-pymo,216,H,0.025306,0.075,-0.0497
Pd-2-pymo,217,C,0.146037,0.265,-0.1190
Pd-2-pymo,218,C,-0.012847,-0.150,+0.1372
Pd-2-pymo,219,O,-0.180924,-0.240,+0.0591
Pd-2-pymo,220,H,0.048371,0.102,-0.0536
Pd-2-pymo,221,C,0.146037,0.265,-0.1190
Pd-2-pymo,222,C,-0.012847,-0.150,+0.1372
Pd-2-pymo,223,O,-0.180924,-0.240,+0.0591
Pd-2-pymo,224,H,0.048371,0.102,-0.0536
Pd-2-pymo,225,C,0.133678,0.256,-0.1223
Pd-2-pymo,226,C,-0.028600,-0.159,+0.1304
Pd-2-pymo,227,O,-0.196830,-0.257,+0.0602
Pd-2-pymo,228,H,0.025306,0.075,-0.0497
Pd-2-pymo,229,C,0.133678,0.256,-0.1223
Pd-2-pymo,230,C,-0.028600,-0.159,+0.1304
Pd-2-pymo,231,O,-0.196830,-0.257,+0.0602
Pd-2-pymo,232,H,0.025306,0.075,-0.0497
Pd-2-pymo,233,C,0.123843,0.255,-0.1312
Pd-2-pymo,234,C,-0.021714,-0.159,+0.1373
Pd-2-pymo,235,O,-0.225147,-0.289,+0.0639
Pd-2-pymo,236,H,0.039608,0.092,-0.0524
Pd-2-pymo,237,C,0.133678,0.256,-0.1223
Pd-2-pymo,238,C,-0.028600,-0.159,+0.1304
Pd-2-pymo,239,O,-0.196830,-0.257,+0.0602
Pd-2-pymo,240,H,0.025306,0.075,-0.0497
Pd-2-pymo,241,C,0.146037,0.265,-0.1190
Pd-2-pymo,242,C,-0.012847,-0.150,+0.1372
Pd-2-pymo,243,O,-0.180924,-0.240,+0.0591
Pd-2-pymo,244,H,0.048371,0.102,-0.0536
Pd-2-pymo,245,C,0.123843,0.255,-0.1312
Pd-2-pymo,246,C,-0.021714,-0.159,+0.1373
Pd-2-pymo,247,O,-0.225147,-0.289,+0.0639
Pd-2-pymo,248,H,0.039608,0.092,-0.0524
Pd-2-pymo,249,C,0.133678,0.256,-0.1223
Pd-2-pymo,250,C,-0.028600,-0.159,+0.1304
Pd-2-pymo,251,O,-0.196830,-0.257,+0.0602
Pd-2-pymo,252,H,0.025306,0.075,-0.0497
UMCM-150,1,O,-0.318294,-0.410,+0.0917
UMCM-150,2,O,-0.319327,-0.401,+0.0817
UMCM-150,3,O,-0.304311,-0.397,+0.0927
UMCM-150,4,C,0.122882,0.365,-0.2421
UMCM-150,5,C,0.021437,-0.113,+0.1344
UMCM-150,6,C,-0.024073,0.025,-0.0491
UMCM-150,7,H,0.049212,0.039,+0.0102
UMCM-150,8,O,-0.316786,-0.410,+0.0932
UMCM-150,9,O,-0.320208,-0.402,+0.0818
UMCM-150,10,O,-0.327020,-0.425,+0.0980
UMCM-150,11,C,0.122362,0.364,-0.2416
UMCM-150,12,C,0.021150,-0.114,+0.1351
UMCM-150,13,C,-0.024851,0.025,-0.0499
UMCM-150,14,H,0.048300,0.038,+0.0103
UMCM-150,15,C,-0.033273,-0.158,+0.1247
UMCM-150,16,H,0.038410,0.091,-0.0526
UMCM-150,17,C,-0.025653,0.087,-0.1127
UMCM-150,18,H,0.050622,0.022,+0.0286
UMCM-150,19,C,-0.032990,-0.195,+0.1620
UMCM-150,20,H,0.038390,0.103,-0.0646
UMCM-150,21,C,-0.026412,0.122,-0.1484
UMCM-150,22,H,0.046486,0.005,+0.0415
UMCM-150,23,O,-0.318582,-0.410,+0.0914
UMCM-150,24,O,-0.319547,-0.402,+0.0825
UMCM-150,25,O,-0.341757,-0.452,+0.1102
UMCM-150,26,C,0.123002,0.365,-0.2420
UMCM-150,27,C,0.021345,-0.115,+0.1363
UMCM-150,28,C,-0.024282,0.027,-0.0513
UMCM-150,29,H,0.049164,0.037,+0.0122
UMCM-150,30,C,-0.032708,-0.167,+0.1343
UMCM-150,31,H,0.038887,0.095,-0.0561
UMCM-150,32,C,-0.025448,0.100,-0.1254
UMCM-150,33,H,0.050477,0.017,+0.0335
UMCM-150,34,C,-0.031471,-0.209,+0.1775
UMCM-150,35,H,0.040124,0.110,-0.0699
UMCM-150,36,C,-0.022273,0.142,-0.1643
UMCM-150,37,H,0.044398,-0.003,+0.0474
UMCM-150,38,O,-0.318292,-0.411,+0.0927
UMCM-150,39,O,-0.320629,-0.403,+0.0824
UMCM-150,40,O,-0.295255,-0.386,+0.0907
UMCM-150,41,C,0.123253,0.366,-0.2427
UMCM-150,42,C,0.021197,-0.115,+0.1362
UMCM-150,43,C,-0.024567,0.026,-0.0506
UMCM-150,44,H,0.048729,0.038,+0.0107
UMCM-150,45,O,-0.317300,-0.410,+0.0927
UMCM-150,46,O,-0.322599,-0.405,+0.0824
UMCM-150,47,O,-0.323932,-0.426,+0.1021
UMCM-150,48,C,0.125375,0.367,-0.2416
UMCM-150,49,C,0.021526,-0.115,+0.1365
UMCM-150,50,C,-0.024412,0.027,-0.0514
UMCM-150,51,H,0.049026,0.037,+0.0120
UMCM-150,52,C,-0.033014,-0.161,+0.1280
UMCM-150,53,H,0.038600,0.092,-0.0534
UMCM-150,54,C,-0.025824,0.090,-0.1158
UMCM-150,55,H,0.050750,0.021,+0.0298
UMCM-150,56,C,-0.031832,-0.202,+0.1702
UMCM-150,57,H,0.039652,0.106,-0.0663
UMCM-150,58,C,-0.021654,0.132,-0.1537
UMCM-150,59,H,0.041862,-0.001,+0.0429
UMCM-150,60,O,-0.315272,-0.409,+0.0937
UMCM-150,61,O,-0.324933,-0.406,+0.0811
UMCM-150,62,O,-0.301708,-0.400,+0.0983
UMCM-150,63,C,0.125795,0.369,-0.2432
UMCM-150,64,C,0.021580,-0.117,+0.1386
UMCM-150,65,C,-0.024028,0.029,-0.0530
UMCM-150,66,H,0.049472,0.038,+0.0115
UMCM-150,67,O,-0.318292,-0.411,+0.0927
UMCM-150,68,O,-0.319339,-0.402,+0.0827
UMCM-150,69,O,-0.303329,-0.397,+0.0937
UMCM-150,70,C,0.122878,0.364,-0.2411
UMCM-150,71,C,0.021428,-0.114,+0.1354
UMCM-150,72,C,-0.024067,0.025,-0.0491
UMCM-150,73,H,0.049235,0.039,+0.0102
UMCM-150,74,O,-0.316641,-0.410,+0.0934
UMCM-150,75,O,-0.320252,-0.402,+0.0817
UMCM-150,76,O,-0.327183,-0.425,+0.0978
UMCM-150,77,C,0.122320,0.364,-0.2417
UMCM-150,78,C,0.021144,-0.114,+0.1351
UMCM-150,79,C,-0.024878,0.025,-0.0499
UMCM-150,80,H,0.048261,0.038,+0.0103
UMCM-150,81,C,-0.033321,-0.158,+0.1247
UMCM-150,82,H,0.038347,0.091,-0.0527
UMCM-150,83,C,-0.025786,0.087,-0.1128
UMCM-150,84,H,0.050348,0.022,+0.0283
UMCM-150,85,C,-0.033054,-0.195,+0.1619
UMCM-150,86,H,0.038334,0.103,-0.0647
UMCM-150,87,C,-0.026756,0.121,-0.1478
UMCM-150,88,H,0.046901,0.005,+0.0419
UMCM-150,89,O,-0.318448,-0.410,+0.0916
UMCM-150,90,O,-0.319618,-0.402,+0.0824
UMCM-150,91,O,-0.348257,-0.458,+0.1097
UMCM-150,92,C,0.122940,0.365,-0.2421
UMCM-150,93,C,0.021316,-0.115,+0.1363
UMCM-150,94,C,-0.024352,0.027,-0.0514
UMCM-150,95,H,0.049063,0.038,+0.0111
UMCM-150,96,C,-0.032778,-0.165,+0.1322
UMCM-150,97,H,0.038885,0.094,-0.0551
UMCM-150,98,C,-0.025441,0.096,-0.1214
UMCM-150,99,H,0.051190,0.019,+0.0322
UMCM-150,100,C,-0.031635,-0.206,+0.1744
UMCM-150,101,H,0.039993,0.108,-0.0680
UMCM-150,102,C,-0.022773,0.137,-0.1598
UMCM-150,103,H,0.044174,-0.002,+0.0462
UMCM-150,104,O,-0.318199,-0.411,+0.0928
UMCM-150,105,O,-0.320714,-0.403,+0.0823
UMCM-150,106,O,-0.305148,-0.398,+0.0929
UMCM-150,107,C,0.123269,0.365,-0.2417
UMCM-150,108,C,0.021196,-0.115,+0.1362
UMCM-150,109,C,-0.024490,0.026,-0.0505
UMCM-150,110,H,0.048849,0.038,+0.0108
UMCM-150,111,O,-0.317613,-0.410,+0.0924
UMCM-150,112,O,-0.322278,-0.404,+0.0817
UMCM-150,113,O,-0.322979,-0.424,+0.1010
UMCM-150,114,C,0.125348,0.367,-0.2417
UMCM-150,115,C,0.021551,-0.115,+0.1366
UMCM-150,116,C,-0.024455,0.027,-0.0515
UMCM-150,117,H,0.048961,0.037,+0.0120
UMCM-150,118,C,-0.033185,-0.162,+0.1288
UMCM-150,119,H,0.038510,0.092,-0.0535
UMCM-150,120,C,-0.025673,0.091,-0.1167
UMCM-150,121,H,0.050848,0.021,+0.0298
UMCM-150,122,C,-0.031880,-0.202,+0.1701
UMCM-150,123,H,0.039628,0.106,-0.0664
UMCM-150,124,C,-0.021609,0.132,-0.1536
UMCM-150,125,H,0.041607,-0.001,+0.0426
UMCM-150,126,O,-0.315317,-0.409,+0.0937
UMCM-150,127,O,-0.324918,-0.406,+0.0811
UMCM-150,128,O,-0.343335,-0.453,+0.1097
UMCM-150,129,C,0.125854,0.369,-0.2431
UMCM-150,130,C,0.021650,-0.117,+0.1386
UMCM-150,131,C,-0.024393,0.029,-0.0534
UMCM-150,132,H,0.048953,0.037,+0.0120
UMCM-150,133,C,-0.032214,-0.168,+0.1358
UMCM-150,134,H,0.039375,0.095,-0.0556
UMCM-150,135,C,-0.024808,0.101,-0.1258
UMCM-150,136,H,0.051106,0.017,+0.0341
UMCM-150,137,C,-0.031531,-0.209,+0.1775
UMCM-150,138,H,0.039993,0.110,-0.0700
UMCM-150,139,C,-0.024087,0.142,-0.1661
UMCM-150,140,H,0.046954,-0.003,+0.0500
UMCM-150,141,O,-0.318060,-0.410,+0.0919
UMCM-150,142,O,-0.319618,-0.402,+0.0824
UMCM-150,143,O,-0.295155,-0.386,+0.0908
UMCM-150,144,C,0.122655,0.364,-0.2413
UMCM-150,145,C,0.021166,-0.114,+0.1352
UMCM-150,146,C,-0.024480,0.025,-0.0495
UMCM-150,147,H,0.048845,0.039,+0.0098
UMCM-150,148,O,-0.318752,-0.410,+0.0912
UMCM-150,149,O,-0.319204,-0.402,+0.0828
UMCM-150,150,O,-0.324063,-0.425,+0.1009
UMCM-150,151,C,0.123105,0.364,-0.2409
UMCM-150,152,C,0.021507,-0.114,+0.1355
UMCM-150,153,C,-0.024311,0.025,-0.0493
UMCM-150,154,H,0.048955,0.038,+0.0110
UMCM-150,155,C,-0.032914,-0.159,+0.1261
UMCM-150,156,H,0.038649,0.092,-0.0534
UMCM-150,157,C,-0.025662,0.088,-0.1137
UMCM-150,158,H,0.050813,0.021,+0.0298
UMCM-150,159,C,-0.031910,-0.198,+0.1661
UMCM-150,160,H,0.039556,0.105,-0.0654
UMCM-150,161,C,-0.022662,0.127,-0.1497
UMCM-150,162,H,0.043479,0.002,+0.0415
UMCM-150,163,O,-0.316593,-0.409,+0.0924
UMCM-150,164,O,-0.320300,-0.402,+0.0817
UMCM-150,165,O,-0.301835,-0.400,+0.0982
UMCM-150,166,C,0.122455,0.365,-0.2425
UMCM-150,167,C,0.021221,-0.115,+0.1362
UMCM-150,168,C,-0.024183,0.027,-0.0512
UMCM-150,169,H,0.049208,0.039,+0.0102
UMCM-150,170,O,-0.318430,-0.411,+0.0926
UMCM-150,171,O,-0.320406,-0.403,+0.0826
UMCM-150,172,O,-0.293486,-0.385,+0.0915
UMCM-150,173,C,0.123386,0.366,-0.2426
UMCM-150,174,C,0.021382,-0.115,+0.1364
UMCM-150,175,C,-0.024283,0.026,-0.0503
UMCM-150,176,H,0.048963,0.038,+0.0110
UMCM-150,177,O,-0.315563,-0.409,+0.0934
UMCM-150,178,O,-0.323402,-0.405,+0.0816
UMCM-150,179,O,-0.327897,-0.427,+0.0991
UMCM-150,180,C,0.124763,0.367,-0.2422
UMCM-150,181,C,0.021286,-0.115,+0.1363
UMCM-150,182,C,-0.024825,0.026,-0.0508
UMCM-150,183,H,0.048488,0.037,+0.0115
UMCM-150,184,C,-0.033257,-0.160,+0.1267
UMCM-150,185,H,0.038412,0.092,-0.0536
UMCM-150,186,C,-0.026123,0.089,-0.1151
UMCM-150,187,H,0.050240,0.021,+0.0292
UMCM-150,188,C,-0.032837,-0.199,+0.1662
UMCM-150,189,H,0.038559,0.105,-0.0664
UMCM-150,190,C,-0.025322,0.127,-0.1523
UMCM-150,191,H,0.044856,0.002,+0.0429
UMCM-150,192,O,-0.317120,-0.410,+0.0929
UMCM-150,193,O,-0.324141,-0.406,+0.0819
UMCM-150,194,O,-0.312907,-0.416,+0.1031
UMCM-150,195,C,0.126326,0.369,-0.2427
UMCM-150,196,C,0.021659,-0.117,+0.1387
UMCM-150,197,C,-0.023779,0.029,-0.0528
UMCM-150,198,H,0.049914,0.038,+0.0119
UMCM-150,199,O,-0.318047,-0.410,+0.0920
UMCM-150,200,O,-0.319627,-0.402,+0.0824
UMCM-150,201,O,-0.294092,-0.384,+0.0899
UMCM-150,202,C,0.122663,0.364,-0.2413
UMCM-150,203,C,0.021170,-0.114,+0.1352
UMCM-150,204,C,-0.024467,0.025,-0.0495
UMCM-150,205,H,0.048864,0.039,+0.0099
UMCM-150,206,O,-0.318895,-0.411,+0.0921
UMCM-150,207,O,-0.319120,-0.402,+0.0829
UMCM-150,208,O,-0.324083,-0.426,+0.1019
UMCM-150,209,C,0.123152,0.364,-0.2408
UMCM-150,210,C,0.021527,-0.114,+0.1355
UMCM-150,211,C,-0.024285,0.025,-0.0493
UMCM-150,212,H,0.048988,0.038,+0.0110
UMCM-150,213,C,-0.032951,-0.160,+0.1270
UMCM-150,214,H,0.038625,0.092,-0.0534
UMCM-150,215,C,-0.025786,0.088,-0.1138
UMCM-150,216,H,0.050617,0.021,+0.0296
UMCM-150,217,C,-0.031900,-0.199,+0.1671
UMCM-150,218,H,0.039573,0.105,-0.0654
UMCM-150,219,C,-0.022563,0.128,-0.1506
UMCM-150,220,H,0.043246,0.002,+0.0412
UMCM-150,221,O,-0.316759,-0.410,+0.0932
UMCM-150,222,O,-0.320244,-0.402,+0.0818
UMCM-150,223,O,-0.314474,-0.416,+0.1015
UMCM-150,224,C,0.122507,0.365,-0.2425
UMCM-150,225,C,0.021242,-0.115,+0.1362
UMCM-150,226,C,-0.024152,0.027,-0.0512
UMCM-150,227,H,0.049231,0.038,+0.0112
UMCM-150,228,O,-0.318365,-0.411,+0.0926
UMCM-150,229,O,-0.320546,-0.403,+0.0825
UMCM-150,230,O,-0.303432,-0.397,+0.0936
UMCM-150,231,C,0.123429,0.366,-0.2426
UMCM-150,232,C,0.021375,-0.115,+0.1364
UMCM-150,233,C,-0.024204,0.026,-0.0502
UMCM-150,234,H,0.049101,0.038,+0.0111
UMCM-150,235,O,-0.315605,-0.409,+0.0934
UMCM-150,236,O,-0.323259,-0.405,+0.0817
UMCM-150,237,O,-0.327039,-0.425,+0.0980
UMCM-150,238,C,0.124689,0.367,-0.2423
UMCM-150,239,C,0.021294,-0.115,+0.1363
UMCM-150,240,C,-0.024915,0.026,-0.0509
UMCM-150,241,H,0.048359,0.037,+0.0114
UMCM-150,242,C,-0.033413,-0.160,+0.1266
UMCM-150,243,H,0.038300,0.092,-0.0537
UMCM-150,244,C,-0.025934,0.089,-0.1149
UMCM-150,245,H,0.050296,0.021,+0.0293
UMCM-150,246,C,-0.032945,-0.198,+0.1651
UMCM-150,247,H,0.038471,0.104,-0.0655
UMCM-150,248,C,-0.025711,0.126,-0.1517
UMCM-150,249,H,0.045257,0.002,+0.0433
UMCM-150,250,O,-0.316886,-0.410,+0.0931
UMCM-150,251,O,-0.324303,-0.406,+0.0817
UMCM-150,252,O,-0.347852,-0.458,+0.1101
UMCM-150,253,C,0.126312,0.369,-0.2427
UMCM-150,254,C,0.021685,-0.117,+0.1387
UMCM-150,255,C,-0.024237,0.029,-0.0532
UMCM-150,256,H,0.049279,0.037,+0.0123
UMCM-150,257,C,-0.032626,-0.167,+0.1344
UMCM-150,258,H,0.039032,0.095,-0.0560
UMCM-150,259,C,-0.025349,0.099,-0.1243
UMCM-150,260,H,0.051308,0.019,+0.0323
UMCM-150,261,C,-0.031196,-0.210,+0.1788
UMCM-150,262,H,0.040483,0.110,-0.0695
UMCM-150,263,C,-0.021466,0.142,-0.1635
UMCM-150,264,H,0.042807,-0.005,+0.0478
UMCM-150,265,Cu,0.896621,0.904,-0.0074
UMCM-150,266,Cu,0.895238,0.904,-0.0088
UMCM-150,267,Cu,0.897260,0.904,-0.0067
UMCM-150,268,Cu,0.896559,0.904,-0.0074
UMCM-150,269,Cu,0.895461,0.903,-0.0075
UMCM-150,270,Cu,0.893559,0.903,-0.0094
UMCM-150,271,Cu,0.896622,0.904,-0.0074
UMCM-150,272,Cu,0.895115,0.904,-0.0089
UMCM-150,273,Cu,0.897084,0.904,-0.0069
UMCM-150,274,Cu,0.896563,0.904,-0.0074
UMCM-150,275,Cu,0.895665,0.903,-0.0073
UMCM-150,276,Cu,0.893667,0.903,-0.0093
UMCM-150,277,Cu,0.894019,0.902,-0.0080
UMCM-150,278,Cu,0.903703,0.915,-0.0113
UMCM-150,279,Cu,0.891739,0.902,-0.0103
UMCM-150,280,Cu,0.898540,0.909,-0.0105
UMCM-150,281,Cu,0.903988,0.915,-0.0110
UMCM-150,282,Cu,0.885815,0.893,-0.0072
UMCM-150,283,C,-0.017954,0.057,-0.0750
UMCM-150,284,H,0.060385,0.044,+0.0164
UMCM-150,285,C,-0.009871,-0.060,+0.0501
UMCM-150,286,C,-0.003923,0.127,-0.1309
UMCM-150,287,C,0.025242,-0.170,+0.1952
UMCM-150,288,C,0.112083,0.388,-0.2759
UMCM-150,289,C,-0.018316,0.057,-0.0753
UMCM-150,290,H,0.060104,0.044,+0.0161
UMCM-150,291,C,-0.010239,-0.059,+0.0488
UMCM-150,292,C,-0.004107,0.125,-0.1291
UMCM-150,293,C,0.025016,-0.166,+0.1910
UMCM-150,294,C,0.117115,0.391,-0.2739
UMCM-150,295,C,-0.018298,0.058,-0.0763
UMCM-150,296,H,0.060045,0.044,+0.0160
UMCM-150,297,C,-0.009888,-0.063,+0.0531
UMCM-150,298,C,-0.003915,0.135,-0.1389
UMCM-150,299,C,0.026340,-0.185,+0.2113
UMCM-150,300,C,0.117716,0.412,-0.2943
UMCM-150,301,C,-0.017955,0.058,-0.0760
UMCM-150,302,H,0.060727,0.044,+0.0167
UMCM-150,303,C,-0.010239,-0.061,+0.0508
UMCM-150,304,C,-0.004196,0.127,-0.1312
UMCM-150,305,C,0.024986,-0.169,+0.1940
UMCM-150,306,C,0.117069,0.393,-0.2759
UMCM-150,307,C,-0.017777,0.059,-0.0768
UMCM-150,308,H,0.060843,0.044,+0.0168
UMCM-150,309,C,-0.009894,-0.061,+0.0511
UMCM-150,310,C,-0.004026,0.129,-0.1330
UMCM-150,311,C,0.025325,-0.172,+0.1973
UMCM-150,312,C,0.112178,0.389,-0.2768
UMCM-150,313,C,-0.017504,0.060,-0.0775
UMCM-150,314,H,0.061241,0.044,+0.0172
UMCM-150,315,C,-0.009700,-0.064,+0.0543
UMCM-150,316,C,-0.003851,0.135,-0.1389
UMCM-150,317,C,0.025938,-0.183,+0.2089
UMCM-150,318,C,0.114237,0.404,-0.2898
UMCM-150,319,C,-0.017970,0.057,-0.0750
UMCM-150,320,H,0.060367,0.044,+0.0164
UMCM-150,321,C,-0.009877,-0.059,+0.0491
UMCM-150,322,C,-0.003912,0.127,-0.1309
UMCM-150,323,C,0.025302,-0.169,+0.1943
UMCM-150,324,C,0.112213,0.387,-0.2748
UMCM-150,325,C,-0.018322,0.057,-0.0753
UMCM-150,326,H,0.060103,0.044,+0.0161
UMCM-150,327,C,-0.010257,-0.059,+0.0487
UMCM-150,328,C,-0.004100,0.125,-0.1291
UMCM-150,329,C,0.024949,-0.166,+0.1909
UMCM-150,330,C,0.117097,0.392,-0.2749
UMCM-150,331,C,-0.018325,0.058,-0.0763
UMCM-150,332,H,0.060023,0.044,+0.0160
UMCM-150,333,C,-0.009932,-0.062,+0.0521
UMCM-150,334,C,-0.003972,0.132,-0.1360
UMCM-150,335,C,0.025720,-0.181,+0.2067
UMCM-150,336,C,0.114029,0.403,-0.2890
UMCM-150,337,C,-0.018009,0.058,-0.0760
UMCM-150,338,H,0.060665,0.044,+0.0167
UMCM-150,339,C,-0.010166,-0.061,+0.0508
UMCM-150,340,C,-0.004113,0.128,-0.1321
UMCM-150,341,C,0.024648,-0.171,+0.1956
UMCM-150,342,C,0.111079,0.388,-0.2769
UMCM-150,343,C,-0.017711,0.059,-0.0767
UMCM-150,344,H,0.060912,0.044,+0.0169
UMCM-150,345,C,-0.009950,-0.061,+0.0511
UMCM-150,346,C,-0.004138,0.129,-0.1331
UMCM-150,347,C,0.025644,-0.171,+0.1966
UMCM-150,348,C,0.118075,0.393,-0.2749
UMCM-150,349,C,-0.017482,0.060,-0.0775
UMCM-150,350,H,0.061257,0.044,+0.0173
UMCM-150,351,C,-0.009668,-0.064,+0.0543
UMCM-150,352,C,-0.003562,0.136,-0.1396
UMCM-150,353,C,0.026384,-0.185,+0.2114
UMCM-150,354,C,0.117986,0.412,-0.2940
UMCM-150N2,1,O,-0.329319,-0.469,+0.1397
UMCM-150N2,2,O,-0.319460,-0.409,+0.0895
UMCM-150N2,3,O,-0.315197,-0.405,+0.0898
UMCM-150N2,4,N,-0.111822,-0.148,+0.0362
UMCM-150N2,5,C,0.128138,0.378,-0.2499
UMCM-150N2,6,C,0.021682,-0.109,+0.1307
UMCM-150N2,7,C,-0.020458,0.024,-0.0445
UMCM-150N2,8,H,0.056881,0.053,+0.0039
UMCM-150N2,9,C,0.016726,0.150,-0.1333
UMCM-150N2,10,H,0.048755,0.009,+0.0398
UMCM-150N2,11,O,-0.330875,-0.471,+0.1401
UMCM-150N2,12,O,-0.319613,-0.409,+0.0894
UMCM-150N2,13,O,-0.314861,-0.405,+0.0901
UMCM-150N2,14,N,-0.111632,-0.149,+0.0374
UMCM-150N2,15,C,0.128132,0.377,-0.2489
UMCM-150N2,16,C,0.021681,-0.110,+0.1317
UMCM-150N2,17,C,-0.020365,0.023,-0.0434
UMCM-150N2,18,H,0.057094,0.052,+0.0051
UMCM-150N2,19,C,0.017088,0.149,-0.1319
UMCM-150N2,20,H,0.049387,0.009,+0.0404
UMCM-150N2,21,O,-0.328347,-0.469,+0.1407
UMCM-150N2,22,O,-0.319658,-0.410,+0.0903
UMCM-150N2,23,O,-0.314819,-0.405,+0.0902
UMCM-150N2,24,N,-0.111522,-0.148,+0.0365
UMCM-150N2,25,C,0.128130,0.377,-0.2489
UMCM-150N2,26,C,0.021684,-0.110,+0.1317
UMCM-150N2,27,C,-0.020310,0.023,-0.0433
UMCM-150N2,28,H,0.057170,0.052,+0.0052
UMCM-150N2,29,C,0.017417,0.149,-0.1316
UMCM-150N2,30,H,0.049759,0.009,+0.0408
UMCM-150N2,31,O,-0.329347,-0.470,+0.1407
UMCM-150N2,32,O,-0.320531,-0.411,+0.0905
UMCM-150N2,33,O,-0.315330,-0.406,+0.0907
UMCM-150N2,34,N,-0.111914,-0.149,+0.0371
UMCM-150N2,35,C,0.128699,0.378,-0.2493
UMCM-150N2,36,C,0.021663,-0.111,+0.1327
UMCM-150N2,37,C,-0.020568,0.024,-0.0446
UMCM-150N2,38,H,0.056766,0.052,+0.0048
UMCM-150N2,39,C,0.016583,0.149,-0.1324
UMCM-150N2,40,H,0.048603,0.008,+0.0406
UMCM-150N2,41,O,-0.331046,-0.472,+0.1410
UMCM-150N2,42,O,-0.322754,-0.413,+0.0902
UMCM-150N2,43,O,-0.313641,-0.405,+0.0914
UMCM-150N2,44,N,-0.111591,-0.149,+0.0374
UMCM-150N2,45,C,0.130413,0.380,-0.2496
UMCM-150N2,46,C,0.021741,-0.111,+0.1327
UMCM-150N2,47,C,-0.020436,0.024,-0.0444
UMCM-150N2,48,H,0.057167,0.052,+0.0052
UMCM-150N2,49,C,0.017096,0.149,-0.1319
UMCM-150N2,50,H,0.049428,0.009,+0.0404
UMCM-150N2,51,O,-0.328169,-0.469,+0.1408
UMCM-150N2,52,O,-0.324240,-0.414,+0.0898
UMCM-150N2,53,O,-0.313391,-0.405,+0.0916
UMCM-150N2,54,N,-0.111315,-0.148,+0.0367
UMCM-150N2,55,C,0.131450,0.382,-0.2506
UMCM-150N2,56,C,0.022014,-0.111,+0.1330
UMCM-150N2,57,C,-0.020174,0.025,-0.0452
UMCM-150N2,58,H,0.057403,0.052,+0.0054
UMCM-150N2,59,C,0.017699,0.149,-0.1313
UMCM-150N2,60,H,0.049994,0.010,+0.0400
UMCM-150N2,61,O,-0.329330,-0.470,+0.1407
UMCM-150N2,62,O,-0.319469,-0.410,+0.0905
UMCM-150N2,63,O,-0.315199,-0.406,+0.0908
UMCM-150N2,64,N,-0.111823,-0.149,+0.0372
UMCM-150N2,65,C,0.128135,0.377,-0.2489
UMCM-150N2,66,C,0.021682,-0.110,+0.1317
UMCM-150N2,67,C,-0.020458,0.023,-0.0435
UMCM-150N2,68,H,0.056881,0.052,+0.0049
UMCM-150N2,69,C,0.016726,0.149,-0.1323
UMCM-150N2,70,H,0.048755,0.008,+0.0408
UMCM-150N2,71,O,-0.330874,-0.472,+0.1411
UMCM-150N2,72,O,-0.319604,-0.410,+0.0904
UMCM-150N2,73,O,-0.314859,-0.406,+0.0911
UMCM-150N2,74,N,-0.111631,-0.149,+0.0374
UMCM-150N2,75,C,0.128128,0.377,-0.2489
UMCM-150N2,76,C,0.021685,-0.110,+0.1317
UMCM-150N2,77,C,-0.020366,0.023,-0.0434
UMCM-150N2,78,H,0.057095,0.052,+0.0051
UMCM-150N2,79,C,0.017086,0.149,-0.1319
UMCM-150N2,80,H,0.049389,0.009,+0.0404
UMCM-150N2,81,O,-0.328344,-0.469,+0.1407
UMCM-150N2,82,O,-0.319656,-0.410,+0.0903
UMCM-150N2,83,O,-0.314818,-0.405,+0.0902
UMCM-150N2,84,N,-0.111521,-0.148,+0.0365
UMCM-150N2,85,C,0.128133,0.377,-0.2489
UMCM-150N2,86,C,0.021682,-0.110,+0.1317
UMCM-150N2,87,C,-0.020312,0.023,-0.0433
UMCM-150N2,88,H,0.057171,0.052,+0.0052
UMCM-150N2,89,C,0.017418,0.149,-0.1316
UMCM-150N2,90,H,0.049756,0.009,+0.0408
UMCM-150N2,91,O,-0.329354,-0.470,+0.1406
UMCM-150N2,92,O,-0.320541,-0.411,+0.0905
UMCM-150N2,93,O,-0.315329,-0.406,+0.0907
UMCM-150N2,94,N,-0.111916,-0.149,+0.0371
UMCM-150N2,95,C,0.128699,0.378,-0.2493
UMCM-150N2,96,C,0.021662,-0.111,+0.1327
UMCM-150N2,97,C,-0.020567,0.024,-0.0446
UMCM-150N2,98,H,0.056766,0.052,+0.0048
UMCM-150N2,99,C,0.016587,0.149,-0.1324
UMCM-150N2,100,H,0.048604,0.008,+0.0406
UMCM-150N2,101,O,-0.331044,-0.472,+0.1410
UMCM-150N2,102,O,-0.322746,-0.413,+0.0903
UMCM-150N2,103,O,-0.313638,-0.405,+0.0914
UMCM-150N2,104,N,-0.111592,-0.149,+0.0374
UMCM-150N2,105,C,0.130405,0.380,-0.2496
UMCM-150N2,106,C,0.021747,-0.111,+0.1327
UMCM-150N2,107,C,-0.020435,0.024,-0.0444
UMCM-150N2,108,H,0.057168,0.052,+0.0052
UMCM-150N2,109,C,0.017099,0.149,-0.1319
UMCM-150N2,110,H,0.049428,0.009,+0.0404
UMCM-150N2,111,O,-0.328157,-0.469,+0.1408
UMCM-150N2,112,O,-0.324240,-0.414,+0.0898
UMCM-150N2,113,O,-0.313389,-0.405,+0.0916
UMCM-150N2,114,N,-0.111314,-0.148,+0.0367
UMCM-150N2,115,C,0.131454,0.382,-0.2505
UMCM-150N2,116,C,0.022011,-0.111,+0.1330
UMCM-150N2,117,C,-0.020174,0.025,-0.0452
UMCM-150N2,118,H,0.057403,0.052,+0.0054
UMCM-150N2,119,C,0.017702,0.149,-0.1313
UMCM-150N2,120,H,0.049991,0.010,+0.0400
UMCM-150N2,121,O,-0.329317,-0.470,+0.1407
UMCM-150N2,122,O,-0.319460,-0.410,+0.0905
UMCM-150N2,123,O,-0.315197,-0.406,+0.0908
UMCM-150N2,124,N,-0.111822,-0.149,+0.0372
UMCM-150N2,125,C,0.128138,0.377,-0.2489
UMCM-150N2,126,C,0.021682,-0.110,+0.1317
UMCM-150N2,127,C,-0.020459,0.023,-0.0435
UMCM-150N2,128,H,0.056881,0.052,+0.0049
UMCM-150N2,129,C,0.016724,0.149,-0.1323
UMCM-150N2,130,H,0.048755,0.008,+0.0408
UMCM-150N2,131,O,-0.330879,-0.472,+0.1411
UMCM-150N2,132,O,-0.319611,-0.410,+0.0904
UMCM-150N2,133,O,-0.314860,-0.405,+0.0901
UMCM-150N2,134,N,-0.111632,-0.149,+0.0374
UMCM-150N2,135,C,0.128133,0.377,-0.2489
UMCM-150N2,136,C,0.021681,-0.110,+0.1317
UMCM-150N2,137,C,-0.020366,0.023,-0.0434
UMCM-150N2,138,H,0.057095,0.052,+0.0051
UMCM-150N2,139,C,0.017089,0.149,-0.1319
UMCM-150N2,140,H,0.049388,0.009,+0.0404
UMCM-150N2,141,O,-0.328352,-0.469,+0.1406
UMCM-150N2,142,O,-0.319658,-0.410,+0.0903
UMCM-150N2,143,O,-0.314819,-0.405,+0.0902
UMCM-150N2,144,N,-0.111522,-0.148,+0.0365
UMCM-150N2,145,C,0.128125,0.377,-0.2489
UMCM-150N2,146,C,0.021687,-0.110,+0.1317
UMCM-150N2,147,C,-0.020310,0.023,-0.0433
UMCM-150N2,148,H,0.057171,0.052,+0.0052
UMCM-150N2,149,C,0.017418,0.149,-0.1316
UMCM-150N2,150,H,0.049757,0.009,+0.0408
UMCM-150N2,151,O,-0.329349,-0.470,+0.1407
UMCM-150N2,152,O,-0.320531,-0.411,+0.0905
UMCM-150N2,153,O,-0.315328,-0.406,+0.0907
UMCM-150N2,154,N,-0.111915,-0.149,+0.0371
UMCM-150N2,155,C,0.128697,0.378,-0.2493
UMCM-150N2,156,C,0.021665,-0.111,+0.1327
UMCM-150N2,157,C,-0.020567,0.024,-0.0446
UMCM-150N2,158,H,0.056766,0.052,+0.0048
UMCM-150N2,159,C,0.016588,0.149,-0.1324
UMCM-150N2,160,H,0.048603,0.008,+0.0406
UMCM-150N2,161,O,-0.331042,-0.472,+0.1410
UMCM-150N2,162,O,-0.322755,-0.413,+0.0902
UMCM-150N2,163,O,-0.313640,-0.405,+0.0914
UMCM-150N2,164,N,-0.111592,-0.149,+0.0374
UMCM-150N2,165,C,0.130409,0.380,-0.2496
UMCM-150N2,166,C,0.021742,-0.111,+0.1327
UMCM-150N2,167,C,-0.020435,0.024,-0.0444
UMCM-150N2,168,H,0.057168,0.052,+0.0052
UMCM-150N2,169,C,0.017098,0.149,-0.1319
UMCM-150N2,170,H,0.049426,0.009,+0.0404
UMCM-150N2,171,O,-0.328163,-0.469,+0.1408
UMCM-150N2,172,O,-0.324241,-0.414,+0.0898
UMCM-150N2,173,O,-0.313389,-0.405,+0.0916
UMCM-150N2,174,N,-0.111315,-0.148,+0.0367
UMCM-150N2,175,C,0.131452,0.382,-0.2505
UMCM-150N2,176,C,0.022013,-0.111,+0.1330
UMCM-150N2,177,C,-0.020173,0.025,-0.0452
UMCM-150N2,178,H,0.057403,0.052,+0.0054
UMCM-150N2,179,C,0.017702,0.149,-0.1313
UMCM-150N2,180,H,0.049995,0.010,+0.0400
UMCM-150N2,181,O,-0.329324,-0.470,+0.1407
UMCM-150N2,182,O,-0.319470,-0.410,+0.0905
UMCM-150N2,183,O,-0.315199,-0.406,+0.0908
UMCM-150N2,184,N,-0.111823,-0.149,+0.0372
UMCM-150N2,185,C,0.128140,0.377,-0.2489
UMCM-150N2,186,C,0.021679,-0.110,+0.1317
UMCM-150N2,187,C,-0.020458,0.023,-0.0435
UMCM-150N2,188,H,0.056880,0.052,+0.0049
UMCM-150N2,189,C,0.016725,0.149,-0.1323
UMCM-150N2,190,H,0.048757,0.008,+0.0408
UMCM-150N2,191,O,-0.330876,-0.472,+0.1411
UMCM-150N2,192,O,-0.319604,-0.410,+0.0904
UMCM-150N2,193,O,-0.314859,-0.406,+0.0911
UMCM-150N2,194,N,-0.111631,-0.149,+0.0374
UMCM-150N2,195,C,0.128128,0.377,-0.2489
UMCM-150N2,196,C,0.021686,-0.110,+0.1317
UMCM-150N2,197,C,-0.020364,0.023,-0.0434
UMCM-150N2,198,H,0.057094,0.052,+0.0051
UMCM-150N2,199,C,0.017088,0.149,-0.1319
UMCM-150N2,200,H,0.049389,0.009,+0.0404
UMCM-150N2,201,O,-0.328341,-0.469,+0.1407
UMCM-150N2,202,O,-0.319658,-0.410,+0.0903
UMCM-150N2,203,O,-0.314820,-0.405,+0.0902
UMCM-150N2,204,N,-0.111521,-0.148,+0.0365
UMCM-150N2,205,C,0.128132,0.377,-0.2489
UMCM-150N2,206,C,0.021682,-0.110,+0.1317
UMCM-150N2,207,C,-0.020310,0.023,-0.0433
UMCM-150N2,208,H,0.057170,0.052,+0.0052
UMCM-150N2,209,C,0.017418,0.149,-0.1316
UMCM-150N2,210,H,0.049755,0.009,+0.0408
UMCM-150N2,211,O,-0.329360,-0.470,+0.1406
UMCM-150N2,212,O,-0.320540,-0.411,+0.0905
UMCM-150N2,213,O,-0.315332,-0.406,+0.0907
UMCM-150N2,214,N,-0.111915,-0.149,+0.0371
UMCM-150N2,215,C,0.128697,0.378,-0.2493
UMCM-150N2,216,C,0.021663,-0.111,+0.1327
UMCM-150N2,217,C,-0.020567,0.024,-0.0446
UMCM-150N2,218,H,0.056766,0.052,+0.0048
UMCM-150N2,219,C,0.016585,0.149,-0.1324
UMCM-150N2,220,H,0.048603,0.008,+0.0406
UMCM-150N2,221,O,-0.331041,-0.472,+0.1410
UMCM-150N2,222,O,-0.322746,-0.413,+0.0903
UMCM-150N2,223,O,-0.313641,-0.405,+0.0914
UMCM-150N2,224,N,-0.111591,-0.149,+0.0374
UMCM-150N2,225,C,0.130408,0.380,-0.2496
UMCM-150N2,226,C,0.021745,-0.111,+0.1327
UMCM-150N2,227,C,-0.020436,0.024,-0.0444
UMCM-150N2,228,H,0.057167,0.052,+0.0052
UMCM-150N2,229,C,0.017093,0.149,-0.1319
UMCM-150N2,230,H,0.049429,0.009,+0.0404
UMCM-150N2,231,O,-0.328161,-0.469,+0.1408
UMCM-150N2,232,O,-0.324238,-0.414,+0.0898
UMCM-150N2,233,O,-0.313390,-0.405,+0.0916
UMCM-150N2,234,N,-0.111314,-0.148,+0.0367
UMCM-150N2,235,C,0.131458,0.382,-0.2505
UMCM-150N2,236,C,0.022010,-0.111,+0.1330
UMCM-150N2,237,C,-0.020175,0.025,-0.0452
UMCM-150N2,238,H,0.057403,0.052,+0.0054
UMCM-150N2,239,C,0.017699,0.149,-0.1313
UMCM-150N2,240,H,0.049993,0.010,+0.0400
UMCM-150N2,241,Cu,0.900375,0.910,-0.0096
UMCM-150N2,242,Cu,0.900005,0.910,-0.0100
UMCM-150N2,243,Cu,0.899999,0.910,-0.0100
UMCM-150N2,244,Cu,0.900310,0.910,-0.0097
UMCM-150N2,245,Cu,0.898465,0.909,-0.0105
UMCM-150N2,246,Cu,0.898457,0.909,-0.0105
UMCM-150N2,247,Cu,0.900375,0.910,-0.0096
UMCM-150N2,248,Cu,0.899999,0.910,-0.0100
UMCM-150N2,249,Cu,0.900007,0.910,-0.0100
UMCM-150N2,250,Cu,0.900309,0.910,-0.0097
UMCM-150N2,251,Cu,0.898457,0.909,-0.0105
UMCM-150N2,252,Cu,0.898463,0.909,-0.0105
UMCM-150N2,253,Cu,0.923288,0.951,-0.0277
UMCM-150N2,254,Cu,0.925453,0.953,-0.0275
UMCM-150N2,255,Cu,0.925451,0.953,-0.0275
UMCM-150N2,256,Cu,0.923295,0.951,-0.0277
UMCM-150N2,257,Cu,0.925451,0.953,-0.0275
UMCM-150N2,258,Cu,0.925457,0.953,-0.0275
UMCM-150N2,259,C,-0.017211,0.051,-0.0682
UMCM-150N2,260,H,0.059584,0.047,+0.0126
UMCM-150N2,261,C,-0.004312,-0.040,+0.0357
UMCM-150N2,262,C,0.084640,0.138,-0.0534
UMCM-150N2,263,C,0.020440,-0.247,+0.2674
UMCM-150N2,264,C,0.139194,0.532,-0.3928
UMCM-150N2,265,C,-0.017212,0.051,-0.0682
UMCM-150N2,266,H,0.059583,0.047,+0.0126
UMCM-150N2,267,C,-0.004310,-0.040,+0.0357
UMCM-150N2,268,C,0.084643,0.138,-0.0534
UMCM-150N2,269,C,0.020440,-0.247,+0.2674
UMCM-150N2,270,C,0.139193,0.532,-0.3928
UMCM-150N2,271,C,-0.017251,0.050,-0.0673
UMCM-150N2,272,H,0.059525,0.047,+0.0125
UMCM-150N2,273,C,-0.004198,-0.039,+0.0348
UMCM-150N2,274,C,0.084841,0.138,-0.0532
UMCM-150N2,275,C,0.020692,-0.246,+0.2667
UMCM-150N2,276,C,0.139927,0.531,-0.3911
UMCM-150N2,277,C,-0.016920,0.051,-0.0679
UMCM-150N2,278,H,0.060135,0.047,+0.0131
UMCM-150N2,279,C,-0.004323,-0.040,+0.0357
UMCM-150N2,280,C,0.084607,0.138,-0.0534
UMCM-150N2,281,C,0.020388,-0.247,+0.2674
UMCM-150N2,282,C,0.139134,0.532,-0.3929
UMCM-150N2,283,C,-0.016918,0.051,-0.0679
UMCM-150N2,284,H,0.060134,0.047,+0.0131
UMCM-150N2,285,C,-0.004323,-0.040,+0.0357
UMCM-150N2,286,C,0.084612,0.138,-0.0534
UMCM-150N2,287,C,0.020388,-0.247,+0.2674
UMCM-150N2,288,C,0.139134,0.532,-0.3929
UMCM-150N2,289,C,-0.016405,0.053,-0.0694
UMCM-150N2,290,H,0.060738,0.047,+0.0137
UMCM-150N2,291,C,-0.003924,-0.040,+0.0361
UMCM-150N2,292,C,0.085125,0.139,-0.0539
UMCM-150N2,293,C,0.020821,-0.245,+0.2658
UMCM-150N2,294,C,0.140099,0.531,-0.3909
UMCM-150N2,295,C,-0.017210,0.051,-0.0682
UMCM-150N2,296,H,0.059584,0.047,+0.0126
UMCM-150N2,297,C,-0.004310,-0.040,+0.0357
UMCM-150N2,298,C,0.084647,0.138,-0.0534
UMCM-150N2,299,C,0.020440,-0.247,+0.2674
UMCM-150N2,300,C,0.139194,0.532,-0.3928
UMCM-150N2,301,C,-0.017212,0.051,-0.0682
UMCM-150N2,302,H,0.059584,0.047,+0.0126
UMCM-150N2,303,C,-0.004310,-0.040,+0.0357
UMCM-150N2,304,C,0.084642,0.138,-0.0534
UMCM-150N2,305,C,0.020440,-0.247,+0.2674
UMCM-150N2,306,C,0.139194,0.532,-0.3928
UMCM-150N2,307,C,-0.017249,0.050,-0.0672
UMCM-150N2,308,H,0.059525,0.047,+0.0125
UMCM-150N2,309,C,-0.004198,-0.039,+0.0348
UMCM-150N2,310,C,0.084846,0.138,-0.0532
UMCM-150N2,311,C,0.020692,-0.246,+0.2667
UMCM-150N2,312,C,0.139929,0.531,-0.3911
UMCM-150N2,313,C,-0.016920,0.051,-0.0679
UMCM-150N2,314,H,0.060133,0.047,+0.0131
UMCM-150N2,315,C,-0.004323,-0.040,+0.0357
UMCM-150N2,316,C,0.084607,0.138,-0.0534
UMCM-150N2,317,C,0.020386,-0.247,+0.2674
UMCM-150N2,318,C,0.139132,0.532,-0.3929
UMCM-150N2,319,C,-0.016919,0.051,-0.0679
UMCM-150N2,320,H,0.060134,0.047,+0.0131
UMCM-150N2,321,C,-0.004325,-0.040,+0.0357
UMCM-150N2,322,C,0.084604,0.138,-0.0534
UMCM-150N2,323,C,0.020387,-0.247,+0.2674
UMCM-150N2,324,C,0.139134,0.532,-0.3929
UMCM-150N2,325,C,-0.016408,0.053,-0.0694
UMCM-150N2,326,H,0.060737,0.047,+0.0137
UMCM-150N2,327,C,-0.003924,-0.040,+0.0361
UMCM-150N2,328,C,0.085120,0.139,-0.0539
UMCM-150N2,329,C,0.020819,-0.245,+0.2658
UMCM-150N2,330,C,0.140098,0.531,-0.3909
ZIF-8,1,C,0.010537,-0.010,+0.0205
ZIF-8,2,H,0.013210,-0.004,+0.0172
ZIF-8,3,N,-0.157932,-0.202,+0.0441
ZIF-8,4,C,-0.003816,-0.015,+0.0112
ZIF-8,5,H,0.021655,0.001,+0.0207
ZIF-8,6,N,-0.227990,-0.297,+0.0690
ZIF-8,7,C,-0.039670,-0.030,-0.0097
ZIF-8,8,H,0.015267,-0.006,+0.0213
ZIF-8,9,H,0.040463,0.332,-0.2915
ZIF-8,10,H,0.013164,0.317,-0.3038
ZIF-8,11,H,0.009935,0.311,-0.3011
ZIF-8,12,N,-0.348443,-0.435,+0.0866
ZIF-8,13,C,-0.042474,-0.037,-0.0055
ZIF-8,14,H,-0.005113,-0.021,+0.0159
ZIF-8,15,N,-0.278507,-0.328,+0.0495
ZIF-8,16,C,0.010018,-0.010,+0.0200
ZIF-8,17,H,0.013065,-0.002,+0.0151
ZIF-8,18,N,-0.158254,-0.201,+0.0427
ZIF-8,19,C,-0.035032,-0.031,-0.0040
ZIF-8,20,H,-0.002443,-0.016,+0.0136
ZIF-8,21,N,-0.277928,-0.341,+0.0631
ZIF-8,22,C,-0.048998,-0.036,-0.0130
ZIF-8,23,H,0.009591,-0.007,+0.0166
ZIF-8,24,H,0.040981,0.332,-0.2910
ZIF-8,25,H,0.011847,0.315,-0.3032
ZIF-8,26,H,0.009893,0.311,-0.3011
ZIF-8,27,N,-0.349250,-0.435,+0.0857
ZIF-8,28,C,0.013829,-0.005,+0.0188
ZIF-8,29,H,0.037089,0.017,+0.0201
ZIF-8,30,H,0.090278,0.356,-0.2657
ZIF-8,31,H,0.028942,0.309,-0.2801
ZIF-8,32,H,0.041585,0.318,-0.2764
ZIF-8,33,N,-0.227919,-0.307,+0.0791
ZIF-8,34,C,0.011102,-0.010,+0.0211
ZIF-8,35,H,0.013388,-0.003,+0.0164
ZIF-8,36,N,-0.157396,-0.202,+0.0446
ZIF-8,37,C,-0.003769,-0.014,+0.0102
ZIF-8,38,H,0.021727,0.002,+0.0197
ZIF-8,39,N,-0.227940,-0.297,+0.0691
ZIF-8,40,C,-0.039592,-0.029,-0.0106
ZIF-8,41,H,0.015285,-0.007,+0.0223
ZIF-8,42,N,-0.347697,-0.435,+0.0873
ZIF-8,43,C,-0.042259,-0.036,-0.0063
ZIF-8,44,H,-0.005113,-0.021,+0.0159
ZIF-8,45,N,-0.278429,-0.328,+0.0496
ZIF-8,46,C,0.009500,-0.011,+0.0205
ZIF-8,47,H,0.012489,-0.005,+0.0175
ZIF-8,48,H,0.003608,0.103,-0.0994
ZIF-8,49,H,0.017636,0.126,-0.1084
ZIF-8,50,H,-0.001002,0.107,-0.1080
ZIF-8,51,N,-0.158875,-0.201,+0.0421
ZIF-8,52,C,-0.035547,-0.031,-0.0045
ZIF-8,53,H,-0.002973,-0.018,+0.0150
ZIF-8,54,H,0.007632,0.208,-0.2004
ZIF-8,55,H,0.006880,0.217,-0.2101
ZIF-8,56,H,0.035392,0.240,-0.2046
ZIF-8,57,N,-0.279060,-0.341,+0.0619
ZIF-8,58,C,-0.050120,-0.036,-0.0141
ZIF-8,59,H,0.008978,-0.009,+0.0180
ZIF-8,60,H,0.040616,0.329,-0.2884
ZIF-8,61,H,0.011727,0.313,-0.3013
ZIF-8,62,H,0.010124,0.310,-0.2999
ZIF-8,63,N,-0.350057,-0.435,+0.0849
ZIF-8,64,C,0.013047,-0.006,+0.0190
ZIF-8,65,H,0.036748,0.017,+0.0197
ZIF-8,66,H,0.090549,0.355,-0.2645
ZIF-8,67,H,0.028915,0.309,-0.2801
ZIF-8,68,H,0.041669,0.318,-0.2763
ZIF-8,69,N,-0.228657,-0.307,+0.0783
ZIF-8,70,C,0.010563,-0.009,+0.0196
ZIF-8,71,H,0.013262,-0.003,+0.0163
ZIF-8,72,N,-0.157930,-0.201,+0.0431
ZIF-8,73,C,-0.004309,-0.014,+0.0097
ZIF-8,74,H,0.021310,0.002,+0.0193
ZIF-8,75,N,-0.228308,-0.297,+0.0687
ZIF-8,76,C,-0.039619,-0.029,-0.0106
ZIF-8,77,H,0.015255,-0.006,+0.0213
ZIF-8,78,H,0.040494,0.333,-0.2925
ZIF-8,79,H,0.013189,0.317,-0.3038
ZIF-8,80,H,0.010025,0.312,-0.3020
ZIF-8,81,N,-0.348436,-0.435,+0.0866
ZIF-8,82,C,-0.042202,-0.036,-0.0062
ZIF-8,83,H,-0.005110,-0.021,+0.0159
ZIF-8,84,H,-0.048189,0.073,-0.1212
ZIF-8,85,H,-0.006375,0.119,-0.1254
ZIF-8,86,H,-0.037850,0.088,-0.1259
ZIF-8,87,N,-0.279051,-0.329,+0.0499
ZIF-8,88,C,0.010004,-0.010,+0.0200
ZIF-8,89,H,0.013009,-0.002,+0.0150
ZIF-8,90,H,0.003737,0.105,-0.1013
ZIF-8,91,H,0.017510,0.126,-0.1085
ZIF-8,92,H,-0.000857,0.108,-0.1089
ZIF-8,93,N,-0.158826,-0.201,+0.0422
ZIF-8,94,C,-0.034971,-0.030,-0.0050
ZIF-8,95,H,-0.002407,-0.016,+0.0136
ZIF-8,96,H,0.007539,0.208,-0.2005
ZIF-8,97,H,0.006960,0.218,-0.2110
ZIF-8,98,H,0.035389,0.240,-0.2046
ZIF-8,99,N,-0.278796,-0.341,+0.0622
ZIF-8,100,C,-0.050138,-0.036,-0.0141
ZIF-8,101,H,0.008967,-0.009,+0.0180
ZIF-8,102,H,0.040897,0.331,-0.2901
ZIF-8,103,H,0.011777,0.315,-0.3032
ZIF-8,104,H,0.009918,0.310,-0.3001
ZIF-8,105,N,-0.350098,-0.435,+0.0849
ZIF-8,106,C,0.012646,-0.005,+0.0176
ZIF-8,107,H,0.036406,0.013,+0.0234
ZIF-8,108,H,0.090309,0.355,-0.2647
ZIF-8,109,H,0.028862,0.309,-0.2801
ZIF-8,110,H,0.041753,0.318,-0.2762
ZIF-8,111,N,-0.228877,-0.306,+0.0771
ZIF-8,112,C,0.010759,-0.011,+0.0218
ZIF-8,113,H,0.013087,-0.007,+0.0201
ZIF-8,114,N,-0.157286,-0.202,+0.0447
ZIF-8,115,C,-0.004434,-0.015,+0.0106
ZIF-8,116,H,0.021434,-0.002,+0.0234
ZIF-8,117,N,-0.228157,-0.297,+0.0688
ZIF-8,118,C,-0.038852,-0.029,-0.0099
ZIF-8,119,H,0.015675,-0.003,+0.0187
ZIF-8,120,N,-0.347281,-0.435,+0.0877
ZIF-8,121,C,-0.041623,-0.036,-0.0056
ZIF-8,122,H,-0.004571,-0.019,+0.0144
ZIF-8,123,N,-0.278196,-0.329,+0.0508
ZIF-8,124,C,0.010365,-0.012,+0.0224
ZIF-8,125,H,0.013156,-0.003,+0.0162
ZIF-8,126,H,0.003950,0.106,-0.1020
ZIF-8,127,H,0.017595,0.127,-0.1094
ZIF-8,128,H,-0.001081,0.108,-0.1091
ZIF-8,129,N,-0.158240,-0.202,+0.0438
ZIF-8,130,C,-0.034435,-0.031,-0.0034
ZIF-8,131,H,-0.002457,-0.017,+0.0145
ZIF-8,132,H,0.008266,0.211,-0.2027
ZIF-8,133,H,0.006800,0.219,-0.2122
ZIF-8,134,H,0.035272,0.241,-0.2057
ZIF-8,135,N,-0.278128,-0.342,+0.0639
ZIF-8,136,C,-0.049372,-0.035,-0.0144
ZIF-8,137,H,0.009433,-0.007,+0.0164
ZIF-8,138,N,-0.348945,-0.435,+0.0861
ZIF-8,139,C,0.012681,-0.005,+0.0177
ZIF-8,140,H,0.036425,0.013,+0.0234
ZIF-8,141,N,-0.228246,-0.306,+0.0778
ZIF-8,142,C,0.010148,-0.011,+0.0211
ZIF-8,143,H,0.012898,-0.006,+0.0189
ZIF-8,144,N,-0.158002,-0.200,+0.0420
ZIF-8,145,C,-0.004935,-0.015,+0.0101
ZIF-8,146,H,0.021100,-0.002,+0.0231
ZIF-8,147,N,-0.228513,-0.296,+0.0675
ZIF-8,148,C,-0.039591,-0.030,-0.0096
ZIF-8,149,H,0.015278,-0.006,+0.0213
ZIF-8,150,H,0.040205,0.331,-0.2908
ZIF-8,151,H,0.013081,0.316,-0.3029
ZIF-8,152,H,0.010231,0.312,-0.3018
ZIF-8,153,N,-0.348407,-0.435,+0.0866
ZIF-8,154,C,-0.042235,-0.036,-0.0062
ZIF-8,155,H,-0.005132,-0.021,+0.0159
ZIF-8,156,H,-0.048749,0.070,-0.1187
ZIF-8,157,H,-0.006458,0.118,-0.1245
ZIF-8,158,H,-0.037449,0.088,-0.1254
ZIF-8,159,N,-0.279126,-0.329,+0.0499
ZIF-8,160,C,0.010549,-0.010,+0.0205
ZIF-8,161,H,0.013153,-0.003,+0.0162
ZIF-8,162,H,0.004168,0.108,-0.1038
ZIF-8,163,H,0.017497,0.128,-0.1105
ZIF-8,164,H,-0.000923,0.109,-0.1099
ZIF-8,165,N,-0.158297,-0.203,+0.0447
ZIF-8,166,C,-0.034497,-0.031,-0.0035
ZIF-8,167,H,-0.002434,-0.017,+0.0146
ZIF-8,168,H,0.008183,0.212,-0.2038
ZIF-8,169,H,0.006889,0.219,-0.2121
ZIF-8,170,H,0.035298,0.242,-0.2067
ZIF-8,171,N,-0.278164,-0.342,+0.0638
ZIF-8,172,C,-0.050097,-0.036,-0.0141
ZIF-8,173,H,0.009022,-0.009,+0.0180
ZIF-8,174,N,-0.349366,-0.435,+0.0856
ZIF-8,175,C,0.012721,-0.004,+0.0167
ZIF-8,176,H,0.036496,0.013,+0.0235
ZIF-8,177,N,-0.228250,-0.306,+0.0778
ZIF-8,178,C,0.010770,-0.011,+0.0218
ZIF-8,179,H,0.013064,-0.007,+0.0201
ZIF-8,180,H,0.003764,0.106,-0.1022
ZIF-8,181,H,0.017333,0.127,-0.1097
ZIF-8,182,H,-0.000660,0.108,-0.1087
ZIF-8,183,N,-0.157855,-0.202,+0.0441
ZIF-8,184,C,-0.005081,-0.015,+0.0099
ZIF-8,185,H,0.021013,-0.002,+0.0230
ZIF-8,186,H,0.040387,0.239,-0.1986
ZIF-8,187,H,0.030315,0.239,-0.2087
ZIF-8,188,H,-0.020649,0.192,-0.2126
ZIF-8,189,N,-0.228927,-0.297,+0.0681
ZIF-8,190,C,-0.040018,-0.029,-0.0110
ZIF-8,191,H,0.015090,-0.006,+0.0211
ZIF-8,192,N,-0.348153,-0.435,+0.0868
ZIF-8,193,C,-0.042329,-0.035,-0.0073
ZIF-8,194,H,-0.005048,-0.021,+0.0160
ZIF-8,195,H,-0.049452,0.067,-0.1165
ZIF-8,196,H,-0.006421,0.116,-0.1224
ZIF-8,197,H,-0.037458,0.087,-0.1245
ZIF-8,198,N,-0.279296,-0.328,+0.0487
ZIF-8,199,C,0.010362,-0.012,+0.0224
ZIF-8,200,H,0.013141,-0.003,+0.0161
ZIF-8,201,H,0.004011,0.107,-0.1030
ZIF-8,202,H,0.017605,0.127,-0.1094
ZIF-8,203,H,-0.001137,0.108,-0.1091
ZIF-8,204,N,-0.158221,-0.202,+0.0438
ZIF-8,205,C,-0.034506,-0.031,-0.0035
ZIF-8,206,H,-0.002446,-0.017,+0.0146
ZIF-8,207,H,0.007490,0.212,-0.2045
ZIF-8,208,H,0.006967,0.219,-0.2120
ZIF-8,209,H,0.034993,0.241,-0.2060
ZIF-8,210,N,-0.278141,-0.342,+0.0639
ZIF-8,211,C,-0.049318,-0.034,-0.0153
ZIF-8,212,H,0.009425,-0.008,+0.0174
ZIF-8,213,N,-0.348950,-0.435,+0.0861
ZIF-8,214,C,0.013100,-0.003,+0.0161
ZIF-8,215,H,0.036739,0.017,+0.0197
ZIF-8,216,N,-0.228126,-0.307,+0.0789
ZIF-8,217,C,-0.172067,-0.038,-0.1341
ZIF-8,218,C,-0.133933,-0.479,+0.3451
ZIF-8,219,C,0.030572,0.261,-0.2304
ZIF-8,220,C,-0.119586,-0.792,+0.6724
ZIF-8,221,C,0.235092,0.550,-0.3149
ZIF-8,222,C,-0.109554,-1.081,+0.9714
ZIF-8,223,C,0.007985,0.159,-0.1510
ZIF-8,224,C,-0.167562,-0.537,+0.3694
ZIF-8,225,C,-0.172064,-0.038,-0.1341
ZIF-8,226,C,-0.133913,-0.478,+0.3441
ZIF-8,227,C,0.029456,0.256,-0.2265
ZIF-8,228,C,-0.119687,-0.792,+0.6723
ZIF-8,229,C,0.231478,0.545,-0.3135
ZIF-8,230,C,-0.110391,-1.079,+0.9686
ZIF-8,231,C,0.054521,0.342,-0.2875
ZIF-8,232,C,-0.080821,-0.990,+0.9092
ZIF-8,233,C,-0.171137,-0.034,-0.1371
ZIF-8,234,C,-0.133641,-0.480,+0.3464
ZIF-8,235,C,0.030640,0.261,-0.2304
ZIF-8,236,C,-0.119292,-0.792,+0.6727
ZIF-8,237,C,0.235128,0.550,-0.3149
ZIF-8,238,C,-0.109407,-1.078,+0.9686
ZIF-8,239,C,0.008810,0.163,-0.1542
ZIF-8,240,C,-0.167230,-0.541,+0.3738
ZIF-8,241,C,-0.172614,-0.042,-0.1306
ZIF-8,242,C,-0.134116,-0.474,+0.3399
ZIF-8,243,C,0.029631,0.255,-0.2254
ZIF-8,244,C,-0.119587,-0.787,+0.6674
ZIF-8,245,C,0.230959,0.543,-0.3120
ZIF-8,246,C,-0.110438,-1.074,+0.9636
ZIF-8,247,C,0.054356,0.340,-0.2856
ZIF-8,248,C,-0.080779,-0.989,+0.9082
ZIF-8,249,C,-0.172059,-0.038,-0.1341
ZIF-8,250,C,-0.133915,-0.478,+0.3441
ZIF-8,251,C,0.031004,0.260,-0.2290
ZIF-8,252,C,-0.119209,-0.791,+0.6718
ZIF-8,253,C,0.235367,0.551,-0.3156
ZIF-8,254,C,-0.109442,-1.082,+0.9726
ZIF-8,255,C,0.008845,0.164,-0.1552
ZIF-8,256,C,-0.167362,-0.545,+0.3776
ZIF-8,257,C,-0.172057,-0.038,-0.1341
ZIF-8,258,C,-0.133889,-0.476,+0.3421
ZIF-8,259,C,0.029300,0.256,-0.2267
ZIF-8,260,C,-0.119678,-0.787,+0.6673
ZIF-8,261,C,0.231199,0.544,-0.3128
ZIF-8,262,C,-0.110488,-1.078,+0.9675
ZIF-8,263,C,0.054320,0.341,-0.2867
ZIF-8,264,C,-0.080765,-0.989,+0.9082
ZIF-8,265,Zn,1.130552,1.130,+0.0006
ZIF-8,266,Zn,1.129810,1.129,+0.0008
ZIF-8,267,Zn,1.130848,1.130,+0.0008
ZIF-8,268,Zn,1.129170,1.130,-0.0008
ZIF-8,269,Zn,1.130559,1.130,+0.0006
ZIF-8,270,Zn,1.129130,1.129,+0.0001
ZIF-8,271,Zn,1.131199,1.130,+0.0012
ZIF-8,272,Zn,1.129791,1.128,+0.0018
ZIF-8,273,Zn,1.130471,1.131,-0.0005
ZIF-8,274,Zn,1.129438,1.128,+0.0014
ZIF-8,275,Zn,1.130435,1.131,-0.0006
ZIF-8,276,Zn,1.129814,1.128,+0.0018
Zn-MOF74,1,Zn,1.206075,1.212,-0.0059
Zn-MOF74,2,O,-0.455770,-0.577,+0.1212
Zn-MOF74,3,O,-0.359168,-0.479,+0.1198
Zn-MOF74,4,O,-0.514495,-0.556,+0.0415
Zn-MOF74,5,C,0.101396,0.413,-0.3116
Zn-MOF74,6,C,-0.009750,-0.182,+0.1722
Zn-MOF74,7,C,0.013871,0.186,-0.1721
Zn-MOF74,8,C,-0.028813,-0.088,+0.0592
Zn-MOF74,9,H,0.048191,0.074,-0.0258
Zn-MOF74,10,Zn,1.206366,1.213,-0.0066
Zn-MOF74,11,O,-0.455677,-0.576,+0.1203
Zn-MOF74,12,O,-0.358489,-0.477,+0.1185
Zn-MOF74,13,O,-0.515809,-0.559,+0.0432
Zn-MOF74,14,C,0.101358,0.414,-0.3126
Zn-MOF74,15,C,-0.009922,-0.186,+0.1761
Zn-MOF74,16,C,0.016553,0.194,-0.1774
Zn-MOF74,17,C,-0.032290,-0.100,+0.0677
Zn-MOF74,18,H,0.048422,0.078,-0.0296
Zn-MOF74,19,Zn,1.206896,1.213,-0.0061
Zn-MOF74,20,O,-0.455147,-0.577,+0.1219
Zn-MOF74,21,O,-0.359203,-0.479,+0.1198
Zn-MOF74,22,O,-0.516430,-0.560,+0.0436
Zn-MOF74,23,C,0.103166,0.419,-0.3158
Zn-MOF74,24,C,-0.013167,-0.196,+0.1828
Zn-MOF74,25,C,0.016639,0.199,-0.1824
Zn-MOF74,26,C,-0.032272,-0.104,+0.0717
Zn-MOF74,27,H,0.048162,0.079,-0.0308
Zn-MOF74,28,Zn,1.205218,1.212,-0.0068
Zn-MOF74,29,O,-0.456255,-0.576,+0.1197
Zn-MOF74,30,O,-0.358854,-0.477,+0.1181
Zn-MOF74,31,O,-0.512425,-0.552,+0.0396
Zn-MOF74,32,C,0.101320,0.411,-0.3097
Zn-MOF74,33,C,-0.009985,-0.179,+0.1690
Zn-MOF74,34,C,0.010825,0.178,-0.1672
Zn-MOF74,35,C,-0.025883,-0.078,+0.0521
Zn-MOF74,36,H,0.048233,0.071,-0.0228
Zn-MOF74,37,Zn,1.206425,1.213,-0.0066
Zn-MOF74,38,O,-0.455716,-0.576,+0.1203
Zn-MOF74,39,O,-0.359031,-0.478,+0.1190
Zn-MOF74,40,O,-0.516097,-0.559,+0.0429
Zn-MOF74,41,C,0.101244,0.414,-0.3128
Zn-MOF74,42,C,-0.009758,-0.186,+0.1762
Zn-MOF74,43,C,0.016784,0.194,-0.1772
Zn-MOF74,44,C,-0.032445,-0.100,+0.0676
Zn-MOF74,45,H,0.048135,0.078,-0.0299
Zn-MOF74,46,Zn,1.206615,1.213,-0.0064
Zn-MOF74,47,O,-0.454301,-0.577,+0.1227
Zn-MOF74,48,O,-0.359197,-0.480,+0.1208
Zn-MOF74,49,O,-0.516468,-0.561,+0.0445
Zn-MOF74,50,C,0.104422,0.423,-0.3186
Zn-MOF74,51,C,-0.015610,-0.203,+0.1874
Zn-MOF74,52,C,0.016411,0.202,-0.1856
Zn-MOF74,53,C,-0.032245,-0.107,+0.0748
Zn-MOF74,54,H,0.048253,0.080,-0.0317
Zn-MOF74,55,Zn,1.205450,1.212,-0.0065
Zn-MOF74,56,O,-0.456150,-0.577,+0.1208
Zn-MOF74,57,O,-0.359064,-0.478,+0.1189
Zn-MOF74,58,O,-0.513881,-0.555,+0.0411
Zn-MOF74,59,C,0.101366,0.413,-0.3116
Zn-MOF74,60,C,-0.009810,-0.182,+0.1722
Zn-MOF74,61,C,0.013166,0.185,-0.1718
Zn-MOF74,62,C,-0.028786,-0.087,+0.0582
Zn-MOF74,63,H,0.048195,0.074,-0.0258
Zn-MOF74,64,Zn,1.206361,1.213,-0.0066
Zn-MOF74,65,O,-0.455507,-0.576,+0.1205
Zn-MOF74,66,O,-0.358189,-0.477,+0.1188
Zn-MOF74,67,O,-0.515910,-0.559,+0.0431
Zn-MOF74,68,C,0.101469,0.414,-0.3125
Zn-MOF74,69,C,-0.009904,-0.186,+0.1761
Zn-MOF74,70,C,0.016480,0.194,-0.1775
Zn-MOF74,71,C,-0.032325,-0.100,+0.0677
Zn-MOF74,72,H,0.048366,0.078,-0.0296
Zn-MOF74,73,Zn,1.206463,1.213,-0.0065
Zn-MOF74,74,O,-0.455607,-0.578,+0.1224
Zn-MOF74,75,O,-0.359244,-0.479,+0.1198
Zn-MOF74,76,O,-0.516071,-0.560,+0.0439
Zn-MOF74,77,C,0.102752,0.419,-0.3162
Zn-MOF74,78,C,-0.012550,-0.195,+0.1824
Zn-MOF74,79,C,0.016774,0.199,-0.1822
Zn-MOF74,80,C,-0.032293,-0.104,+0.0717
Zn-MOF74,81,H,0.048146,0.079,-0.0309
Zn-MOF74,82,Zn,1.206076,1.213,-0.0069
Zn-MOF74,83,O,-0.455753,-0.576,+0.1202
Zn-MOF74,84,O,-0.359162,-0.478,+0.1188
Zn-MOF74,85,O,-0.514490,-0.555,+0.0405
Zn-MOF74,86,C,0.101397,0.413,-0.3116
Zn-MOF74,87,C,-0.009748,-0.182,+0.1723
Zn-MOF74,88,C,0.013873,0.186,-0.1721
Zn-MOF74,89,C,-0.028813,-0.088,+0.0592
Zn-MOF74,90,H,0.048191,0.074,-0.0258
Zn-MOF74,91,Zn,1.206901,1.213,-0.0061
Zn-MOF74,92,O,-0.455147,-0.577,+0.1219
Zn-MOF74,93,O,-0.359193,-0.479,+0.1198
Zn-MOF74,94,O,-0.516412,-0.560,+0.0436
Zn-MOF74,95,C,0.103165,0.419,-0.3158
Zn-MOF74,96,C,-0.013166,-0.196,+0.1828
Zn-MOF74,97,C,0.016641,0.199,-0.1824
Zn-MOF74,98,C,-0.032271,-0.104,+0.0717
Zn-MOF74,99,H,0.048162,0.079,-0.0308
Zn-MOF74,100,Zn,1.206363,1.213,-0.0066
Zn-MOF74,101,O,-0.455666,-0.576,+0.1203
Zn-MOF74,102,O,-0.358489,-0.477,+0.1185
Zn-MOF74,103,O,-0.515805,-0.559,+0.0432
Zn-MOF74,104,C,0.101366,0.414,-0.3126
Zn-MOF74,105,C,-0.009923,-0.186,+0.1761
Zn-MOF74,106,C,0.016554,0.194,-0.1774
Zn-MOF74,107,C,-0.032289,-0.100,+0.0677
Zn-MOF74,108,H,0.048422,0.078,-0.0296
Zn-MOF74,109,Zn,1.205223,1.212,-0.0068
Zn-MOF74,110,O,-0.456250,-0.576,+0.1198
Zn-MOF74,111,O,-0.358869,-0.477,+0.1181
Zn-MOF74,112,O,-0.512450,-0.552,+0.0396
Zn-MOF74,113,C,0.101326,0.411,-0.3097
Zn-MOF74,114,C,-0.009987,-0.179,+0.1690
Zn-MOF74,115,C,0.010827,0.178,-0.1672
Zn-MOF74,116,C,-0.025887,-0.078,+0.0521
Zn-MOF74,117,H,0.048230,0.071,-0.0228
Zn-MOF74,118,Zn,1.206614,1.213,-0.0064
Zn-MOF74,119,O,-0.454316,-0.577,+0.1227
Zn-MOF74,120,O,-0.359198,-0.480,+0.1208
Zn-MOF74,121,O,-0.516462,-0.561,+0.0445
Zn-MOF74,122,C,0.104418,0.423,-0.3186
Zn-MOF74,123,C,-0.015606,-0.203,+0.1874
Zn-MOF74,124,C,0.016411,0.202,-0.1856
Zn-MOF74,125,C,-0.032243,-0.107,+0.0748
Zn-MOF74,126,H,0.048253,0.080,-0.0317
Zn-MOF74,127,Zn,1.206424,1.213,-0.0066
Zn-MOF74,128,O,-0.455730,-0.576,+0.1203
Zn-MOF74,129,O,-0.359031,-0.478,+0.1190
Zn-MOF74,130,O,-0.516115,-0.559,+0.0429
Zn-MOF74,131,C,0.101241,0.414,-0.3128
Zn-MOF74,132,C,-0.009758,-0.186,+0.1762
Zn-MOF74,133,C,0.016788,0.194,-0.1772
Zn-MOF74,134,C,-0.032449,-0.100,+0.0676
Zn-MOF74,135,H,0.048134,0.078,-0.0299
Zn-MOF74,136,Zn,1.205455,1.212,-0.0065
Zn-MOF74,137,O,-0.456163,-0.577,+0.1208
Zn-MOF74,138,O,-0.359066,-0.478,+0.1189
Zn-MOF74,139,O,-0.513894,-0.555,+0.0411
Zn-MOF74,140,C,0.101369,0.413,-0.3116
Zn-MOF74,141,C,-0.009808,-0.182,+0.1722
Zn-MOF74,142,C,0.013170,0.185,-0.1718
Zn-MOF74,143,C,-0.028786,-0.087,+0.0582
Zn-MOF74,144,H,0.048195,0.074,-0.0258
Zn-MOF74,145,Zn,1.206471,1.213,-0.0065
Zn-MOF74,146,O,-0.455618,-0.578,+0.1224
Zn-MOF74,147,O,-0.359243,-0.479,+0.1198
Zn-MOF74,148,O,-0.516077,-0.560,+0.0439
Zn-MOF74,149,C,0.102752,0.419,-0.3162
Zn-MOF74,150,C,-0.012550,-0.195,+0.1825
Zn-MOF74,151,C,0.016775,0.199,-0.1822
Zn-MOF74,152,C,-0.032292,-0.104,+0.0717
Zn-MOF74,153,H,0.048147,0.079,-0.0309
Zn-MOF74,154,Zn,1.206359,1.213,-0.0066
Zn-MOF74,155,O,-0.455514,-0.576,+0.1205
Zn-MOF74,156,O,-0.358185,-0.477,+0.1188
Zn-MOF74,157,O,-0.515913,-0.559,+0.0431
Zn-MOF74,158,C,0.101474,0.414,-0.3125
Zn-MOF74,159,C,-0.009897,-0.186,+0.1761
Zn-MOF74,160,C,0.016476,0.194,-0.1775
Zn-MOF74,161,C,-0.032328,-0.100,+0.0677
Zn-MOF74,162,H,0.048366,0.078,-0.0296
