# TRIAGE 2.4: one row per deposited atom; every metric recomputes from this file alone.
set,file,atom,element,mulliken,eem,sqe,included,reason
EQ,1-butene,1,C,-0.2942,-0.22864471,-0.21904105,True,
EQ,1-butene,2,C,-0.0381,-0.09199387,-0.08473679,True,
EQ,1-butene,3,C,-0.3409,-0.32921563,-0.30962864,True,
EQ,1-butene,4,H,0.1234,0.10947801,0.10601071,True,
EQ,1-butene,5,H,0.1341,0.13979717,0.13366262,True,
EQ,1-butene,6,H,0.1348,0.13642210,0.13031255,True,
EQ,1-butene,7,H,0.1397,0.12757629,0.12013658,True,
EQ,1-butene,8,H,0.1435,0.12348779,0.11661465,True,
EQ,1-butene,9,C,-0.4398,-0.41707537,-0.39393909,True,
EQ,1-butene,10,H,0.1516,0.14770022,0.13724524,True,
EQ,1-butene,11,H,0.1425,0.13900161,0.12987899,True,
EQ,1-butene,12,H,0.1433,0.14346641,0.13348422,True,
EQ,1-butyne,1,C,-0.2741,-0.24961200,-0.23638573,True,
EQ,1-butyne,2,C,-0.0790,0.02973397,0.03826658,True,
EQ,1-butyne,3,C,-0.2197,-0.24461679,-0.23052805,True,
EQ,1-butyne,4,H,0.2067,0.14278660,0.13967317,True,
EQ,1-butyne,5,C,-0.4384,-0.40113264,-0.38322910,True,
EQ,1-butyne,6,H,0.1707,0.13579524,0.12800275,True,
EQ,1-butyne,7,H,0.1707,0.13579524,0.12800275,True,
EQ,1-butyne,8,H,0.1592,0.15316990,0.14097160,True,
EQ,1-butyne,9,H,0.1592,0.15316990,0.14097160,True,
EQ,1-butyne,10,H,0.1448,0.14491058,0.13425443,True,
EQ,1-decene,1,H,0.1401,0.14085019,0.13134041,True,
EQ,1-decene,2,C,-0.4402,-0.42985268,-0.40358764,True,
EQ,1-decene,3,H,0.1401,0.14085019,0.13134041,True,
EQ,1-decene,4,C,-0.2464,-0.21276952,-0.20630635,True,
EQ,1-decene,5,H,0.1386,0.13712860,0.12794108,True,
EQ,1-decene,6,C,-0.2448,-0.24553369,-0.23319708,True,
EQ,1-decene,7,H,0.1297,0.11893069,0.11154462,True,
EQ,1-decene,8,H,0.1297,0.11893069,0.11154462,True,
EQ,1-decene,9,H,0.1268,0.12567033,0.11739615,True,
EQ,1-decene,10,H,0.1268,0.12567033,0.11739615,True,
EQ,1-decene,11,C,-0.2518,-0.24497404,-0.23275343,True,
EQ,1-decene,12,C,-0.2534,-0.24376010,-0.23169196,True,
EQ,1-decene,13,H,0.1270,0.12410428,0.11641718,True,
EQ,1-decene,14,H,0.1270,0.12410428,0.11641718,True,
EQ,1-decene,15,H,0.1277,0.12449365,0.11691340,True,
EQ,1-decene,16,H,0.1277,0.12449365,0.11691340,True,
EQ,1-decene,17,C,-0.2540,-0.24666257,-0.23374655,True,
EQ,1-decene,18,C,-0.2594,-0.23124616,-0.22204866,True,
EQ,1-decene,19,H,0.1277,0.12499061,0.11744287,True,
EQ,1-decene,20,H,0.1277,0.12499061,0.11744287,True,
EQ,1-decene,21,H,0.1357,0.12804599,0.12031858,True,
EQ,1-decene,22,H,0.1357,0.12804599,0.12031858,True,
EQ,1-decene,23,C,-0.2957,-0.26114294,-0.24405206,True,
EQ,1-decene,24,C,-0.0583,-0.09610933,-0.08683027,True,
EQ,1-decene,25,H,0.1430,0.12633716,0.12073609,True,
EQ,1-decene,26,H,0.1430,0.12633716,0.12073609,True,
EQ,1-decene,27,C,-0.3396,-0.32732018,-0.30428070,True,
EQ,1-decene,28,H,0.1194,0.10375549,0.10245639,True,
EQ,1-decene,29,H,0.1369,0.13863578,0.13486344,True,
EQ,1-decene,30,H,0.1334,0.13300558,0.12901516,True,
EQ,1-hexene,1,H,0.1312,0.13910340,0.13381905,True,
EQ,1-hexene,2,C,-0.3418,-0.33300936,-0.31162389,True,
EQ,1-hexene,3,C,-0.0578,-0.09281072,-0.08470013,True,
EQ,1-hexene,4,H,0.1340,0.13571014,0.13055573,True,
EQ,1-hexene,5,C,-0.2897,-0.26133257,-0.24563550,True,
EQ,1-hexene,6,H,0.1250,0.10886154,0.10661915,True,
EQ,1-hexene,7,C,-0.2618,-0.24018528,-0.22900754,True,
EQ,1-hexene,8,H,0.1493,0.13149842,0.12439763,True,
EQ,1-hexene,9,H,0.1492,0.13149842,0.12439763,True,
EQ,1-hexene,10,C,-0.2482,-0.21165276,-0.20553868,True,
EQ,1-hexene,11,H,0.1330,0.12788563,0.11958859,True,
EQ,1-hexene,12,H,0.1330,0.12788563,0.11958859,True,
EQ,1-hexene,13,C,-0.4409,-0.42821394,-0.40259024,True,
EQ,1-hexene,14,H,0.1315,0.12079608,0.11306299,True,
EQ,1-hexene,15,H,0.1315,0.12079608,0.11306299,True,
EQ,1-hexene,16,H,0.1402,0.13856156,0.12916240,True,
EQ,1-hexene,17,H,0.1412,0.14230385,0.13242062,True,
EQ,1-hexene,18,H,0.1412,0.14230385,0.13242062,True,
EQ,1-octene,1,H,0.1228,0.10668575,0.10509435,True,
EQ,1-octene,2,C,-0.0429,-0.09335686,-0.08458040,True,
EQ,1-octene,3,C,-0.3419,-0.33230101,-0.30987593,True,
EQ,1-octene,4,C,-0.3005,-0.26145594,-0.24501087,True,
EQ,1-octene,5,H,0.1338,0.13469487,0.13022891,True,
EQ,1-octene,6,H,0.1330,0.13833518,0.13373488,True,
EQ,1-octene,7,H,0.1360,0.13105852,0.12442044,True,
EQ,1-octene,8,C,-0.2540,-0.23500012,-0.22480080,True,
EQ,1-octene,9,H,0.1395,0.12678487,0.12085808,True,
EQ,1-octene,10,H,0.1380,0.12950480,0.12160253,True,
EQ,1-octene,11,H,0.1292,0.12512652,0.11774382,True,
EQ,1-octene,12,C,-0.2524,-0.24559794,-0.23314494,True,
EQ,1-octene,13,H,0.1285,0.12531990,0.11749091,True,
EQ,1-octene,14,C,-0.2454,-0.24493858,-0.23277895,True,
EQ,1-octene,15,H,0.1278,0.12487686,0.11710491,True,
EQ,1-octene,16,H,0.1282,0.12653345,0.11814318,True,
EQ,1-octene,17,H,0.1273,0.12615285,0.11780385,True,
EQ,1-octene,18,C,-0.2466,-0.21239152,-0.20612852,True,
EQ,1-octene,19,H,0.1302,0.11950308,0.11193322,True,
EQ,1-octene,20,C,-0.4404,-0.42929815,-0.40332456,True,
EQ,1-octene,21,H,0.1300,0.11939138,0.11184313,True,
EQ,1-octene,22,H,0.1405,0.14142574,0.13172056,True,
EQ,1-octene,23,H,0.1403,0.14132176,0.13162853,True,
EQ,1-octene,24,H,0.1390,0.13762459,0.12829366,True,
EQ,2-methoxyethanol,1,H,0.1353,0.15057772,0.13961999,True,
EQ,2-methoxyethanol,2,C,-0.1919,-0.20529898,-0.19593160,True,
EQ,2-methoxyethanol,3,H,0.1323,0.14945591,0.13847734,True,
EQ,2-methoxyethanol,4,O,-0.4720,-0.46222565,-0.43385536,True,
EQ,2-methoxyethanol,5,H,0.1594,0.16112144,0.14891965,True,
EQ,2-methoxyethanol,6,C,-0.0220,-0.05306102,-0.05291147,True,
EQ,2-methoxyethanol,7,H,0.1072,0.13911274,0.12891552,True,
EQ,2-methoxyethanol,8,H,0.1338,0.14696105,0.13683410,True,
EQ,2-methoxyethanol,9,C,-0.0551,-0.04521492,-0.04520222,True,
EQ,2-methoxyethanol,10,O,-0.6142,-0.57340925,-0.54631827,True,
EQ,2-methoxyethanol,11,H,0.1613,0.16069065,0.15000701,True,
EQ,2-methoxyethanol,12,H,0.1360,0.14907823,0.13847849,True,
EQ,2-methoxyethanol,13,H,0.3899,0.28221209,0.29296683,True,
EQ,2-methyl_2-butanol,1,H,0.1352,0.15228815,0.13812844,True,
EQ,2-methyl_2-butanol,2,C,-0.4677,-0.40088018,-0.38447986,True,
EQ,2-methyl_2-butanol,3,H,0.1466,0.14400542,0.13268274,True,
EQ,2-methyl_2-butanol,4,C,-0.2446,-0.26920629,-0.25474031,True,
EQ,2-methyl_2-butanol,5,H,0.1493,0.14179693,0.13140932,True,
EQ,2-methyl_2-butanol,6,C,0.3200,0.29438585,0.27073734,True,
EQ,2-methyl_2-butanol,7,H,0.1404,0.14513491,0.13454531,True,
EQ,2-methyl_2-butanol,8,H,0.1252,0.12977492,0.12177675,True,
EQ,2-methyl_2-butanol,9,C,-0.4676,-0.47974653,-0.44724880,True,
EQ,2-methyl_2-butanol,10,O,-0.6422,-0.61558176,-0.57880897,True,
EQ,2-methyl_2-butanol,11,C,-0.4474,-0.46629379,-0.43661449,True,
EQ,2-methyl_2-butanol,12,H,0.1495,0.16900268,0.15549284,True,
EQ,2-methyl_2-butanol,13,H,0.1509,0.16698076,0.15418314,True,
EQ,2-methyl_2-butanol,14,H,0.1386,0.14947187,0.13934491,True,
EQ,2-methyl_2-butanol,15,H,0.3870,0.26471062,0.28158719,True,
EQ,2-methyl_2-butanol,16,H,0.1323,0.15715309,0.14579357,True,
EQ,2-methyl_2-butanol,17,H,0.1538,0.16481058,0.15286928,True,
EQ,2-methyl_2-butanol,18,H,0.1408,0.15219278,0.14334161,True,
EQ,2-methylheptane,1,H,0.1401,0.13852927,0.13076783,True,
EQ,2-methylheptane,2,C,-0.4402,-0.43251643,-0.40408810,True,
EQ,2-methylheptane,3,H,0.1401,0.13853854,0.13077545,True,
EQ,2-methylheptane,4,C,-0.2467,-0.21454714,-0.20673368,True,
EQ,2-methylheptane,5,H,0.1386,0.13456977,0.12721984,True,
EQ,2-methylheptane,6,C,-0.2458,-0.24844578,-0.23470075,True,
EQ,2-methylheptane,7,H,0.1298,0.11678853,0.11098212,True,
EQ,2-methylheptane,8,H,0.1297,0.11668297,0.11087425,True,
EQ,2-methylheptane,9,H,0.1270,0.12411212,0.11696612,True,
EQ,2-methylheptane,10,H,0.1267,0.12373117,0.11663864,True,
EQ,2-methylheptane,11,C,-0.2586,-0.23958989,-0.22834895,True,
EQ,2-methylheptane,12,C,-0.2460,-0.27299108,-0.25411661,True,
EQ,2-methylheptane,13,H,0.1263,0.12149618,0.11505419,True,
EQ,2-methylheptane,14,H,0.1328,0.12341989,0.11675033,True,
EQ,2-methylheptane,15,H,0.1234,0.12860211,0.12065316,True,
EQ,2-methylheptane,16,H,0.1239,0.12459330,0.11715939,True,
EQ,2-methylheptane,17,C,-0.0641,-0.01712958,-0.02961680,True,
EQ,2-methylheptane,18,C,-0.4414,-0.45916300,-0.42546410,True,
EQ,2-methylheptane,19,H,0.1192,0.09876507,0.09449038,True,
EQ,2-methylheptane,20,C,-0.4457,-0.45247588,-0.42047109,True,
EQ,2-methylheptane,21,H,0.1376,0.14409581,0.13521249,True,
EQ,2-methylheptane,22,H,0.1369,0.13856702,0.13043405,True,
EQ,2-methylheptane,23,H,0.1365,0.14033611,0.13190972,True,
EQ,2-methylheptane,24,H,0.1376,0.14448731,0.13525326,True,
EQ,2-methylheptane,25,H,0.1384,0.13970425,0.13095110,True,
EQ,2-methylheptane,26,H,0.1440,0.13983937,0.13144776,True,
EQ,2-methylhexane,1,H,0.1401,0.13828695,0.13053760,True,
EQ,2-methylhexane,2,C,-0.4406,-0.43272072,-0.40425410,True,
EQ,2-methylhexane,3,H,0.1402,0.13840468,0.13066032,True,
EQ,2-methylhexane,4,C,-0.2473,-0.21592273,-0.20783215,True,
EQ,2-methylhexane,5,H,0.1389,0.13452031,0.12712860,True,
EQ,2-methylhexane,6,C,-0.2516,-0.24011591,-0.22870694,True,
EQ,2-methylhexane,7,H,0.1302,0.11720044,0.11118285,True,
EQ,2-methylhexane,8,H,0.1299,0.11681642,0.11084933,True,
EQ,2-methylhexane,9,H,0.1261,0.12297125,0.11607228,True,
EQ,2-methylhexane,10,H,0.1327,0.12494245,0.11781566,True,
EQ,2-methylhexane,11,C,-0.2452,-0.27383703,-0.25480451,True,
EQ,2-methylhexane,12,C,-0.0649,-0.01693472,-0.02946614,True,
EQ,2-methylhexane,13,H,0.1237,0.12842389,0.12048441,True,
EQ,2-methylhexane,14,H,0.1241,0.12435709,0.11693572,True,
EQ,2-methylhexane,15,H,0.1194,0.09871908,0.09445753,True,
EQ,2-methylhexane,16,C,-0.4456,-0.45252896,-0.42048874,True,
EQ,2-methylhexane,17,C,-0.4415,-0.45928870,-0.42553872,True,
EQ,2-methylhexane,18,H,0.1366,0.14026371,0.13185331,True,
EQ,2-methylhexane,19,H,0.1377,0.14402807,0.13517185,True,
EQ,2-methylhexane,20,H,0.1370,0.13848320,0.13037536,True,
EQ,2-methylhexane,21,H,0.1439,0.13988922,0.13150391,True,
EQ,2-methylhexane,22,H,0.1376,0.14440351,0.13517547,True,
EQ,2-methylhexane,23,H,0.1385,0.13963851,0.13088710,True,
EQ,2-methylpentane,1,H,0.1404,0.13839505,0.13048463,True,
EQ,2-methylpentane,2,C,-0.4414,-0.43421077,-0.40545403,True,
EQ,2-methylpentane,3,H,0.1407,0.13879293,0.13081912,True,
EQ,2-methylpentane,4,C,-0.2537,-0.20760072,-0.20183743,True,
EQ,2-methylpentane,5,H,0.1390,0.13438040,0.12691415,True,
EQ,2-methylpentane,6,C,-0.2379,-0.27438200,-0.25519658,True,
EQ,2-methylpentane,7,H,0.1295,0.11604426,0.11026672,True,
EQ,2-methylpentane,8,H,0.1360,0.11794365,0.11192803,True,
EQ,2-methylpentane,9,H,0.1236,0.12978385,0.12140736,True,
EQ,2-methylpentane,10,H,0.1240,0.12604076,0.11812915,True,
EQ,2-methylpentane,11,C,-0.0643,-0.01769250,-0.03008526,True,
EQ,2-methylpentane,12,C,-0.4418,-0.45917998,-0.42545691,True,
EQ,2-methylpentane,13,H,0.1196,0.09851817,0.09428159,True,
EQ,2-methylpentane,14,C,-0.4455,-0.45280405,-0.42063654,True,
EQ,2-methylpentane,15,H,0.1378,0.14398452,0.13514024,True,
EQ,2-methylpentane,16,H,0.1371,0.13843263,0.13034854,True,
EQ,2-methylpentane,17,H,0.1367,0.14015523,0.13174945,True,
EQ,2-methylpentane,18,H,0.1377,0.14433486,0.13515883,True,
EQ,2-methylpentane,19,H,0.1385,0.13955285,0.13083230,True,
EQ,2-methylpentane,20,H,0.1440,0.13951086,0.13120663,True,
EQ,2-methylpropanenitrile,1,H,0.1669,0.16650446,0.15132289,True,
EQ,2-methylpropanenitrile,2,C,-0.4428,-0.41068513,-0.39410005,True,
EQ,2-methylpropanenitrile,3,H,0.1661,0.16893249,0.15426391,True,
EQ,2-methylpropanenitrile,4,C,-0.1577,-0.09016029,-0.08709747,True,
EQ,2-methylpropanenitrile,5,H,0.1575,0.15947203,0.14738723,True,
EQ,2-methylpropanenitrile,6,C,0.3485,0.21289759,0.24474257,True,
EQ,2-methylpropanenitrile,7,H,0.1844,0.13214367,0.12643644,True,
EQ,2-methylpropanenitrile,8,C,-0.4428,-0.41068513,-0.39410005,True,
EQ,2-methylpropanenitrile,9,H,0.1661,0.16893249,0.15426391,True,
EQ,2-methylpropanenitrile,10,H,0.1669,0.16650446,0.15132289,True,
EQ,2-methylpropanenitrile,11,H,0.1575,0.15947203,0.14738723,True,
EQ,2-methylpropanenitrile,12,N,-0.4708,-0.42332866,-0.40182949,True,
EQ,2-methylpyridine,1,C,-0.5222,-0.47051877,-0.44428861,True,
EQ,2-methylpyridine,2,C,0.3106,0.25759710,0.24519105,True,
EQ,2-methylpyridine,3,C,-0.1363,-0.16872474,-0.15745103,True,
EQ,2-methylpyridine,4,H,0.1763,0.18542981,0.17005574,True,
EQ,2-methylpyridine,5,C,-0.1586,-0.20697426,-0.19203201,True,
EQ,2-methylpyridine,6,C,-0.1028,-0.07594790,-0.07427027,True,
EQ,2-methylpyridine,7,C,0.0377,0.07296826,0.07049862,True,
EQ,2-methylpyridine,8,N,-0.4703,-0.44363026,-0.41989827,True,
EQ,2-methylpyridine,9,H,0.1307,0.13924711,0.13312973,True,
EQ,2-methylpyridine,10,H,0.1387,0.12172794,0.11712577,True,
EQ,2-methylpyridine,11,H,0.1393,0.11738175,0.11342672,True,
EQ,2-methylpyridine,12,H,0.1343,0.13337553,0.12764689,True,
EQ,2-methylpyridine,13,H,0.1613,0.16903421,0.15543284,True,
EQ,2-methylpyridine,14,H,0.1613,0.16903421,0.15543284,True,
EQ,2-oxetanone,1,H,0.1671,0.16583060,0.15332231,True,
EQ,2-oxetanone,2,C,-0.0350,-0.01655918,-0.03041216,True,
EQ,2-oxetanone,3,C,-0.4421,-0.32866539,-0.31520034,True,
EQ,2-oxetanone,4,H,0.1929,0.19548576,0.18212738,True,
EQ,2-oxetanone,5,O,-0.4251,-0.47911119,-0.45138091,True,
EQ,2-oxetanone,6,O,-0.4407,-0.48317061,-0.47444817,True,
EQ,2-oxetanone,7,C,0.6229,0.58487364,0.60054220,True,
EQ,2-oxetanone,8,H,0.1671,0.16583060,0.15332231,True,
EQ,2-oxetanone,9,H,0.1929,0.19548576,0.18212738,True,
EQ,2.2-dimethylbutane,1,H,0.1457,0.13754449,0.12995266,True,
EQ,2.2-dimethylbutane,2,C,-0.4544,-0.41757191,-0.39287400,True,
EQ,2.2-dimethylbutane,3,H,0.1457,0.13754449,0.12995266,True,
EQ,2.2-dimethylbutane,4,C,-0.2431,-0.26280746,-0.24438444,True,
EQ,2.2-dimethylbutane,5,H,0.1405,0.13121316,0.12394862,True,
EQ,2.2-dimethylbutane,6,C,0.1127,0.16084510,0.12890867,True,
EQ,2.2-dimethylbutane,7,H,0.1257,0.12243406,0.11497497,True,
EQ,2.2-dimethylbutane,8,H,0.1257,0.12243406,0.11497497,True,
EQ,2.2-dimethylbutane,9,C,-0.4476,-0.47178379,-0.43572776,True,
EQ,2.2-dimethylbutane,10,C,-0.4476,-0.47178379,-0.43572776,True,
EQ,2.2-dimethylbutane,11,C,-0.4415,-0.48093562,-0.44218213,True,
EQ,2.2-dimethylbutane,12,H,0.1354,0.14431724,0.13512280,True,
EQ,2.2-dimethylbutane,13,H,0.1361,0.14253866,0.13363646,True,
EQ,2.2-dimethylbutane,14,H,0.1361,0.14253866,0.13363646,True,
EQ,2.2-dimethylbutane,15,H,0.1413,0.14519220,0.13556786,True,
EQ,2.2-dimethylbutane,16,H,0.1364,0.14328514,0.13373660,True,
EQ,2.2-dimethylbutane,17,H,0.1376,0.14325899,0.13358945,True,
EQ,2.2-dimethylbutane,18,H,0.1413,0.14519220,0.13556786,True,
EQ,2.2-dimethylbutane,19,H,0.1376,0.14325899,0.13358945,True,
EQ,2.2-dimethylbutane,20,H,0.1365,0.14328514,0.13373660,True,
EQ,2.2-dimethylhexane,1,H,0.1401,0.13836390,0.13065987,True,
EQ,2.2-dimethylhexane,2,C,-0.4402,-0.43271844,-0.40420033,True,
EQ,2.2-dimethylhexane,3,H,0.1401,0.13836390,0.13065987,True,
EQ,2.2-dimethylhexane,4,C,-0.2472,-0.21452693,-0.20669301,True,
EQ,2.2-dimethylhexane,5,H,0.1386,0.13437759,0.12708510,True,
EQ,2.2-dimethylhexane,6,C,-0.2450,-0.25056098,-0.23635419,True,
EQ,2.2-dimethylhexane,7,H,0.1298,0.11647749,0.11073734,True,
EQ,2.2-dimethylhexane,8,H,0.1298,0.11647749,0.11073734,True,
EQ,2.2-dimethylhexane,9,H,0.1269,0.12395547,0.11672144,True,
EQ,2.2-dimethylhexane,10,H,0.1269,0.12395547,0.11672144,True,
EQ,2.2-dimethylhexane,11,C,-0.2597,-0.23172359,-0.22254512,True,
EQ,2.2-dimethylhexane,12,C,-0.2533,-0.27360446,-0.25392238,True,
EQ,2.2-dimethylhexane,13,H,0.1321,0.12386191,0.11694922,True,
EQ,2.2-dimethylhexane,14,H,0.1321,0.12386191,0.11694922,True,
EQ,2.2-dimethylhexane,15,H,0.1230,0.12304828,0.11597535,True,
EQ,2.2-dimethylhexane,16,H,0.1230,0.12304828,0.11597535,True,
EQ,2.2-dimethylhexane,17,C,-0.0631,-0.01664370,-0.02875170,True,
EQ,2.2-dimethylhexane,18,H,0.1186,0.09428584,0.09049351,True,
EQ,2.2-dimethylhexane,19,C,-0.4446,-0.45357643,-0.42118083,True,
EQ,2.2-dimethylhexane,20,C,-0.4447,-0.45357643,-0.42118083,True,
EQ,2.2-dimethylhexane,21,H,0.1373,0.13956145,0.13118315,True,
EQ,2.2-dimethylhexane,22,H,0.1384,0.13888246,0.13040449,True,
EQ,2.2-dimethylhexane,23,H,0.1427,0.14498280,0.13599404,True,
EQ,2.2-dimethylhexane,24,H,0.1372,0.13956145,0.13118315,True,
EQ,2.2-dimethylhexane,25,H,0.1427,0.14498280,0.13599404,True,
EQ,2.2-dimethylhexane,26,H,0.1384,0.13888246,0.13040449,True,
EQ,2.2-dimethylpentane,1,H,0.1402,0.13803923,0.13034884,True,
EQ,2.2-dimethylpentane,2,C,-0.4410,-0.43277338,-0.40424386,True,
EQ,2.2-dimethylpentane,3,H,0.1402,0.13803923,0.13034884,True,
EQ,2.2-dimethylpentane,4,C,-0.2467,-0.21811073,-0.20954423,True,
EQ,2.2-dimethylpentane,5,H,0.1390,0.13431009,0.12694225,True,
EQ,2.2-dimethylpentane,6,C,-0.2530,-0.23231247,-0.22297036,True,
EQ,2.2-dimethylpentane,7,H,0.1302,0.11701853,0.11092752,True,
EQ,2.2-dimethylpentane,8,H,0.1302,0.11701853,0.11092752,True,
EQ,2.2-dimethylpentane,9,H,0.1321,0.12536935,0.11801336,True,
EQ,2.2-dimethylpentane,10,H,0.1320,0.12536935,0.11801336,True,
EQ,2.2-dimethylpentane,11,C,-0.2524,-0.27441555,-0.25456168,True,
EQ,2.2-dimethylpentane,12,C,-0.0638,-0.01651054,-0.02864368,True,
EQ,2.2-dimethylpentane,13,H,0.1233,0.12280142,0.11575100,True,
EQ,2.2-dimethylpentane,14,H,0.1233,0.12280142,0.11575100,True,
EQ,2.2-dimethylpentane,15,C,-0.4446,-0.45368275,-0.42123079,True,
EQ,2.2-dimethylpentane,16,C,-0.4446,-0.45368275,-0.42123079,True,
EQ,2.2-dimethylpentane,17,H,0.1188,0.09416895,0.09039508,True,
EQ,2.2-dimethylpentane,18,H,0.1426,0.14502227,0.13605680,True,
EQ,2.2-dimethylpentane,19,H,0.1373,0.13944543,0.13109045,True,
EQ,2.2-dimethylpentane,20,H,0.1385,0.13880833,0.13035606,True,
EQ,2.2-dimethylpentane,21,H,0.1426,0.14502227,0.13605680,True,
EQ,2.2-dimethylpentane,22,H,0.1385,0.13880833,0.13035606,True,
EQ,2.2-dimethylpentane,23,H,0.1373,0.13944543,0.13109045,True,
EQ,2.2-dimethylpropanitrile,1,H,0.1627,0.16620605,0.15190145,True,
EQ,2.2-dimethylpropanitrile,2,C,-0.4403,-0.44002924,-0.41669014,True,
EQ,2.2-dimethylpropanitrile,3,H,0.1627,0.16620147,0.15189460,True,
EQ,2.2-dimethylpropanitrile,4,C,0.0140,0.09028403,0.07702512,True,
EQ,2.2-dimethylpropanitrile,5,H,0.1546,0.15938514,0.14807557,True,
EQ,2.2-dimethylpropanitrile,6,C,0.3424,0.17916584,0.21912577,True,
EQ,2.2-dimethylpropanitrile,7,C,-0.4403,-0.44004514,-0.41670907,True,
EQ,2.2-dimethylpropanitrile,8,C,-0.4403,-0.44002924,-0.41669014,True,
EQ,2.2-dimethylpropanitrile,9,H,0.1627,0.16620147,0.15189460,True,
EQ,2.2-dimethylpropanitrile,10,H,0.1627,0.16620605,0.15190145,True,
EQ,2.2-dimethylpropanitrile,11,H,0.1546,0.15938514,0.14807557,True,
EQ,2.2-dimethylpropanitrile,12,H,0.1627,0.16620855,0.15190556,True,
EQ,2.2-dimethylpropanitrile,13,H,0.1545,0.15938651,0.14807702,True,
EQ,2.2-dimethylpropanitrile,14,H,0.1627,0.16620855,0.15190556,True,
EQ,2.2-dimethylpropanitrile,15,N,-0.4754,-0.42473519,-0.40169293,True,
EQ,2.2.3-trimethylbutane,1,H,0.1440,0.13774223,0.12987182,True,
EQ,2.2.3-trimethylbutane,2,C,-0.4570,-0.44350577,-0.41353350,True,
EQ,2.2.3-trimethylbutane,3,H,0.1426,0.14260439,0.13409457,True,
EQ,2.2.3-trimethylbutane,4,C,-0.0587,-0.06530889,-0.06719430,True,
EQ,2.2.3-trimethylbutane,5,H,0.1386,0.13681406,0.12855651,True,
EQ,2.2.3-trimethylbutane,6,C,0.1162,0.13299049,0.10648749,True,
EQ,2.2.3-trimethylbutane,7,H,0.1160,0.10467497,0.09890772,True,
EQ,2.2.3-trimethylbutane,8,C,-0.4570,-0.44350577,-0.41353350,True,
EQ,2.2.3-trimethylbutane,9,C,-0.4561,-0.46284665,-0.42899946,True,
EQ,2.2.3-trimethylbutane,10,C,-0.4517,-0.47059635,-0.43431457,True,
EQ,2.2.3-trimethylbutane,11,C,-0.4517,-0.47059635,-0.43431457,True,
EQ,2.2.3-trimethylbutane,12,H,0.1366,0.14257997,0.13332883,True,
EQ,2.2.3-trimethylbutane,13,H,0.1362,0.14140935,0.13256034,True,
EQ,2.2.3-trimethylbutane,14,H,0.1418,0.14346240,0.13444497,True,
EQ,2.2.3-trimethylbutane,15,H,0.1418,0.14346240,0.13444497,True,
EQ,2.2.3-trimethylbutane,16,H,0.1362,0.14140935,0.13256034,True,
EQ,2.2.3-trimethylbutane,17,H,0.1366,0.14257997,0.13332883,True,
EQ,2.2.3-trimethylbutane,18,H,0.1412,0.14368137,0.13418516,True,
EQ,2.2.3-trimethylbutane,19,H,0.1379,0.14210678,0.13241031,True,
EQ,2.2.3-trimethylbutane,20,H,0.1412,0.14368137,0.13418516,True,
EQ,2.2.3-trimethylbutane,21,H,0.1426,0.14260439,0.13409457,True,
EQ,2.2.3-trimethylbutane,22,H,0.1440,0.13774223,0.12987182,True,
EQ,2.2.3-trimethylbutane,23,H,0.1386,0.13681406,0.12855651,True,
EQ,2.2.3-trimethylpentane,1,H,0.1403,0.13738431,0.12971530,True,
EQ,2.2.3-trimethylpentane,2,C,-0.4499,-0.42823081,-0.40060861,True,
EQ,2.2.3-trimethylpentane,3,H,0.1463,0.13814083,0.13046247,True,
EQ,2.2.3-trimethylpentane,4,C,-0.2616,-0.22726997,-0.21791955,True,
EQ,2.2.3-trimethylpentane,5,H,0.1400,0.13190508,0.12468196,True,
EQ,2.2.3-trimethylpentane,6,C,-0.0570,-0.09772100,-0.09354131,True,
EQ,2.2.3-trimethylpentane,7,H,0.1355,0.11819695,0.11203750,True,
EQ,2.2.3-trimethylpentane,8,H,0.1316,0.12149638,0.11490705,True,
EQ,2.2.3-trimethylpentane,9,H,0.1112,0.11151393,0.10467169,True,
EQ,2.2.3-trimethylpentane,10,C,0.1134,0.13326004,0.10630319,True,
EQ,2.2.3-trimethylpentane,11,C,-0.4691,-0.43299670,-0.40593855,True,
EQ,2.2.3-trimethylpentane,12,C,-0.4531,-0.47265501,-0.43561735,True,
EQ,2.2.3-trimethylpentane,13,C,-0.4559,-0.46453081,-0.43002000,True,
EQ,2.2.3-trimethylpentane,14,C,-0.4532,-0.46950674,-0.43332258,True,
EQ,2.2.3-trimethylpentane,15,H,0.1362,0.14174445,0.13291757,True,
EQ,2.2.3-trimethylpentane,16,H,0.1366,0.14241914,0.13318160,True,
EQ,2.2.3-trimethylpentane,17,H,0.1415,0.14302477,0.13420544,True,
EQ,2.2.3-trimethylpentane,18,H,0.1361,0.14197916,0.13327023,True,
EQ,2.2.3-trimethylpentane,19,H,0.1422,0.14206467,0.13350515,True,
EQ,2.2.3-trimethylpentane,20,H,0.1363,0.14291591,0.13374880,True,
EQ,2.2.3-trimethylpentane,21,H,0.1415,0.14256610,0.13342947,True,
EQ,2.2.3-trimethylpentane,22,H,0.1412,0.14423021,0.13486830,True,
EQ,2.2.3-trimethylpentane,23,H,0.1371,0.14257337,0.13289698,True,
EQ,2.2.3-trimethylpentane,24,H,0.1457,0.13859991,0.13001811,True,
EQ,2.2.3-trimethylpentane,25,H,0.1452,0.13724225,0.12916093,True,
EQ,2.2.3-trimethylpentane,26,H,0.1418,0.14165358,0.13298622,True,
EQ,2.2.3.3-tetramethylbutane,1,H,0.1417,0.14188970,0.13306562,True,
EQ,2.2.3.3-tetramethylbutane,2,C,-0.4591,-0.46226521,-0.42801035,True,
EQ,2.2.3.3-tetramethylbutane,3,H,0.1417,0.14188970,0.13306562,True,
EQ,2.2.3.3-tetramethylbutane,4,C,0.1157,0.11239888,0.09033692,True,
EQ,2.2.3.3-tetramethylbutane,5,H,0.1370,0.14101982,0.13176793,True,
EQ,2.2.3.3-tetramethylbutane,6,C,0.1161,0.11239888,0.09033692,True,
EQ,2.2.3.3-tetramethylbutane,7,C,-0.4587,-0.46226274,-0.42800825,True,
EQ,2.2.3.3-tetramethylbutane,8,C,-0.4588,-0.46226274,-0.42800825,True,
EQ,2.2.3.3-tetramethylbutane,9,C,-0.4589,-0.46226274,-0.42800825,True,
EQ,2.2.3.3-tetramethylbutane,10,C,-0.4589,-0.46226274,-0.42800825,True,
EQ,2.2.3.3-tetramethylbutane,11,C,-0.4592,-0.46226521,-0.42801035,True,
EQ,2.2.3.3-tetramethylbutane,12,H,0.1370,0.14101982,0.13176793,True,
EQ,2.2.3.3-tetramethylbutane,13,H,0.1417,0.14188970,0.13306562,True,
EQ,2.2.3.3-tetramethylbutane,14,H,0.1417,0.14188970,0.13306562,True,
EQ,2.2.3.3-tetramethylbutane,15,H,0.1416,0.14189114,0.13306808,True,
EQ,2.2.3.3-tetramethylbutane,16,H,0.1416,0.14188530,0.13305964,True,
EQ,2.2.3.3-tetramethylbutane,17,H,0.1370,0.14101985,0.13176767,True,
EQ,2.2.3.3-tetramethylbutane,18,H,0.1416,0.14189114,0.13306808,True,
EQ,2.2.3.3-tetramethylbutane,19,H,0.1370,0.14101985,0.13176767,True,
EQ,2.2.3.3-tetramethylbutane,20,H,0.1416,0.14188530,0.13305964,True,
EQ,2.2.3.3-tetramethylbutane,21,H,0.1416,0.14188530,0.13305964,True,
EQ,2.2.3.3-tetramethylbutane,22,H,0.1370,0.14101985,0.13176767,True,
EQ,2.2.3.3-tetramethylbutane,23,H,0.1416,0.14189114,0.13306808,True,
EQ,2.2.3.3-tetramethylbutane,24,H,0.1416,0.14188530,0.13305964,True,
EQ,2.2.3.3-tetramethylbutane,25,H,0.1416,0.14189114,0.13306808,True,
EQ,2.2.3.3-tetramethylbutane,26,H,0.1370,0.14101985,0.13176767,True,
EQ,2.2.4-trimethylpentane,1,H,0.1375,0.13759101,0.12963283,True,
EQ,2.2.4-trimethylpentane,2,C,-0.4439,-0.46227993,-0.42734087,True,
EQ,2.2.4-trimethylpentane,3,H,0.1388,0.14367738,0.13491930,True,
EQ,2.2.4-trimethylpentane,4,C,-0.0706,-0.00470727,-0.02067761,True,
EQ,2.2.4-trimethylpentane,5,H,0.1379,0.13900145,0.13087198,True,
EQ,2.2.4-trimethylpentane,6,C,-0.2539,-0.32025968,-0.29040974,True,
EQ,2.2.4-trimethylpentane,7,H,0.1259,0.09881045,0.09468754,True,
EQ,2.2.4-trimethylpentane,8,C,-0.4461,-0.45258935,-0.42032833,True,
EQ,2.2.4-trimethylpentane,9,H,0.1209,0.13394170,0.12461499,True,
EQ,2.2.4-trimethylpentane,10,H,0.1217,0.13014334,0.12119394,True,
EQ,2.2.4-trimethylpentane,11,C,0.1109,0.16791503,0.13358955,True,
EQ,2.2.4-trimethylpentane,12,C,-0.4444,-0.48012669,-0.44118445,True,
EQ,2.2.4-trimethylpentane,13,C,-0.4509,-0.47407397,-0.43735296,True,
EQ,2.2.4-trimethylpentane,14,C,-0.4476,-0.47338569,-0.43709885,True,
EQ,2.2.4-trimethylpentane,15,H,0.1372,0.14283516,0.13378179,True,
EQ,2.2.4-trimethylpentane,16,H,0.1359,0.14211778,0.13318082,True,
EQ,2.2.4-trimethylpentane,17,H,0.1359,0.14381741,0.13466857,True,
EQ,2.2.4-trimethylpentane,18,H,0.1355,0.14321112,0.13359184,True,
EQ,2.2.4-trimethylpentane,19,H,0.1345,0.14286287,0.13313605,True,
EQ,2.2.4-trimethylpentane,20,H,0.1444,0.14623290,0.13687900,True,
EQ,2.2.4-trimethylpentane,21,H,0.1375,0.14384026,0.13412794,True,
EQ,2.2.4-trimethylpentane,22,H,0.1426,0.14552699,0.13593970,True,
EQ,2.2.4-trimethylpentane,23,H,0.1375,0.14344609,0.13358765,True,
EQ,2.2.4-trimethylpentane,24,H,0.1402,0.14490814,0.13547600,True,
EQ,2.2.4-trimethylpentane,25,H,0.1460,0.13918445,0.13100845,True,
EQ,2.2.4-trimethylpentane,26,H,0.1366,0.13835905,0.12950488,True,
EQ,2.3-dimethylbutane,1,H,0.1442,0.13901566,0.13082597,True,
EQ,2.3-dimethylbutane,2,C,-0.4509,-0.44988599,-0.41841307,True,
EQ,2.3-dimethylbutane,3,H,0.1382,0.14242576,0.13373704,True,
EQ,2.3-dimethylbutane,4,C,-0.0552,-0.04567625,-0.05236975,True,
EQ,2.3-dimethylbutane,5,H,0.1379,0.13875963,0.13027630,True,
EQ,2.3-dimethylbutane,6,C,-0.0552,-0.04567625,-0.05236975,True,
EQ,2.3-dimethylbutane,7,H,0.1165,0.10504612,0.09951727,True,
EQ,2.3-dimethylbutane,8,C,-0.4510,-0.44988599,-0.41841307,True,
EQ,2.3-dimethylbutane,9,H,0.1165,0.10504612,0.09951727,True,
EQ,2.3-dimethylbutane,10,C,-0.4509,-0.44988599,-0.41841307,True,
EQ,2.3-dimethylbutane,11,C,-0.4509,-0.44988599,-0.41841307,True,
EQ,2.3-dimethylbutane,12,H,0.1379,0.13875963,0.13027630,True,
EQ,2.3-dimethylbutane,13,H,0.1382,0.14242576,0.13373704,True,
EQ,2.3-dimethylbutane,14,H,0.1442,0.13901566,0.13082597,True,
EQ,2.3-dimethylbutane,15,H,0.1442,0.13901566,0.13082597,True,
EQ,2.3-dimethylbutane,16,H,0.1382,0.14242576,0.13373704,True,
EQ,2.3-dimethylbutane,17,H,0.1379,0.13875963,0.13027630,True,
EQ,2.3-dimethylbutane,18,H,0.1382,0.14242576,0.13373704,True,
EQ,2.3-dimethylbutane,19,H,0.1442,0.13901566,0.13082597,True,
EQ,2.3-dimethylbutane,20,H,0.1379,0.13875963,0.13027630,True,
EQ,2.3-dimethylhexane,1,H,0.1402,0.13789006,0.13011305,True,
EQ,2.3-dimethylhexane,2,C,-0.4424,-0.43501347,-0.40594245,True,
EQ,2.3-dimethylhexane,3,H,0.1408,0.13846204,0.13062630,True,
EQ,2.3-dimethylhexane,4,C,-0.2544,-0.20885925,-0.20278759,True,
EQ,2.3-dimethylhexane,5,H,0.1394,0.13421075,0.12683081,True,
EQ,2.3-dimethylhexane,6,C,-0.2543,-0.26498119,-0.24842290,True,
EQ,2.3-dimethylhexane,7,H,0.1295,0.11689760,0.11097292,True,
EQ,2.3-dimethylhexane,8,H,0.1366,0.11771383,0.11171488,True,
EQ,2.3-dimethylhexane,9,H,0.1229,0.12731105,0.11951815,True,
EQ,2.3-dimethylhexane,10,H,0.1327,0.12693708,0.11926700,True,
EQ,2.3-dimethylhexane,11,C,-0.0614,-0.07805255,-0.07894037,True,
EQ,2.3-dimethylhexane,12,C,-0.0585,-0.04447883,-0.05165976,True,
EQ,2.3-dimethylhexane,13,H,0.1119,0.11050064,0.10427738,True,
EQ,2.3-dimethylhexane,14,C,-0.4625,-0.44166539,-0.41227696,True,
EQ,2.3-dimethylhexane,15,H,0.1164,0.10427762,0.09910527,True,
EQ,2.3-dimethylhexane,16,C,-0.4528,-0.45211563,-0.41985032,True,
EQ,2.3-dimethylhexane,17,C,-0.4519,-0.44893449,-0.41754076,True,
EQ,2.3-dimethylhexane,18,H,0.1376,0.13883994,0.13037882,True,
EQ,2.3-dimethylhexane,19,H,0.1379,0.14279902,0.13411599,True,
EQ,2.3-dimethylhexane,20,H,0.1439,0.13859066,0.13057531,True,
EQ,2.3-dimethylhexane,21,H,0.1448,0.13759015,0.12988975,True,
EQ,2.3-dimethylhexane,22,H,0.1381,0.14298712,0.13444869,True,
EQ,2.3-dimethylhexane,23,H,0.1376,0.13934885,0.13094942,True,
EQ,2.3-dimethylhexane,24,H,0.1369,0.14193974,0.13331039,True,
EQ,2.3-dimethylhexane,25,H,0.1450,0.13883865,0.13055672,True,
EQ,2.3-dimethylhexane,26,H,0.1460,0.13896603,0.13077025,True,
EQ,2.3-dimethylpentane,1,H,0.1463,0.13825068,0.13045388,True,
EQ,2.3-dimethylpentane,2,C,-0.4500,-0.42598808,-0.39908448,True,
EQ,2.3-dimethylpentane,3,H,0.1405,0.13808669,0.13027752,True,
EQ,2.3-dimethylpentane,4,C,-0.2553,-0.23279304,-0.22183856,True,
EQ,2.3-dimethylpentane,5,H,0.1398,0.13241635,0.12504284,True,
EQ,2.3-dimethylpentane,6,C,-0.0554,-0.07905529,-0.07953905,True,
EQ,2.3-dimethylpentane,7,H,0.1264,0.12079930,0.11412019,True,
EQ,2.3-dimethylpentane,8,H,0.1362,0.11910397,0.11263221,True,
EQ,2.3-dimethylpentane,9,H,0.1117,0.11150083,0.10493567,True,
EQ,2.3-dimethylpentane,10,C,-0.4620,-0.43904356,-0.41054751,True,
EQ,2.3-dimethylpentane,11,C,-0.0581,-0.04519383,-0.05218085,True,
EQ,2.3-dimethylpentane,12,C,-0.4521,-0.44891112,-0.41743378,True,
EQ,2.3-dimethylpentane,13,H,0.1166,0.10399024,0.09892547,True,
EQ,2.3-dimethylpentane,14,C,-0.4524,-0.45248487,-0.42001234,True,
EQ,2.3-dimethylpentane,15,H,0.1380,0.14264967,0.13405182,True,
EQ,2.3-dimethylpentane,16,H,0.1439,0.13848552,0.13059459,True,
EQ,2.3-dimethylpentane,17,H,0.1377,0.13864021,0.13022845,True,
EQ,2.3-dimethylpentane,18,H,0.1381,0.14278289,0.13434771,True,
EQ,2.3-dimethylpentane,19,H,0.1375,0.13918849,0.13088015,True,
EQ,2.3-dimethylpentane,20,H,0.1446,0.13713020,0.12958771,True,
EQ,2.3-dimethylpentane,21,H,0.1453,0.14066040,0.13194055,True,
EQ,2.3-dimethylpentane,22,H,0.1372,0.14147802,0.13270990,True,
EQ,2.3-dimethylpentane,23,H,0.1455,0.13830633,0.12990788,True,
EQ,2.3-dimethylpyridine,1,C,-0.5198,-0.45636085,-0.43133933,True,
EQ,2.3-dimethylpyridine,2,C,0.2572,0.20477320,0.19753119,True,
EQ,2.3-dimethylpyridine,3,C,-0.1311,-0.16210534,-0.15151066,True,
EQ,2.3-dimethylpyridine,4,H,0.1313,0.12966940,0.12494201,True,
EQ,2.3-dimethylpyridine,5,C,0.1456,-0.00254250,-0.00038075,True,
EQ,2.3-dimethylpyridine,6,C,-0.1532,-0.12749448,-0.11980321,True,
EQ,2.3-dimethylpyridine,7,C,0.0329,0.06258348,0.06210302,True,
EQ,2.3-dimethylpyridine,8,N,-0.4740,-0.43731288,-0.41362082,True,
EQ,2.3-dimethylpyridine,9,C,-0.5347,-0.43743957,-0.41303426,True,
EQ,2.3-dimethylpyridine,10,H,0.1317,0.12646751,0.12183724,True,
EQ,2.3-dimethylpyridine,11,H,0.1360,0.11549761,0.11222843,True,
EQ,2.3-dimethylpyridine,12,H,0.1574,0.16367271,0.15140867,True,
EQ,2.3-dimethylpyridine,13,H,0.1574,0.16367271,0.15140867,True,
EQ,2.3-dimethylpyridine,14,H,0.1778,0.18103914,0.16634630,True,
EQ,2.3-dimethylpyridine,15,H,0.1649,0.15904499,0.14788639,True,
EQ,2.3-dimethylpyridine,16,H,0.1557,0.15778988,0.14611074,True,
EQ,2.3-dimethylpyridine,17,H,0.1649,0.15904499,0.14788639,True,
EQ,2.3.3-trimethylpentane,1,H,0.1462,0.13680073,0.12938101,True,
EQ,2.3.3-trimethylpentane,2,C,-0.4553,-0.41969913,-0.39419940,True,
EQ,2.3.3-trimethylpentane,3,H,0.1452,0.13768194,0.13030670,True,
EQ,2.3.3-trimethylpentane,4,C,-0.2591,-0.25277435,-0.23679451,True,
EQ,2.3.3-trimethylpentane,5,H,0.1403,0.13066382,0.12353438,True,
EQ,2.3.3-trimethylpentane,6,C,0.1237,0.09908361,0.07898176,True,
EQ,2.3.3-trimethylpentane,7,H,0.1253,0.11983367,0.11303899,True,
EQ,2.3.3-trimethylpentane,8,H,0.1328,0.12270584,0.11558590,True,
EQ,2.3.3-trimethylpentane,9,C,-0.4675,-0.45329266,-0.42193822,True,
EQ,2.3.3-trimethylpentane,10,C,-0.4648,-0.45937854,-0.42626211,True,
EQ,2.3.3-trimethylpentane,11,C,-0.0628,-0.06439510,-0.06644427,True,
EQ,2.3.3-trimethylpentane,12,C,-0.4583,-0.44301096,-0.41282884,True,
EQ,2.3.3-trimethylpentane,13,H,0.1159,0.10325134,0.09804517,True,
EQ,2.3.3-trimethylpentane,14,C,-0.4579,-0.44614028,-0.41513233,True,
EQ,2.3.3-trimethylpentane,15,H,0.1422,0.14227875,0.13410272,True,
EQ,2.3.3-trimethylpentane,16,H,0.1439,0.13725948,0.12979413,True,
EQ,2.3.3-trimethylpentane,17,H,0.1384,0.13667622,0.12855433,True,
EQ,2.3.3-trimethylpentane,18,H,0.1429,0.14312701,0.13494488,True,
EQ,2.3.3-trimethylpentane,19,H,0.1380,0.13708872,0.12905702,True,
EQ,2.3.3-trimethylpentane,20,H,0.1445,0.13587613,0.12872118,True,
EQ,2.3.3-trimethylpentane,21,H,0.1432,0.14463098,0.13507359,True,
EQ,2.3.3-trimethylpentane,22,H,0.1352,0.14074164,0.13167278,True,
EQ,2.3.3-trimethylpentane,23,H,0.1433,0.14254974,0.13328567,True,
EQ,2.3.3-trimethylpentane,24,H,0.1419,0.14288884,0.13317915,True,
EQ,2.3.3-trimethylpentane,25,H,0.1422,0.14299264,0.13338444,True,
EQ,2.3.3-trimethylpentane,26,H,0.1408,0.14255995,0.13295589,True,
EQ,2.3.4-trimethylpentane,1,H,0.1424,0.14358079,0.13493159,True,
EQ,2.3.4-trimethylpentane,2,C,-0.4512,-0.45343529,-0.42081977,True,
EQ,2.3.4-trimethylpentane,3,H,0.1375,0.13785283,0.12988338,True,
EQ,2.3.4-trimethylpentane,4,C,-0.0737,-0.03566138,-0.04486671,True,
EQ,2.3.4-trimethylpentane,5,H,0.1383,0.13750951,0.12932847,True,
EQ,2.3.4-trimethylpentane,6,C,-0.0545,-0.10385296,-0.09864608,True,
EQ,2.3.4-trimethylpentane,7,C,-0.4541,-0.44643247,-0.41577032,True,
EQ,2.3.4-trimethylpentane,8,H,0.1263,0.10105487,0.09625882,True,
EQ,2.3.4-trimethylpentane,9,H,0.1098,0.11192606,0.10512226,True,
EQ,2.3.4-trimethylpentane,10,C,-0.4700,-0.43236760,-0.40544282,True,
EQ,2.3.4-trimethylpentane,11,C,-0.0665,-0.03843328,-0.04730366,True,
EQ,2.3.4-trimethylpentane,12,C,-0.4519,-0.45070832,-0.41869487,True,
EQ,2.3.4-trimethylpentane,13,H,0.1213,0.10477058,0.09972412,True,
EQ,2.3.4-trimethylpentane,14,C,-0.4535,-0.45415327,-0.42121414,True,
EQ,2.3.4-trimethylpentane,15,H,0.1379,0.14227525,0.13369409,True,
EQ,2.3.4-trimethylpentane,16,H,0.1442,0.13864110,0.13072649,True,
EQ,2.3.4-trimethylpentane,17,H,0.1380,0.13829426,0.12996367,True,
EQ,2.3.4-trimethylpentane,18,H,0.1388,0.14232439,0.13386255,True,
EQ,2.3.4-trimethylpentane,19,H,0.1376,0.13889608,0.13053292,True,
EQ,2.3.4-trimethylpentane,20,H,0.1450,0.13860068,0.13089859,True,
EQ,2.3.4-trimethylpentane,21,H,0.1445,0.13967533,0.13127572,True,
EQ,2.3.4-trimethylpentane,22,H,0.1419,0.14142554,0.13285103,True,
EQ,2.3.4-trimethylpentane,23,H,0.1459,0.13666344,0.12843442,True,
EQ,2.3.4-trimethylpentane,24,H,0.1436,0.14464786,0.13541292,True,
EQ,2.3.4-trimethylpentane,25,H,0.1386,0.13745786,0.12878147,True,
EQ,2.3.4-trimethylpentane,26,H,0.1439,0.13944813,0.13107586,True,
EQ,2.3.6-trimethylpyridine,1,C,-0.5238,-0.47600492,-0.44671540,True,
EQ,2.3.6-trimethylpyridine,2,C,0.3097,0.25493547,0.24231804,True,
EQ,2.3.6-trimethylpyridine,3,C,0.1395,-0.01165383,-0.00834715,True,
EQ,2.3.6-trimethylpyridine,4,C,-0.5338,-0.43846228,-0.41317113,True,
EQ,2.3.6-trimethylpyridine,5,C,-0.1600,-0.21144554,-0.19560783,True,
EQ,2.3.6-trimethylpyridine,6,C,-0.1505,-0.12195128,-0.11517916,True,
EQ,2.3.6-trimethylpyridine,7,C,0.2562,0.21032157,0.20162251,True,
EQ,2.3.6-trimethylpyridine,8,N,-0.5271,-0.48195561,-0.45326019,True,
EQ,2.3.6-trimethylpyridine,9,H,0.1246,0.13468083,0.12961030,True,
EQ,2.3.6-trimethylpyridine,10,H,0.1284,0.12316600,0.11911929,True,
EQ,2.3.6-trimethylpyridine,11,C,-0.5223,-0.45950205,-0.43300880,True,
EQ,2.3.6-trimethylpyridine,12,H,0.1567,0.16135862,0.14978861,True,
EQ,2.3.6-trimethylpyridine,13,H,0.1760,0.17872399,0.16492497,True,
EQ,2.3.6-trimethylpyridine,14,H,0.1567,0.16135862,0.14978861,True,
EQ,2.3.6-trimethylpyridine,15,H,0.1629,0.15659856,0.14621245,True,
EQ,2.3.6-trimethylpyridine,16,H,0.1629,0.15659856,0.14621245,True,
EQ,2.3.6-trimethylpyridine,17,H,0.1542,0.15512165,0.14433417,True,
EQ,2.3.6-trimethylpyridine,18,H,0.1584,0.16390427,0.15220872,True,
EQ,2.3.6-trimethylpyridine,19,H,0.1584,0.16390427,0.15220872,True,
EQ,2.3.6-trimethylpyridine,20,H,0.1726,0.18030309,0.16694082,True,
EQ,2.4-dimethylhexane,1,H,0.1454,0.13820588,0.13070169,True,
EQ,2.4-dimethylhexane,2,C,-0.4487,-0.42486544,-0.39814531,True,
EQ,2.4-dimethylhexane,3,H,0.1401,0.13727891,0.12983808,True,
EQ,2.4-dimethylhexane,4,C,-0.2467,-0.24224835,-0.22850982,True,
EQ,2.4-dimethylhexane,5,H,0.1400,0.13279325,0.12556971,True,
EQ,2.4-dimethylhexane,6,C,-0.0686,-0.04374260,-0.05221700,True,
EQ,2.4-dimethylhexane,7,H,0.1270,0.12177573,0.11499746,True,
EQ,2.4-dimethylhexane,8,H,0.1275,0.11721194,0.11094549,True,
EQ,2.4-dimethylhexane,9,H,0.1214,0.10680549,0.10139835,True,
EQ,2.4-dimethylhexane,10,C,-0.4571,-0.44425901,-0.41429480,True,
EQ,2.4-dimethylhexane,11,C,-0.2476,-0.29919893,-0.27439829,True,
EQ,2.4-dimethylhexane,12,C,-0.0721,-0.01001225,-0.02445990,True,
EQ,2.4-dimethylhexane,13,H,0.1213,0.12846166,0.12036890,True,
EQ,2.4-dimethylhexane,14,H,0.1207,0.12837898,0.12024807,True,
EQ,2.4-dimethylhexane,15,C,-0.4463,-0.45407294,-0.42150458,True,
EQ,2.4-dimethylhexane,16,H,0.1253,0.09928737,0.09519672,True,
EQ,2.4-dimethylhexane,17,C,-0.4416,-0.46106626,-0.42671441,True,
EQ,2.4-dimethylhexane,18,H,0.1370,0.13978467,0.13150897,True,
EQ,2.4-dimethylhexane,19,H,0.1375,0.13846086,0.13039494,True,
EQ,2.4-dimethylhexane,20,H,0.1376,0.14362783,0.13484694,True,
EQ,2.4-dimethylhexane,21,H,0.1441,0.14084855,0.13243733,True,
EQ,2.4-dimethylhexane,22,H,0.1384,0.13920743,0.13046120,True,
EQ,2.4-dimethylhexane,23,H,0.1382,0.14415965,0.13492756,True,
EQ,2.4-dimethylhexane,24,H,0.1440,0.14044439,0.13151653,True,
EQ,2.4-dimethylhexane,25,H,0.1379,0.14276028,0.13351768,True,
EQ,2.4-dimethylhexane,26,H,0.1454,0.13997290,0.13136848,True,
EQ,2.4-dimethylpentane,1,H,0.1378,0.14368230,0.13482353,True,
EQ,2.4-dimethylpentane,2,C,-0.4420,-0.46085834,-0.42662178,True,
EQ,2.4-dimethylpentane,3,H,0.1376,0.13847723,0.13033116,True,
EQ,2.4-dimethylpentane,4,C,-0.0717,-0.01028015,-0.02474236,True,
EQ,2.4-dimethylpentane,5,H,0.1371,0.13977480,0.13141050,True,
EQ,2.4-dimethylpentane,6,C,-0.2400,-0.30001782,-0.27519137,True,
EQ,2.4-dimethylpentane,7,C,-0.4463,-0.45436478,-0.42173255,True,
EQ,2.4-dimethylpentane,8,H,0.1257,0.09962082,0.09531357,True,
EQ,2.4-dimethylpentane,9,H,0.1209,0.13016564,0.12151206,True,
EQ,2.4-dimethylpentane,10,H,0.1210,0.13016564,0.12151206,True,
EQ,2.4-dimethylpentane,11,C,-0.0717,-0.01028015,-0.02474236,True,
EQ,2.4-dimethylpentane,12,C,-0.4420,-0.46085834,-0.42662178,True,
EQ,2.4-dimethylpentane,13,H,0.1257,0.09962082,0.09531357,True,
EQ,2.4-dimethylpentane,14,C,-0.4462,-0.45436478,-0.42173255,True,
EQ,2.4-dimethylpentane,15,H,0.1378,0.14368230,0.13482353,True,
EQ,2.4-dimethylpentane,16,H,0.1376,0.13847723,0.13033116,True,
EQ,2.4-dimethylpentane,17,H,0.1371,0.13977480,0.13141050,True,
EQ,2.4-dimethylpentane,18,H,0.1383,0.14404620,0.13478499,True,
EQ,2.4-dimethylpentane,19,H,0.1385,0.13923568,0.13044921,True,
EQ,2.4-dimethylpentane,20,H,0.1441,0.14050951,0.13206738,True,
EQ,2.4-dimethylpentane,21,H,0.1383,0.14404620,0.13478499,True,
EQ,2.4-dimethylpentane,22,H,0.1385,0.13923568,0.13044921,True,
EQ,2.4-dimethylpentane,23,H,0.1441,0.14050951,0.13206738,True,
EQ,2.4-dimethylpyridine,1,H,0.1361,0.11384116,0.11071918,True,
EQ,2.4-dimethylpyridine,2,C,0.0370,0.07985091,0.07663955,True,
EQ,2.4-dimethylpyridine,3,C,-0.2024,-0.25663103,-0.23583755,True,
EQ,2.4-dimethylpyridine,4,H,0.1219,0.14460997,0.13816608,True,
EQ,2.4-dimethylpyridine,5,C,-0.1794,-0.21926047,-0.20208756,True,
EQ,2.4-dimethylpyridine,6,C,0.1880,0.12243304,0.11094369,True,
EQ,2.4-dimethylpyridine,7,C,0.3104,0.26515223,0.25132844,True,
EQ,2.4-dimethylpyridine,8,N,-0.4744,-0.45482889,-0.42949915,True,
EQ,2.4-dimethylpyridine,9,H,0.1260,0.13851459,0.13260095,True,
EQ,2.4-dimethylpyridine,10,C,-0.5297,-0.46530108,-0.43645270,True,
EQ,2.4-dimethylpyridine,11,C,-0.5235,-0.47452965,-0.44653870,True,
EQ,2.4-dimethylpyridine,12,H,0.1600,0.16686080,0.15415403,True,
EQ,2.4-dimethylpyridine,13,H,0.1755,0.18325822,0.16872792,True,
EQ,2.4-dimethylpyridine,14,H,0.1599,0.16675723,0.15406532,True,
EQ,2.4-dimethylpyridine,15,H,0.1738,0.16457345,0.15242572,True,
EQ,2.4-dimethylpyridine,16,H,0.1604,0.16233889,0.15037332,True,
EQ,2.4-dimethylpyridine,17,H,0.1604,0.16236063,0.15027147,True,
EQ,2.4.6-trimethylpyridine,1,C,-0.5256,-0.47809898,-0.44844766,True,
EQ,2.4.6-trimethylpyridine,2,C,0.3108,0.27095558,0.25558953,True,
EQ,2.4.6-trimethylpyridine,3,C,-0.2096,-0.26731767,-0.24487080,True,
EQ,2.4.6-trimethylpyridine,4,H,0.1188,0.14364275,0.13728026,True,
EQ,2.4.6-trimethylpyridine,5,C,-0.2096,-0.26731767,-0.24487080,True,
EQ,2.4.6-trimethylpyridine,6,C,0.1923,0.12900126,0.11595373,True,
EQ,2.4.6-trimethylpyridine,7,C,0.3107,0.27095558,0.25558953,True,
EQ,2.4.6-trimethylpyridine,8,N,-0.5250,-0.49920480,-0.46878936,True,
EQ,2.4.6-trimethylpyridine,9,H,0.1188,0.14364275,0.13728026,True,
EQ,2.4.6-trimethylpyridine,10,C,-0.5307,-0.46943913,-0.43885010,True,
EQ,2.4.6-trimethylpyridine,11,C,-0.5256,-0.47809898,-0.44844766,True,
EQ,2.4.6-trimethylpyridine,12,H,0.1592,0.16439189,0.15248091,True,
EQ,2.4.6-trimethylpyridine,13,H,0.1736,0.18093586,0.16727515,True,
EQ,2.4.6-trimethylpyridine,14,H,0.1591,0.16426076,0.15235070,True,
EQ,2.4.6-trimethylpyridine,15,H,0.1724,0.16212476,0.15081400,True,
EQ,2.4.6-trimethylpyridine,16,H,0.1592,0.15998876,0.14877778,True,
EQ,2.4.6-trimethylpyridine,17,H,0.1592,0.15998876,0.14877778,True,
EQ,2.4.6-trimethylpyridine,18,H,0.1592,0.16439189,0.15248091,True,
EQ,2.4.6-trimethylpyridine,19,H,0.1591,0.16426076,0.15235070,True,
EQ,2.4.6-trimethylpyridine,20,H,0.1736,0.18093586,0.16727515,True,
EQ,2.5-dimethylhexane,1,H,0.1371,0.13806162,0.13008736,True,
EQ,2.5-dimethylhexane,2,C,-0.4418,-0.45948934,-0.42558901,True,
EQ,2.5-dimethylhexane,3,H,0.1379,0.14376339,0.13501252,True,
EQ,2.5-dimethylhexane,4,C,-0.0648,-0.01859081,-0.03074764,True,
EQ,2.5-dimethylhexane,5,H,0.1369,0.14003118,0.13167163,True,
EQ,2.5-dimethylhexane,6,C,-0.2532,-0.26656347,-0.24966671,True,
EQ,2.5-dimethylhexane,7,H,0.1199,0.09900971,0.09466624,True,
EQ,2.5-dimethylhexane,8,C,-0.4456,-0.45264403,-0.42051341,True,
EQ,2.5-dimethylhexane,9,H,0.1229,0.12768424,0.11987743,True,
EQ,2.5-dimethylhexane,10,H,0.1303,0.12598196,0.11847094,True,
EQ,2.5-dimethylhexane,11,C,-0.2532,-0.26656347,-0.24966671,True,
EQ,2.5-dimethylhexane,12,C,-0.0648,-0.01859081,-0.03074764,True,
EQ,2.5-dimethylhexane,13,H,0.1229,0.12768424,0.11987743,True,
EQ,2.5-dimethylhexane,14,H,0.1303,0.12598196,0.11847094,True,
EQ,2.5-dimethylhexane,15,H,0.1199,0.09900971,0.09466624,True,
EQ,2.5-dimethylhexane,16,C,-0.4456,-0.45264403,-0.42051341,True,
EQ,2.5-dimethylhexane,17,C,-0.4418,-0.45948934,-0.42558901,True,
EQ,2.5-dimethylhexane,18,H,0.1369,0.14003118,0.13167163,True,
EQ,2.5-dimethylhexane,19,H,0.1378,0.14376339,0.13501252,True,
EQ,2.5-dimethylhexane,20,H,0.1371,0.13806162,0.13008736,True,
EQ,2.5-dimethylhexane,21,H,0.1441,0.13927768,0.13103680,True,
EQ,2.5-dimethylhexane,22,H,0.1378,0.14405082,0.13495495,True,
EQ,2.5-dimethylhexane,23,H,0.1386,0.13942705,0.13073890,True,
EQ,2.5-dimethylhexane,24,H,0.1378,0.14405082,0.13495495,True,
EQ,2.5-dimethylhexane,25,H,0.1441,0.13927768,0.13103680,True,
EQ,2.5-dimethylhexane,26,H,0.1386,0.13942705,0.13073890,True,
EQ,2.6-dimethylpyridine,1,C,-0.5245,-0.47487289,-0.44650415,True,
EQ,2.6-dimethylpyridine,2,C,0.3111,0.26313658,0.24924054,True,
EQ,2.6-dimethylpyridine,3,C,-0.1650,-0.21858543,-0.20166284,True,
EQ,2.6-dimethylpyridine,4,H,0.1272,0.13742297,0.13176323,True,
EQ,2.6-dimethylpyridine,5,C,-0.1649,-0.21858543,-0.20166284,True,
EQ,2.6-dimethylpyridine,6,C,-0.1004,-0.07096245,-0.06986625,True,
EQ,2.6-dimethylpyridine,7,C,0.3113,0.26313658,0.24924054,True,
EQ,2.6-dimethylpyridine,8,N,-0.5224,-0.48944491,-0.46010720,True,
EQ,2.6-dimethylpyridine,9,H,0.1272,0.13742297,0.13176323,True,
EQ,2.6-dimethylpyridine,10,H,0.1349,0.11741356,0.11381584,True,
EQ,2.6-dimethylpyridine,11,C,-0.5245,-0.47487289,-0.44650415,True,
EQ,2.6-dimethylpyridine,12,H,0.1604,0.16594623,0.15345692,True,
EQ,2.6-dimethylpyridine,13,H,0.1742,0.18250321,0.16832819,True,
EQ,2.6-dimethylpyridine,14,H,0.1604,0.16594623,0.15345692,True,
EQ,2.6-dimethylpyridine,15,H,0.1604,0.16594623,0.15345692,True,
EQ,2.6-dimethylpyridine,16,H,0.1604,0.16594623,0.15345692,True,
EQ,2.6-dimethylpyridine,17,H,0.1742,0.18250321,0.16832819,True,
EQ,2_5-difluorotoluene,1,C,-0.5067,-0.40311234,-0.39197608,True,
EQ,2_5-difluorotoluene,2,C,0.0464,0.05511082,0.05755660,True,
EQ,2_5-difluorotoluene,3,C,-0.2260,-0.14432344,-0.13422633,True,
EQ,2_5-difluorotoluene,4,C,-0.2646,-0.18688635,-0.17300173,True,
EQ,2_5-difluorotoluene,5,C,0.3454,0.15555555,0.16001308,True,
EQ,2_5-difluorotoluene,6,C,-0.2119,-0.12550886,-0.11829357,True,
EQ,2_5-difluorotoluene,7,C,0.3954,0.21437963,0.21222190,True,
EQ,2_5-difluorotoluene,8,H,0.1626,0.17232544,0.16488719,True,
EQ,2_5-difluorotoluene,9,F,-0.2828,-0.31679395,-0.30056390,True,
EQ,2_5-difluorotoluene,10,H,0.1634,0.16693322,0.15929087,True,
EQ,2_5-difluorotoluene,11,F,-0.2907,-0.31804148,-0.30299929,True,
EQ,2_5-difluorotoluene,12,H,0.1638,0.16924785,0.16118684,True,
EQ,2_5-difluorotoluene,13,H,0.1751,0.18830643,0.16981009,True,
EQ,2_5-difluorotoluene,14,H,0.1716,0.19502277,0.17563978,True,
EQ,2_5-difluorotoluene,15,H,0.1592,0.17778471,0.16045456,True,
EQ,2_propoxyethanol,1,C,0.0050,-0.05635160,-0.04823800,True,
EQ,2_propoxyethanol,2,O,-0.5039,-0.48135019,-0.44804169,True,
EQ,2_propoxyethanol,3,C,-0.0344,-0.07658673,-0.07114525,True,
EQ,2_propoxyethanol,4,H,0.1452,0.15431408,0.13824677,True,
EQ,2_propoxyethanol,5,H,0.1234,0.12575425,0.11897728,True,
EQ,2_propoxyethanol,6,C,-0.2694,-0.20068717,-0.20245138,True,
EQ,2_propoxyethanol,7,H,0.1224,0.12370502,0.11748955,True,
EQ,2_propoxyethanol,8,H,0.1215,0.12187127,0.11927459,True,
EQ,2_propoxyethanol,9,C,-0.0348,-0.05506347,-0.05099084,True,
EQ,2_propoxyethanol,10,H,0.1463,0.13312053,0.12918569,True,
EQ,2_propoxyethanol,11,H,0.1347,0.14388005,0.13788412,True,
EQ,2_propoxyethanol,12,O,-0.6309,-0.56946865,-0.53967169,True,
EQ,2_propoxyethanol,13,H,0.1356,0.13898472,0.13346085,True,
EQ,2_propoxyethanol,14,C,-0.4511,-0.41643577,-0.39899411,True,
EQ,2_propoxyethanol,15,H,0.1456,0.15012474,0.13522047,True,
EQ,2_propoxyethanol,16,H,0.1481,0.14926765,0.13481970,True,
EQ,2_propoxyethanol,17,H,0.1457,0.15495872,0.13872399,True,
EQ,2_propoxyethanol,18,H,0.1514,0.15402251,0.13874577,True,
EQ,2_propoxyethanol,19,H,0.3996,0.30594003,0.31750417,True,
EQ,3-ethyl-2-methylpentane,1,H,0.1467,0.13986956,0.13197613,True,
EQ,3-ethyl-2-methylpentane,2,C,-0.4509,-0.42811296,-0.40056964,True,
EQ,3-ethyl-2-methylpentane,3,H,0.1413,0.13750596,0.12974510,True,
EQ,3-ethyl-2-methylpentane,4,C,-0.2645,-0.22476546,-0.21573529,True,
EQ,3-ethyl-2-methylpentane,5,H,0.1396,0.13221011,0.12486882,True,
EQ,3-ethyl-2-methylpentane,6,C,-0.0536,-0.11059847,-0.10419053,True,
EQ,3-ethyl-2-methylpentane,7,H,0.1301,0.12114446,0.11466547,True,
EQ,3-ethyl-2-methylpentane,8,H,0.1368,0.11780300,0.11150416,True,
EQ,3-ethyl-2-methylpentane,9,H,0.1080,0.11175740,0.10517058,True,
EQ,3-ethyl-2-methylpentane,10,C,-0.2729,-0.22155064,-0.21287622,True,
EQ,3-ethyl-2-methylpentane,11,C,-0.0670,-0.03770167,-0.04675331,True,
EQ,3-ethyl-2-methylpentane,12,C,-0.4533,-0.45081634,-0.41880863,True,
EQ,3-ethyl-2-methylpentane,13,H,0.1213,0.10490299,0.09993927,True,
EQ,3-ethyl-2-methylpentane,14,C,-0.4525,-0.45409546,-0.42112499,True,
EQ,3-ethyl-2-methylpentane,15,H,0.1387,0.14216873,0.13354676,True,
EQ,3-ethyl-2-methylpentane,16,H,0.1444,0.14014541,0.13212167,True,
EQ,3-ethyl-2-methylpentane,17,H,0.1375,0.13845587,0.13003510,True,
EQ,3-ethyl-2-methylpentane,18,H,0.1380,0.14257937,0.13415181,True,
EQ,3-ethyl-2-methylpentane,19,H,0.1375,0.13898153,0.13076255,True,
EQ,3-ethyl-2-methylpentane,20,H,0.1446,0.13726793,0.12973405,True,
EQ,3-ethyl-2-methylpentane,21,H,0.1342,0.11825322,0.11173768,True,
EQ,3-ethyl-2-methylpentane,22,C,-0.4516,-0.42245871,-0.39643369,True,
EQ,3-ethyl-2-methylpentane,23,H,0.1404,0.13124978,0.12362534,True,
EQ,3-ethyl-2-methylpentane,24,H,0.1461,0.14076670,0.13228941,True,
EQ,3-ethyl-2-methylpentane,25,H,0.1468,0.13897321,0.13075533,True,
EQ,3-ethyl-2-methylpentane,26,H,0.1343,0.11606450,0.10986306,True,
EQ,3-ethyl-3-methylpentane,1,H,0.1502,0.13827475,0.13076057,True,
EQ,3-ethyl-3-methylpentane,2,C,-0.4591,-0.42193024,-0.39580602,True,
EQ,3-ethyl-3-methylpentane,3,H,0.1502,0.13827475,0.13076057,True,
EQ,3-ethyl-3-methylpentane,4,C,-0.2765,-0.24488529,-0.23161298,True,
EQ,3-ethyl-3-methylpentane,5,H,0.1380,0.13087013,0.12355241,True,
EQ,3-ethyl-3-methylpentane,6,C,0.1389,0.06818131,0.05442702,True,
EQ,3-ethyl-3-methylpentane,7,H,0.1312,0.12117528,0.11436934,True,
EQ,3-ethyl-3-methylpentane,8,H,0.1312,0.12117528,0.11436934,True,
EQ,3-ethyl-3-methylpentane,9,C,-0.2767,-0.24488529,-0.23161298,True,
EQ,3-ethyl-3-methylpentane,10,C,-0.2766,-0.24488529,-0.23161298,True,
EQ,3-ethyl-3-methylpentane,11,C,-0.2767,-0.24488529,-0.23161298,True,
EQ,3-ethyl-3-methylpentane,12,C,-0.4591,-0.42193024,-0.39580602,True,
EQ,3-ethyl-3-methylpentane,13,H,0.1313,0.12117528,0.11436934,True,
EQ,3-ethyl-3-methylpentane,14,H,0.1312,0.12117528,0.11436934,True,
EQ,3-ethyl-3-methylpentane,15,H,0.1502,0.13827475,0.13076057,True,
EQ,3-ethyl-3-methylpentane,16,H,0.1502,0.13827475,0.13076057,True,
EQ,3-ethyl-3-methylpentane,17,H,0.1380,0.13087013,0.12355241,True,
EQ,3-ethyl-3-methylpentane,18,H,0.1312,0.12117528,0.11436934,True,
EQ,3-ethyl-3-methylpentane,19,H,0.1312,0.12117528,0.11436934,True,
EQ,3-ethyl-3-methylpentane,20,C,-0.4591,-0.42193024,-0.39580602,True,
EQ,3-ethyl-3-methylpentane,21,H,0.1380,0.13087013,0.12355241,True,
EQ,3-ethyl-3-methylpentane,22,H,0.1502,0.13827475,0.13076057,True,
EQ,3-ethyl-3-methylpentane,23,H,0.1502,0.13827475,0.13076057,True,
EQ,3-ethyl-3-methylpentane,24,H,0.1312,0.12117528,0.11436934,True,
EQ,3-ethyl-3-methylpentane,25,C,-0.4591,-0.42193024,-0.39580602,True,
EQ,3-ethyl-3-methylpentane,26,H,0.1312,0.12117528,0.11436934,True,
EQ,3-ethyl-3-methylpentane,27,H,0.1380,0.13087013,0.12355241,True,
EQ,3-ethyl-3-methylpentane,28,H,0.1502,0.13827475,0.13076057,True,
EQ,3-ethyl-3-methylpentane,29,H,0.1502,0.13827475,0.13076057,True,
EQ,3-ethylhexane,1,H,0.1403,0.13793524,0.13029410,True,
EQ,3-ethylhexane,2,C,-0.4414,-0.43475526,-0.40564095,True,
EQ,3-ethylhexane,3,H,0.1403,0.13823602,0.13059808,True,
EQ,3-ethylhexane,4,C,-0.2549,-0.20914577,-0.20276155,True,
EQ,3-ethylhexane,5,H,0.1389,0.13410808,0.12692251,True,
EQ,3-ethylhexane,6,C,-0.2535,-0.26536292,-0.24817847,True,
EQ,3-ethylhexane,7,H,0.1297,0.11585579,0.11025859,True,
EQ,3-ethylhexane,8,H,0.1363,0.11899148,0.11320391,True,
EQ,3-ethylhexane,9,H,0.1279,0.12868825,0.12110078,True,
EQ,3-ethylhexane,10,H,0.1245,0.12286967,0.11569920,True,
EQ,3-ethylhexane,11,C,-0.0609,-0.08365138,-0.08307102,True,
EQ,3-ethylhexane,12,C,-0.2558,-0.23241068,-0.22104023,True,
EQ,3-ethylhexane,13,H,0.1117,0.10559228,0.10023793,True,
EQ,3-ethylhexane,14,C,-0.2676,-0.22507322,-0.21525830,True,
EQ,3-ethylhexane,15,H,0.1308,0.12224138,0.11575415,True,
EQ,3-ethylhexane,16,H,0.1279,0.11568177,0.10968679,True,
EQ,3-ethylhexane,17,C,-0.4493,-0.42661110,-0.39940796,True,
EQ,3-ethylhexane,18,H,0.1393,0.13280750,0.12556524,True,
EQ,3-ethylhexane,19,H,0.1404,0.13727489,0.12973028,True,
EQ,3-ethylhexane,20,H,0.1459,0.13981830,0.13213741,True,
EQ,3-ethylhexane,21,C,-0.4516,-0.42018754,-0.39506280,True,
EQ,3-ethylhexane,22,H,0.1336,0.11827754,0.11166591,True,
EQ,3-ethylhexane,23,H,0.1343,0.11623615,0.11000732,True,
EQ,3-ethylhexane,24,H,0.1459,0.14048026,0.13187009,True,
EQ,3-ethylhexane,25,H,0.1463,0.14047331,0.13183645,True,
EQ,3-ethylhexane,26,H,0.1408,0.13162996,0.12385255,True,
EQ,3-ethylpentane,1,H,0.1459,0.13969448,0.13212185,True,
EQ,3-ethylpentane,2,C,-0.4495,-0.42655056,-0.39926364,True,
EQ,3-ethylpentane,3,H,0.1405,0.13707470,0.12961695,True,
EQ,3-ethylpentane,4,C,-0.2547,-0.23323598,-0.22162311,True,
EQ,3-ethylpentane,5,H,0.1394,0.13258009,0.12542717,True,
EQ,3-ethylpentane,6,C,-0.0554,-0.08445523,-0.08345838,True,
EQ,3-ethylpentane,7,H,0.1311,0.12194938,0.11555103,True,
EQ,3-ethylpentane,8,H,0.1280,0.11533253,0.10942494,True,
EQ,3-ethylpentane,9,H,0.1116,0.10664850,0.10098397,True,
EQ,3-ethylpentane,10,C,-0.2674,-0.22281033,-0.21376294,True,
EQ,3-ethylpentane,11,C,-0.2548,-0.23323598,-0.22162311,True,
EQ,3-ethylpentane,12,C,-0.4495,-0.42655056,-0.39926364,True,
EQ,3-ethylpentane,13,H,0.1311,0.12194938,0.11555103,True,
EQ,3-ethylpentane,14,H,0.1280,0.11533253,0.10942494,True,
EQ,3-ethylpentane,15,H,0.1405,0.13707470,0.12961695,True,
EQ,3-ethylpentane,16,H,0.1459,0.13969448,0.13212185,True,
EQ,3-ethylpentane,17,H,0.1394,0.13258009,0.12542717,True,
EQ,3-ethylpentane,18,H,0.1339,0.11781541,0.11117072,True,
EQ,3-ethylpentane,19,C,-0.4514,-0.42066905,-0.39544021,True,
EQ,3-ethylpentane,20,H,0.1339,0.11781541,0.11117072,True,
EQ,3-ethylpentane,21,H,0.1408,0.13137973,0.12360108,True,
EQ,3-ethylpentane,22,H,0.1463,0.14029314,0.13161233,True,
EQ,3-ethylpentane,23,H,0.1463,0.14029314,0.13161233,True,
EQ,3-methylbutanitrile,1,H,0.1453,0.15827807,0.14143144,True,
EQ,3-methylbutanitrile,2,C,-0.4455,-0.44221889,-0.41885764,True,
EQ,3-methylbutanitrile,3,H,0.1455,0.16123257,0.14512602,True,
EQ,3-methylbutanitrile,4,C,-0.0828,0.01502662,-0.00653115,True,
EQ,3-methylbutanitrile,5,H,0.1549,0.15807883,0.14405658,True,
EQ,3-methylbutanitrile,6,C,-0.3325,-0.35376403,-0.31645439,True,
EQ,3-methylbutanitrile,7,H,0.1514,0.12042444,0.11022884,True,
EQ,3-methylbutanitrile,8,C,-0.4504,-0.43144475,-0.41386217,True,
EQ,3-methylbutanitrile,9,H,0.1883,0.15943676,0.15495291,True,
EQ,3-methylbutanitrile,10,H,0.1891,0.15691477,0.15178581,True,
EQ,3-methylbutanitrile,11,C,0.3492,0.25327380,0.28263726,True,
EQ,3-methylbutanitrile,12,N,-0.4748,-0.44995310,-0.41541470,True,
EQ,3-methylbutanitrile,13,H,0.1431,0.16351211,0.14574188,True,
EQ,3-methylbutanitrile,14,H,0.1679,0.17271663,0.15177107,True,
EQ,3-methylbutanitrile,15,H,0.1512,0.15848617,0.14338822,True,
EQ,3-methylheptane,1,H,0.1400,0.13826435,0.13061022,True,
EQ,3-methylheptane,2,C,-0.4405,-0.43272544,-0.40419444,True,
EQ,3-methylheptane,3,H,0.1401,0.13839461,0.13072134,True,
EQ,3-methylheptane,4,C,-0.2474,-0.21621690,-0.20801939,True,
EQ,3-methylheptane,5,H,0.1388,0.13452307,0.12722630,True,
EQ,3-methylheptane,6,C,-0.2523,-0.23978544,-0.22834433,True,
EQ,3-methylheptane,7,H,0.1303,0.11716437,0.11124511,True,
EQ,3-methylheptane,8,H,0.1298,0.11676672,0.11089545,True,
EQ,3-methylheptane,9,H,0.1258,0.12318486,0.11638311,True,
EQ,3-methylheptane,10,H,0.1324,0.12463057,0.11774699,True,
EQ,3-methylheptane,11,C,-0.2522,-0.27314180,-0.25415703,True,
EQ,3-methylheptane,12,C,-0.0612,-0.05043257,-0.05691967,True,
EQ,3-methylheptane,13,H,0.1239,0.12698878,0.11958791,True,
EQ,3-methylheptane,14,H,0.1239,0.12249728,0.11563981,True,
EQ,3-methylheptane,15,H,0.1150,0.10574563,0.10041957,True,
EQ,3-methylheptane,16,C,-0.4566,-0.44248249,-0.41305633,True,
EQ,3-methylheptane,17,C,-0.2468,-0.24086059,-0.22753257,True,
EQ,3-methylheptane,18,C,-0.4484,-0.42436868,-0.39790223,True,
EQ,3-methylheptane,19,H,0.1268,0.12203212,0.11524345,True,
EQ,3-methylheptane,20,H,0.1271,0.11710868,0.11088376,True,
EQ,3-methylheptane,21,H,0.1399,0.13781284,0.13018710,True,
EQ,3-methylheptane,22,H,0.1453,0.13864283,0.13097580,True,
EQ,3-methylheptane,23,H,0.1395,0.13317361,0.12582951,True,
EQ,3-methylheptane,24,H,0.1451,0.13926598,0.13072596,True,
EQ,3-methylheptane,25,H,0.1374,0.14305267,0.13387752,True,
EQ,3-methylheptane,26,H,0.1441,0.14076495,0.13192709,True,
EQ,3-methylhexane,1,H,0.1402,0.13833003,0.13052799,True,
EQ,3-methylhexane,2,C,-0.4412,-0.43446296,-0.40555790,True,
EQ,3-methylhexane,3,H,0.1406,0.13874282,0.13087920,True,
EQ,3-methylhexane,4,C,-0.2542,-0.20726502,-0.20146620,True,
EQ,3-methylhexane,5,H,0.1389,0.13440813,0.12706463,True,
EQ,3-methylhexane,6,C,-0.2447,-0.27370517,-0.25457141,True,
EQ,3-methylhexane,7,H,0.1292,0.11627239,0.11060656,True,
EQ,3-methylhexane,8,H,0.1357,0.11762693,0.11186412,True,
EQ,3-methylhexane,9,H,0.1238,0.12833204,0.12050272,True,
EQ,3-methylhexane,10,H,0.1237,0.12422609,0.11686785,True,
EQ,3-methylhexane,11,C,-0.0607,-0.05115852,-0.05750413,True,
EQ,3-methylhexane,12,C,-0.2473,-0.24074171,-0.22744286,True,
EQ,3-methylhexane,13,H,0.1153,0.10554749,0.10024063,True,
EQ,3-methylhexane,14,C,-0.4565,-0.44274476,-0.41319367,True,
EQ,3-methylhexane,15,H,0.1270,0.12199728,0.11522598,True,
EQ,3-methylhexane,16,H,0.1272,0.11708212,0.11088845,True,
EQ,3-methylhexane,17,C,-0.4484,-0.42445703,-0.39794314,True,
EQ,3-methylhexane,18,H,0.1396,0.13309512,0.12577955,True,
EQ,3-methylhexane,19,H,0.1400,0.13773121,0.13013579,True,
EQ,3-methylhexane,20,H,0.1454,0.13856670,0.13091158,True,
EQ,3-methylhexane,21,H,0.1374,0.14298496,0.13385328,True,
EQ,3-methylhexane,22,H,0.1441,0.14068764,0.13187447,True,
EQ,3-methylhexane,23,H,0.1451,0.13890422,0.13045652,True,
EQ,3-methylpentane,1,H,0.1454,0.13842850,0.13086329,True,
EQ,3-methylpentane,2,C,-0.4486,-0.42437111,-0.39779375,True,
EQ,3-methylpentane,3,H,0.1400,0.13756148,0.13003613,True,
EQ,3-methylpentane,4,C,-0.2462,-0.24164055,-0.22810453,True,
EQ,3-methylpentane,5,H,0.1397,0.13287921,0.12562176,True,
EQ,3-methylpentane,6,C,-0.0551,-0.05192253,-0.05788623,True,
EQ,3-methylpentane,7,H,0.1271,0.12168935,0.11499747,True,
EQ,3-methylpentane,8,H,0.1273,0.11677288,0.11063570,True,
EQ,3-methylpentane,9,H,0.1151,0.10677231,0.10108867,True,
EQ,3-methylpentane,10,C,-0.4560,-0.44055851,-0.41176674,True,
EQ,3-methylpentane,11,C,-0.2462,-0.24164055,-0.22810453,True,
EQ,3-methylpentane,12,C,-0.4486,-0.42437111,-0.39779375,True,
EQ,3-methylpentane,13,H,0.1271,0.12168935,0.11499747,True,
EQ,3-methylpentane,14,H,0.1273,0.11677288,0.11063570,True,
EQ,3-methylpentane,15,H,0.1400,0.13756148,0.13003613,True,
EQ,3-methylpentane,16,H,0.1454,0.13842850,0.13086329,True,
EQ,3-methylpentane,17,H,0.1397,0.13287921,0.12562176,True,
EQ,3-methylpentane,18,H,0.1445,0.14024682,0.13135109,True,
EQ,3-methylpentane,19,H,0.1377,0.14257557,0.13335000,True,
EQ,3-methylpentane,20,H,0.1445,0.14024682,0.13135109,True,
EQ,3-methylpyridine,1,H,0.1362,0.12674545,0.12169236,True,
EQ,3-methylpyridine,2,C,-0.0090,0.01506151,0.01895156,True,
EQ,3-methylpyridine,3,C,-0.1305,-0.14986059,-0.14148420,True,
EQ,3-methylpyridine,4,H,0.1631,0.16386170,0.15092939,True,
EQ,3-methylpyridine,5,C,0.1645,0.04537105,0.04262675,True,
EQ,3-methylpyridine,6,C,-0.1464,-0.13363335,-0.12550992,True,
EQ,3-methylpyridine,7,C,0.0362,0.05817874,0.05820191,True,
EQ,3-methylpyridine,8,N,-0.4195,-0.39073697,-0.37345579,True,
EQ,3-methylpyridine,9,C,-0.5337,-0.44802939,-0.42347282,True,
EQ,3-methylpyridine,10,H,0.1341,0.13100474,0.12534942,True,
EQ,3-methylpyridine,11,H,0.1391,0.11970729,0.11523824,True,
EQ,3-methylpyridine,12,H,0.1351,0.13194155,0.12645063,True,
EQ,3-methylpyridine,13,H,0.1723,0.16647101,0.15340996,True,
EQ,3-methylpyridine,14,H,0.1587,0.16391725,0.15107251,True,
EQ,3-octyne,1,C,-0.2925,-0.26404978,-0.24579321,True,
EQ,3-octyne,2,C,-0.0832,-0.05860835,-0.04622916,True,
EQ,3-octyne,3,C,-0.0305,-0.06049852,-0.04804240,True,
EQ,3-octyne,4,C,-0.2987,-0.23133549,-0.21915768,True,
EQ,3-octyne,5,C,-0.4344,-0.41076991,-0.38821061,True,
EQ,3-octyne,6,H,0.1641,0.12795858,0.12231821,True,
EQ,3-octyne,7,H,0.1640,0.12794603,0.12231159,True,
EQ,3-octyne,8,H,0.1548,0.14798503,0.13853266,True,
EQ,3-octyne,9,H,0.1548,0.14803164,0.13855109,True,
EQ,3-octyne,10,H,0.1410,0.13923046,0.13115187,True,
EQ,3-octyne,11,H,0.1610,0.13242637,0.12634157,True,
EQ,3-octyne,12,C,-0.2449,-0.22929740,-0.22077849,True,
EQ,3-octyne,13,H,0.1611,0.13241777,0.12633994,True,
EQ,3-octyne,14,H,0.1417,0.13261033,0.12355158,True,
EQ,3-octyne,15,H,0.1417,0.13262895,0.12356910,True,
EQ,3-octyne,16,C,-0.2498,-0.21235238,-0.20645979,True,
EQ,3-octyne,17,H,0.1319,0.12236125,0.11386118,True,
EQ,3-octyne,18,C,-0.4407,-0.42640143,-0.40180939,True,
EQ,3-octyne,19,H,0.1318,0.12236297,0.11385613,True,
EQ,3-octyne,20,H,0.1427,0.14377028,0.13318081,True,
EQ,3-octyne,21,H,0.1427,0.14377707,0.13318305,True,
EQ,3-octyne,22,H,0.1412,0.13980653,0.12973194,True,
EQ,3.3-dimethylhexane,1,H,0.1405,0.13811923,0.13042034,True,
EQ,3.3-dimethylhexane,2,C,-0.4418,-0.43656545,-0.40691890,True,
EQ,3.3-dimethylhexane,3,H,0.1405,0.13811923,0.13042034,True,
EQ,3.3-dimethylhexane,4,C,-0.2598,-0.20131220,-0.19721913,True,
EQ,3.3-dimethylhexane,5,H,0.1393,0.13373819,0.12658785,True,
EQ,3.3-dimethylhexane,6,C,-0.2471,-0.29290495,-0.26888302,True,
EQ,3.3-dimethylhexane,7,H,0.1353,0.11670016,0.11126172,True,
EQ,3.3-dimethylhexane,8,H,0.1353,0.11670016,0.11126172,True,
EQ,3.3-dimethylhexane,9,H,0.1219,0.12765198,0.11962193,True,
EQ,3.3-dimethylhexane,10,H,0.1219,0.12765198,0.11962193,True,
EQ,3.3-dimethylhexane,11,C,0.1133,0.12705575,0.10098407,True,
EQ,3.3-dimethylhexane,12,C,-0.2486,-0.26045263,-0.24226586,True,
EQ,3.3-dimethylhexane,13,C,-0.4588,-0.46331397,-0.42936507,True,
EQ,3.3-dimethylhexane,14,C,-0.4588,-0.46331397,-0.42936507,True,
EQ,3.3-dimethylhexane,15,H,0.1254,0.12089264,0.11396451,True,
EQ,3.3-dimethylhexane,16,H,0.1253,0.12089264,0.11396451,True,
EQ,3.3-dimethylhexane,17,C,-0.4549,-0.41754593,-0.39265411,True,
EQ,3.3-dimethylhexane,18,H,0.1403,0.13123050,0.12409317,True,
EQ,3.3-dimethylhexane,19,H,0.1454,0.13739376,0.13005777,True,
EQ,3.3-dimethylhexane,20,H,0.1454,0.13739376,0.13005777,True,
EQ,3.3-dimethylhexane,21,H,0.1354,0.14274137,0.13319353,True,
EQ,3.3-dimethylhexane,22,H,0.1419,0.14487090,0.13511458,True,
EQ,3.3-dimethylhexane,23,H,0.1428,0.14332230,0.13386866,True,
EQ,3.3-dimethylhexane,24,H,0.1354,0.14274137,0.13319353,True,
EQ,3.3-dimethylhexane,25,H,0.1428,0.14332230,0.13386866,True,
EQ,3.3-dimethylhexane,26,H,0.1419,0.14487090,0.13511458,True,
EQ,3.3-dimethyloxetane,1,C,-0.0115,-0.10869416,-0.09560941,True,
EQ,3.3-dimethyloxetane,2,O,-0.5059,-0.46825066,-0.42910398,True,
EQ,3.3-dimethyloxetane,3,C,-0.0115,-0.10869416,-0.09560941,True,
EQ,3.3-dimethyloxetane,4,C,-0.4687,-0.45881705,-0.43132744,True,
EQ,3.3-dimethyloxetane,5,H,0.1287,0.13365162,0.12790385,True,
EQ,3.3-dimethyloxetane,6,H,0.1331,0.13453639,0.12911161,True,
EQ,3.3-dimethyloxetane,7,H,0.1287,0.13365162,0.12790385,True,
EQ,3.3-dimethyloxetane,8,C,0.0564,0.12141155,0.09918937,True,
EQ,3.3-dimethyloxetane,9,H,0.1331,0.13453639,0.12911161,True,
EQ,3.3-dimethyloxetane,10,C,-0.4675,-0.46764993,-0.43737075,True,
EQ,3.3-dimethyloxetane,11,H,0.1470,0.15990717,0.14623827,True,
EQ,3.3-dimethyloxetane,12,H,0.1450,0.15697804,0.14486568,True,
EQ,3.3-dimethyloxetane,13,H,0.1450,0.15697804,0.14486568,True,
EQ,3.3-dimethyloxetane,14,H,0.1459,0.15646659,0.14376847,True,
EQ,3.3-dimethyloxetane,15,H,0.1562,0.16752199,0.15229415,True,
EQ,3.3-dimethyloxetane,16,H,0.1459,0.15646659,0.14376847,True,
EQ,3.3-dimethylpentane,1,H,0.1454,0.13716897,0.12997688,True,
EQ,3.3-dimethylpentane,2,C,-0.4550,-0.41750830,-0.39247413,True,
EQ,3.3-dimethylpentane,3,H,0.1454,0.13716897,0.12997688,True,
EQ,3.3-dimethylpentane,4,C,-0.2478,-0.26150500,-0.24301198,True,
EQ,3.3-dimethylpentane,5,H,0.1404,0.13093990,0.12393092,True,
EQ,3.3-dimethylpentane,6,C,0.1179,0.12620989,0.10064600,True,
EQ,3.3-dimethylpentane,7,H,0.1255,0.12053276,0.11374612,True,
EQ,3.3-dimethylpentane,8,H,0.1255,0.12053276,0.11374612,True,
EQ,3.3-dimethylpentane,9,C,-0.4586,-0.46138234,-0.42804968,True,
EQ,3.3-dimethylpentane,10,C,-0.4587,-0.46138234,-0.42804968,True,
EQ,3.3-dimethylpentane,11,C,-0.2478,-0.26150500,-0.24301198,True,
EQ,3.3-dimethylpentane,12,C,-0.4551,-0.41750830,-0.39247413,True,
EQ,3.3-dimethylpentane,13,H,0.1255,0.12053276,0.11374612,True,
EQ,3.3-dimethylpentane,14,H,0.1255,0.12053276,0.11374612,True,
EQ,3.3-dimethylpentane,15,H,0.1454,0.13716897,0.12997688,True,
EQ,3.3-dimethylpentane,16,H,0.1454,0.13716897,0.12997688,True,
EQ,3.3-dimethylpentane,17,H,0.1404,0.13093990,0.12393092,True,
EQ,3.3-dimethylpentane,18,H,0.1423,0.14437479,0.13461208,True,
EQ,3.3-dimethylpentane,19,H,0.1423,0.14437479,0.13461208,True,
EQ,3.3-dimethylpentane,20,H,0.1358,0.14219777,0.13261172,True,
EQ,3.3-dimethylpentane,21,H,0.1423,0.14437479,0.13461208,True,
EQ,3.3-dimethylpentane,22,H,0.1357,0.14219777,0.13261172,True,
EQ,3.3-dimethylpentane,23,H,0.1423,0.14437479,0.13461208,True,
EQ,3.4-dimethylhexane,1,H,0.1462,0.13821893,0.13044921,True,
EQ,3.4-dimethylhexane,2,C,-0.4504,-0.42620316,-0.39923426,True,
EQ,3.4-dimethylhexane,3,H,0.1407,0.13823159,0.13046675,True,
EQ,3.4-dimethylhexane,4,C,-0.2557,-0.23208714,-0.22121054,True,
EQ,3.4-dimethylhexane,5,H,0.1395,0.13241295,0.12511988,True,
EQ,3.4-dimethylhexane,6,C,-0.0590,-0.07859629,-0.07934255,True,
EQ,3.4-dimethylhexane,7,H,0.1261,0.12108169,0.11446513,True,
EQ,3.4-dimethylhexane,8,H,0.1361,0.11876985,0.11257326,True,
EQ,3.4-dimethylhexane,9,H,0.1119,0.11034720,0.10425384,True,
EQ,3.4-dimethylhexane,10,C,-0.4637,-0.44159257,-0.41216691,True,
EQ,3.4-dimethylhexane,11,C,-0.0590,-0.07859629,-0.07934255,True,
EQ,3.4-dimethylhexane,12,C,-0.2558,-0.23208714,-0.22121054,True,
EQ,3.4-dimethylhexane,13,H,0.1119,0.11034720,0.10425384,True,
EQ,3.4-dimethylhexane,14,C,-0.4636,-0.44159257,-0.41216691,True,
EQ,3.4-dimethylhexane,15,H,0.1261,0.12108169,0.11446513,True,
EQ,3.4-dimethylhexane,16,H,0.1361,0.11876985,0.11257326,True,
EQ,3.4-dimethylhexane,17,C,-0.4504,-0.42620316,-0.39923426,True,
EQ,3.4-dimethylhexane,18,H,0.1395,0.13241295,0.12511988,True,
EQ,3.4-dimethylhexane,19,H,0.1407,0.13823159,0.13046675,True,
EQ,3.4-dimethylhexane,20,H,0.1462,0.13821893,0.13044921,True,
EQ,3.4-dimethylhexane,21,H,0.1369,0.14191530,0.13338888,True,
EQ,3.4-dimethylhexane,22,H,0.1452,0.14132970,0.13276700,True,
EQ,3.4-dimethylhexane,23,H,0.1461,0.13617195,0.12847031,True,
EQ,3.4-dimethylhexane,24,H,0.1453,0.14132970,0.13276700,True,
EQ,3.4-dimethylhexane,25,H,0.1369,0.14191530,0.13338888,True,
EQ,3.4-dimethylhexane,26,H,0.1461,0.13617195,0.12847031,True,
EQ,3.4-dimethylpyridine,1,H,0.1356,0.11598790,0.11252441,True,
EQ,3.4-dimethylpyridine,2,C,0.0386,0.06535738,0.06487574,True,
EQ,3.4-dimethylpyridine,3,C,0.1287,-0.00386850,-0.00108347,True,
EQ,3.4-dimethylpyridine,4,C,-0.5380,-0.43568456,-0.41207449,True,
EQ,3.4-dimethylpyridine,5,C,-0.1812,-0.19975304,-0.18521595,True,
EQ,3.4-dimethylpyridine,6,C,0.1454,0.06476244,0.06012357,True,
EQ,3.4-dimethylpyridine,7,C,-0.0203,0.02263169,0.02588539,True,
EQ,3.4-dimethylpyridine,8,N,-0.4210,-0.40286027,-0.38374755,True,
EQ,3.4-dimethylpyridine,9,H,0.1278,0.13632895,0.13087599,True,
EQ,3.4-dimethylpyridine,10,C,-0.5303,-0.44767538,-0.42193083,True,
EQ,3.4-dimethylpyridine,11,H,0.1337,0.12303574,0.11888119,True,
EQ,3.4-dimethylpyridine,12,H,0.1629,0.16032452,0.14880614,True,
EQ,3.4-dimethylpyridine,13,H,0.1623,0.15839523,0.14640699,True,
EQ,3.4-dimethylpyridine,14,H,0.1629,0.16032452,0.14880614,True,
EQ,3.4-dimethylpyridine,15,H,0.1666,0.16135758,0.14957646,True,
EQ,3.4-dimethylpyridine,16,H,0.1666,0.16135758,0.14957646,True,
EQ,3.4-dimethylpyridine,17,H,0.1598,0.15997823,0.14771380,True,
EQ,3.5-dimethylpyridine,1,H,0.1326,0.12512197,0.12054123,True,
EQ,3.5-dimethylpyridine,2,C,-0.0137,0.00452569,0.01026807,True,
EQ,3.5-dimethylpyridine,3,C,0.1663,0.05302955,0.04879112,True,
EQ,3.5-dimethylpyridine,4,C,-0.5339,-0.45245787,-0.42600108,True,
EQ,3.5-dimethylpyridine,5,C,0.1661,0.05302955,0.04879112,True,
EQ,3.5-dimethylpyridine,6,C,-0.1901,-0.18563845,-0.17164552,True,
EQ,3.5-dimethylpyridine,7,C,-0.0136,0.00452569,0.01026807,True,
EQ,3.5-dimethylpyridine,8,N,-0.4199,-0.38531368,-0.36830032,True,
EQ,3.5-dimethylpyridine,9,C,-0.5338,-0.45245787,-0.42600108,True,
EQ,3.5-dimethylpyridine,10,H,0.1254,0.13631284,0.13043286,True,
EQ,3.5-dimethylpyridine,11,H,0.1326,0.12512197,0.12054123,True,
EQ,3.5-dimethylpyridine,12,H,0.1711,0.16401793,0.15192995,True,
EQ,3.5-dimethylpyridine,13,H,0.1624,0.16145248,0.14944958,True,
EQ,3.5-dimethylpyridine,14,H,0.1575,0.16162989,0.14977761,True,
EQ,3.5-dimethylpyridine,15,H,0.1711,0.16401793,0.15192995,True,
EQ,3.5-dimethylpyridine,16,H,0.1575,0.16162989,0.14977761,True,
EQ,3.5-dimethylpyridine,17,H,0.1624,0.16145248,0.14944958,True,
EQ,4-methylheptane,1,H,0.1401,0.13845565,0.13059893,True,
EQ,4-methylheptane,2,C,-0.4412,-0.43429395,-0.40548064,True,
EQ,4-methylheptane,3,H,0.1406,0.13887410,0.13095063,True,
EQ,4-methylheptane,4,C,-0.2538,-0.20735356,-0.20155848,True,
EQ,4-methylheptane,5,H,0.1388,0.13453133,0.12712802,True,
EQ,4-methylheptane,6,C,-0.2459,-0.27283400,-0.25391471,True,
EQ,4-methylheptane,7,H,0.1291,0.11638048,0.11065734,True,
EQ,4-methylheptane,8,H,0.1356,0.11769059,0.11184024,True,
EQ,4-methylheptane,9,H,0.1237,0.12857483,0.12067853,True,
EQ,4-methylheptane,10,H,0.1236,0.12450526,0.11712280,True,
EQ,4-methylheptane,11,C,-0.0665,-0.05036900,-0.05708444,True,
EQ,4-methylheptane,12,C,-0.2459,-0.27283400,-0.25391471,True,
EQ,4-methylheptane,13,H,0.1155,0.10428023,0.09936954,True,
EQ,4-methylheptane,14,C,-0.4570,-0.44498207,-0.41465093,True,
EQ,4-methylheptane,15,H,0.1237,0.12857483,0.12067853,True,
EQ,4-methylheptane,16,H,0.1236,0.12450526,0.11712280,True,
EQ,4-methylheptane,17,C,-0.2538,-0.20735356,-0.20155848,True,
EQ,4-methylheptane,18,C,-0.4412,-0.43429395,-0.40548064,True,
EQ,4-methylheptane,19,H,0.1291,0.11638048,0.11065734,True,
EQ,4-methylheptane,20,H,0.1356,0.11769059,0.11184024,True,
EQ,4-methylheptane,21,H,0.1406,0.13887410,0.13095063,True,
EQ,4-methylheptane,22,H,0.1401,0.13845565,0.13059893,True,
EQ,4-methylheptane,23,H,0.1388,0.13453133,0.12712802,True,
EQ,4-methylheptane,24,H,0.1371,0.14338928,0.13438091,True,
EQ,4-methylheptane,25,H,0.1447,0.13931007,0.13096979,True,
EQ,4-methylheptane,26,H,0.1447,0.13931007,0.13096979,True,
EQ,4-methylpyridine,1,C,-0.5282,-0.46032762,-0.43375684,True,
EQ,4-methylpyridine,2,C,0.1820,0.11639132,0.10633471,True,
EQ,4-methylpyridine,3,N,-0.4218,-0.40798952,-0.38862011,True,
EQ,4-methylpyridine,4,C,-0.1726,-0.20757174,-0.19242423,True,
EQ,4-methylpyridine,5,C,-0.1727,-0.20757174,-0.19242423,True,
EQ,4-methylpyridine,6,C,0.0385,0.07584592,0.07324306,True,
EQ,4-methylpyridine,7,C,0.0385,0.07584592,0.07324306,True,
EQ,4-methylpyridine,8,H,0.1293,0.14046731,0.13405190,True,
EQ,4-methylpyridine,9,H,0.1293,0.14046731,0.13405190,True,
EQ,4-methylpyridine,10,H,0.1395,0.11793666,0.11376221,True,
EQ,4-methylpyridine,11,H,0.1395,0.11793666,0.11376221,True,
EQ,4-methylpyridine,12,H,0.1617,0.16540667,0.15218935,True,
EQ,4-methylpyridine,13,H,0.1753,0.16775619,0.15439767,True,
EQ,4-methylpyridine,14,H,0.1617,0.16540667,0.15218935,True,
EQ,acetylfluoride,1,H,0.1654,0.16461957,0.15301109,True,
EQ,acetylfluoride,2,C,0.3997,0.47769419,0.48158447,True,
EQ,acetylfluoride,3,O,-0.3514,-0.38884315,-0.38950930,True,
EQ,acetylfluoride,4,F,-0.2137,-0.25347060,-0.24508627,True,
EQ,ammonia,1,H,0.2968,0.30182018,0.28964387,True,
EQ,ammonia,2,N,-0.8901,-0.90542859,-0.86892955,True,
EQ,ammonia,3,H,0.2968,0.30182018,0.28964387,True,
EQ,ammonia,4,H,0.2966,0.30178824,0.28964181,True,
EQ,anisole,1,O,-0.4991,-0.49362007,-0.46915221,True,
EQ,anisole,2,C,0.3377,0.25929224,0.25136217,True,
EQ,anisole,3,C,-0.1618,-0.12644138,-0.11894062,True,
EQ,anisole,4,C,-0.1984,-0.18379788,-0.17071896,True,
EQ,anisole,5,C,-0.1984,-0.18379788,-0.17071896,True,
EQ,anisole,6,C,-0.1226,-0.09891891,-0.09476424,True,
EQ,anisole,7,C,-0.1226,-0.09891891,-0.09476424,True,
EQ,anisole,8,H,0.1511,0.15306255,0.14589742,True,
EQ,anisole,9,H,0.1511,0.15306255,0.14589742,True,
EQ,anisole,10,H,0.1414,0.12634591,0.12128080,True,
EQ,anisole,11,H,0.1414,0.12634591,0.12128080,True,
EQ,anisole,12,H,0.1402,0.12837116,0.12274151,True,
EQ,anisole,13,C,-0.2083,-0.20887690,-0.20166037,True,
EQ,anisole,14,H,0.1445,0.14661695,0.13480487,True,
EQ,anisole,15,H,0.1445,0.14661695,0.13480487,True,
EQ,anisole,16,H,0.1593,0.15465773,0.14264977,True,
EQ,azobutane,1,C,-0.1682,-0.13425911,-0.13100112,True,
EQ,azobutane,2,N,-0.1711,-0.24492897,-0.19876728,True,
EQ,azobutane,3,N,-0.1799,-0.23607477,-0.18629165,True,
EQ,azobutane,4,C,-0.1807,-0.13696188,-0.13267370,True,
EQ,azobutane,5,C,-0.2461,-0.23873687,-0.22752576,True,
EQ,azobutane,6,H,0.1514,0.12546701,0.12329925,True,
EQ,azobutane,7,H,0.1572,0.12705107,0.12486516,True,
EQ,azobutane,8,H,0.1262,0.12536011,0.11855878,True,
EQ,azobutane,9,C,-0.2517,-0.18937687,-0.19263602,True,
EQ,azobutane,10,H,0.1438,0.14482187,0.13403329,True,
EQ,azobutane,11,C,-0.4415,-0.42405816,-0.40232024,True,
EQ,azobutane,12,H,0.1370,0.14675540,0.13331761,True,
EQ,azobutane,13,H,0.1611,0.14618451,0.13076591,True,
EQ,azobutane,14,H,0.1416,0.14602363,0.13288744,True,
EQ,azobutane,15,H,0.1440,0.15060156,0.13644677,True,
EQ,azobutane,16,H,0.1238,0.12794139,0.11616041,True,
EQ,azobutane,17,H,0.1373,0.12411160,0.12179195,True,
EQ,azobutane,18,C,-0.2571,-0.23524559,-0.22658291,True,
EQ,azobutane,19,H,0.1585,0.12996051,0.12746058,True,
EQ,azobutane,20,H,0.1427,0.14331185,0.13247071,True,
EQ,azobutane,21,H,0.1571,0.14599647,0.13527839,True,
EQ,azobutane,22,C,-0.2516,-0.21135485,-0.20598085,True,
EQ,azobutane,23,H,0.1345,0.12364475,0.11447461,True,
EQ,azobutane,24,C,-0.4420,-0.42116730,-0.39885576,True,
EQ,azobutane,25,H,0.1381,0.12577791,0.11645433,True,
EQ,azobutane,26,H,0.1440,0.14722322,0.13540907,True,
EQ,azobutane,27,H,0.1469,0.14855890,0.13659082,True,
EQ,azobutane,28,H,0.1450,0.14337260,0.13237020,True,
EQ,azopropane,1,C,-0.1617,-0.13367397,-0.13100642,True,
EQ,azopropane,2,N,-0.1703,-0.24338323,-0.19965102,True,
EQ,azopropane,3,N,-0.1789,-0.23030009,-0.18366705,True,
EQ,azopropane,4,C,-0.1737,-0.13708492,-0.13309305,True,
EQ,azopropane,5,H,0.1369,0.12710668,0.12319576,True,
EQ,azopropane,6,C,-0.2587,-0.20030374,-0.19885209,True,
EQ,azopropane,7,H,0.1589,0.13333333,0.12886721,True,
EQ,azopropane,8,H,0.1462,0.13856894,0.12753586,True,
EQ,azopropane,9,H,0.1606,0.14181018,0.13060164,True,
EQ,azopropane,10,C,-0.4450,-0.42370543,-0.40087030,True,
EQ,azopropane,11,H,0.1452,0.14789959,0.13590735,True,
EQ,azopropane,12,H,0.1513,0.14723370,0.13607977,True,
EQ,azopropane,13,H,0.1490,0.15020482,0.13795205,True,
EQ,azopropane,14,C,-0.2476,-0.20411308,-0.20064970,True,
EQ,azopropane,15,H,0.1525,0.12648254,0.12304696,True,
EQ,azopropane,16,H,0.1573,0.13030374,0.12638619,True,
EQ,azopropane,17,H,0.1297,0.12137705,0.11371933,True,
EQ,azopropane,18,C,-0.4470,-0.39941524,-0.38596447,True,
EQ,azopropane,19,H,0.1474,0.14082927,0.12932500,True,
EQ,azopropane,20,H,0.1419,0.14525588,0.13255260,True,
EQ,azopropane,21,H,0.1345,0.15198721,0.13720081,True,
EQ,azopropane,22,H,0.1713,0.16958677,0.15138358,True,
EQ,benzene,1,H,0.1279,0.12060534,0.11503670,True,
EQ,benzene,2,C,-0.1280,-0.12059763,-0.11503031,True,
EQ,benzene,3,C,-0.1282,-0.12059763,-0.11503031,True,
EQ,benzene,4,C,-0.1278,-0.12061967,-0.11505794,True,
EQ,benzene,5,C,-0.1278,-0.12061967,-0.11505794,True,
EQ,benzene,6,C,-0.1277,-0.12061967,-0.11505794,True,
EQ,benzene,7,C,-0.1277,-0.12061967,-0.11505794,True,
EQ,benzene,8,H,0.1279,0.12061582,0.11505474,True,
EQ,benzene,9,H,0.1279,0.12061582,0.11505474,True,
EQ,benzene,10,H,0.1278,0.12061582,0.11505474,True,
EQ,benzene,11,H,0.1279,0.12061582,0.11505474,True,
EQ,benzene,12,H,0.1279,0.12060534,0.11503670,True,
EQ,benzyl_alcohol,1,C,-0.0359,-0.08605418,-0.07671840,True,
EQ,benzyl_alcohol,2,C,0.0347,0.02564284,0.01559673,True,
EQ,benzyl_alcohol,3,C,-0.1447,-0.11689263,-0.11315886,True,
EQ,benzyl_alcohol,4,C,-0.1782,-0.13994219,-0.13393964,True,
EQ,benzyl_alcohol,5,C,-0.1782,-0.13994219,-0.13393964,True,
EQ,benzyl_alcohol,6,C,-0.1329,-0.10591749,-0.10380443,True,
EQ,benzyl_alcohol,7,C,-0.1329,-0.10591749,-0.10380443,True,
EQ,benzyl_alcohol,8,H,0.1515,0.13834101,0.12860147,True,
EQ,benzyl_alcohol,9,H,0.1515,0.13834101,0.12860147,True,
EQ,benzyl_alcohol,10,H,0.1444,0.12857718,0.12075235,True,
EQ,benzyl_alcohol,11,H,0.1444,0.12857718,0.12075235,True,
EQ,benzyl_alcohol,12,H,0.1451,0.12922945,0.12128752,True,
EQ,benzyl_alcohol,13,O,-0.6257,-0.57061976,-0.54360425,True,
EQ,benzyl_alcohol,14,H,0.1327,0.14346465,0.13592331,True,
EQ,benzyl_alcohol,15,H,0.1327,0.14346465,0.13592331,True,
EQ,benzyl_alcohol,16,H,0.3915,0.28964797,0.30153114,True,
EQ,benzylamine,1,H,0.1381,0.13013255,0.12235890,True,
EQ,benzylamine,2,C,-0.1904,-0.14814731,-0.14139855,True,
EQ,benzylamine,3,C,-0.1327,-0.11112272,-0.10771724,True,
EQ,benzylamine,4,C,0.1161,0.02134711,0.01809390,True,
EQ,benzylamine,5,C,-0.1326,-0.11112272,-0.10771724,True,
EQ,benzylamine,6,C,-0.1491,-0.12234339,-0.11742361,True,
EQ,benzylamine,7,C,-0.1904,-0.14814731,-0.14139855,True,
EQ,benzylamine,8,C,-0.2177,-0.08873655,-0.09462325,True,
EQ,benzylamine,9,H,0.1397,0.12330069,0.11663231,True,
EQ,benzylamine,10,H,0.1403,0.12445571,0.11764008,True,
EQ,benzylamine,11,H,0.1381,0.13013255,0.12235890,True,
EQ,benzylamine,12,H,0.1397,0.12330069,0.11663231,True,
EQ,benzylamine,13,H,0.1506,0.13322767,0.12471594,True,
EQ,benzylamine,14,N,-0.6878,-0.73520027,-0.69080703,True,
EQ,benzylamine,15,H,0.1506,0.13322767,0.12471594,True,
EQ,benzylamine,16,H,0.2938,0.27284782,0.26896860,True,
EQ,benzylamine,17,H,0.2938,0.27284782,0.26896860,True,
EQ,bis_ethoxymethyl_ether,1,O,-0.4916,-0.49921548,-0.46177893,True,
EQ,bis_ethoxymethyl_ether,2,C,0.6079,0.44272396,0.42654705,True,
EQ,bis_ethoxymethyl_ether,3,H,0.0911,0.07764016,0.08163461,True,
EQ,bis_ethoxymethyl_ether,4,O,-0.4801,-0.48232291,-0.44684307,True,
EQ,bis_ethoxymethyl_ether,5,O,-0.4929,-0.49661817,-0.46035144,True,
EQ,bis_ethoxymethyl_ether,6,C,-0.2081,-0.19739427,-0.18269758,True,
EQ,bis_ethoxymethyl_ether,7,C,-0.0153,-0.00419391,-0.00518868,True,
EQ,bis_ethoxymethyl_ether,8,C,-0.0152,-0.00448629,-0.00515333,True,
EQ,bis_ethoxymethyl_ether,9,H,0.1301,0.13910487,0.13358371,True,
EQ,bis_ethoxymethyl_ether,10,H,0.1644,0.16592311,0.15778033,True,
EQ,bis_ethoxymethyl_ether,11,H,0.1598,0.15320408,0.14696966,True,
EQ,bis_ethoxymethyl_ether,12,H,0.1191,0.11686088,0.11059554,True,
EQ,bis_ethoxymethyl_ether,13,C,-0.4585,-0.41107537,-0.39548916,True,
EQ,bis_ethoxymethyl_ether,14,H,0.1540,0.14461152,0.13502713,True,
EQ,bis_ethoxymethyl_ether,15,H,0.1530,0.17130216,0.15564474,True,
EQ,bis_ethoxymethyl_ether,16,H,0.1630,0.17905931,0.16242890,True,
EQ,bis_ethoxymethyl_ether,17,H,0.1449,0.15286405,0.13994997,True,
EQ,bis_ethoxymethyl_ether,18,H,0.1189,0.11676314,0.11058257,True,
EQ,bis_ethoxymethyl_ether,19,C,-0.4585,-0.41114541,-0.39571059,True,
EQ,bis_ethoxymethyl_ether,20,H,0.1532,0.14317895,0.13466001,True,
EQ,bis_ethoxymethyl_ether,21,H,0.1449,0.15246220,0.13976353,True,
EQ,bis_ethoxymethyl_ether,22,H,0.1529,0.17182770,0.15572171,True,
EQ,bis_ethoxymethyl_ether,23,H,0.1630,0.17892570,0.16232333,True,
EQ,butane,1,H,0.1404,0.13850918,0.13057482,True,
EQ,butane,2,C,-0.4400,-0.43306638,-0.40470540,True,
EQ,butane,3,H,0.1404,0.13850918,0.13057482,True,
EQ,butane,4,C,-0.2395,-0.21545269,-0.20749626,True,
EQ,butane,5,H,0.1388,0.13481031,0.12723822,True,
EQ,butane,6,C,-0.2395,-0.21545269,-0.20749626,True,
EQ,butane,7,H,0.1299,0.11834520,0.11190690,True,
EQ,butane,8,H,0.1299,0.11834520,0.11190690,True,
EQ,butane,9,H,0.1299,0.11834520,0.11190690,True,
EQ,butane,10,H,0.1299,0.11834520,0.11190690,True,
EQ,butane,11,C,-0.4400,-0.43306638,-0.40470540,True,
EQ,butane,12,H,0.1388,0.13481031,0.12723822,True,
EQ,butane,13,H,0.1404,0.13850918,0.13057482,True,
EQ,butane,14,H,0.1404,0.13850918,0.13057482,True,
EQ,butanenitrile,1,H,0.1492,0.16120845,0.14387966,True,
EQ,butanenitrile,2,C,-0.4469,-0.40963298,-0.39426562,True,
EQ,butanenitrile,3,H,0.1492,0.16120845,0.14387966,True,
EQ,butanenitrile,4,C,-0.2597,-0.17087956,-0.17679929,True,
EQ,butanenitrile,5,H,0.1581,0.15833942,0.14261328,True,
EQ,butanenitrile,6,C,-0.3290,-0.32205728,-0.29447894,True,
EQ,butanenitrile,7,H,0.1613,0.14284402,0.13000988,True,
EQ,butanenitrile,8,H,0.1613,0.14284402,0.13000988,True,
EQ,butanenitrile,9,H,0.1910,0.15928740,0.15285017,True,
EQ,butanenitrile,10,H,0.1910,0.15928740,0.15285017,True,
EQ,butanenitrile,11,C,0.3454,0.25113197,0.27656596,True,
EQ,butanenitrile,12,N,-0.4710,-0.43358130,-0.40711482,True,
EQ,Butyl_acetate,1,C,-0.0301,-0.02512343,-0.02170485,True,
EQ,Butyl_acetate,2,O,-0.4561,-0.53675814,-0.49697804,True,
EQ,Butyl_acetate,3,C,0.6095,0.53549597,0.56495355,True,
EQ,Butyl_acetate,4,O,-0.4733,-0.54513239,-0.51971223,True,
EQ,Butyl_acetate,5,C,-0.5243,-0.49937396,-0.46703812,True,
EQ,Butyl_acetate,6,H,0.1805,0.19134523,0.18650225,True,
EQ,Butyl_acetate,7,H,0.1806,0.18989503,0.18565393,True,
EQ,Butyl_acetate,8,H,0.1806,0.18989503,0.18565393,True,
EQ,Butyl_acetate,9,H,0.1538,0.14398980,0.13612614,True,
EQ,Butyl_acetate,10,H,0.1538,0.14398980,0.13612614,True,
EQ,Butyl_acetate,11,C,-0.2744,-0.23708881,-0.23121187,True,
EQ,Butyl_acetate,12,C,-0.2568,-0.20079290,-0.20198180,True,
EQ,Butyl_acetate,13,H,0.1435,0.15782198,0.14230577,True,
EQ,Butyl_acetate,14,H,0.1435,0.15782198,0.14230577,True,
EQ,Butyl_acetate,15,H,0.1377,0.13632931,0.12043759,True,
EQ,Butyl_acetate,16,C,-0.4407,-0.40910714,-0.39577318,True,
EQ,Butyl_acetate,17,H,0.1377,0.13632931,0.12043759,True,
EQ,Butyl_acetate,18,H,0.1449,0.15463207,0.13620174,True,
EQ,Butyl_acetate,19,H,0.1447,0.15791563,0.13884784,True,
EQ,Butyl_acetate,20,H,0.1447,0.15791563,0.13884784,True,
EQ,butyl_ethyl_ether,1,H,0.1439,0.14678402,0.13547258,True,
EQ,butyl_ethyl_ether,2,C,-0.4392,-0.42321768,-0.39986287,True,
EQ,butyl_ethyl_ether,3,H,0.1418,0.14521680,0.13398965,True,
EQ,butyl_ethyl_ether,4,C,-0.2559,-0.21038628,-0.20518962,True,
EQ,butyl_ethyl_ether,5,H,0.1410,0.14189504,0.13126956,True,
EQ,butyl_ethyl_ether,6,C,-0.2670,-0.25121420,-0.23979841,True,
EQ,butyl_ethyl_ether,7,H,0.1337,0.12439716,0.11560388,True,
EQ,butyl_ethyl_ether,8,H,0.1322,0.12227840,0.11361869,True,
EQ,butyl_ethyl_ether,9,H,0.1334,0.13606393,0.12713765,True,
EQ,butyl_ethyl_ether,10,H,0.1435,0.14719678,0.13716182,True,
EQ,butyl_ethyl_ether,11,C,-0.0156,-0.06261452,-0.05360362,True,
EQ,butyl_ethyl_ether,12,O,-0.4794,-0.49293759,-0.45671587,True,
EQ,butyl_ethyl_ether,13,H,0.1383,0.12527402,0.12139549,True,
EQ,butyl_ethyl_ether,14,H,0.1170,0.11235935,0.10938564,True,
EQ,butyl_ethyl_ether,15,C,-0.0083,-0.02562393,-0.02203893,True,
EQ,butyl_ethyl_ether,16,C,-0.4547,-0.42461697,-0.40174038,True,
EQ,butyl_ethyl_ether,17,H,0.1193,0.11011827,0.10746102,True,
EQ,butyl_ethyl_ether,18,H,0.1225,0.11036119,0.10844810,True,
EQ,butyl_ethyl_ether,19,H,0.1407,0.14172527,0.13345124,True,
EQ,butyl_ethyl_ether,20,H,0.1565,0.16329627,0.15221607,True,
EQ,butyl_ethyl_ether,21,H,0.1565,0.16364467,0.15233831,True,
EQ,butyl_formate,1,C,-0.0384,-0.01586693,-0.01166372,True,
EQ,butyl_formate,2,O,-0.4205,-0.51766040,-0.47475521,True,
EQ,butyl_formate,3,C,0.3929,0.38600426,0.43351786,True,
EQ,butyl_formate,4,O,-0.4229,-0.51163472,-0.48079657,True,
EQ,butyl_formate,5,H,0.1406,0.10451511,0.11480027,True,
EQ,butyl_formate,6,H,0.1580,0.14911102,0.14137013,True,
EQ,butyl_formate,7,H,0.1580,0.14911102,0.14137013,True,
EQ,butyl_formate,8,C,-0.2753,-0.23434158,-0.22951912,True,
EQ,butyl_formate,9,C,-0.2574,-0.19725202,-0.20034942,True,
EQ,butyl_formate,10,H,0.1460,0.16283523,0.14639390,True,
EQ,butyl_formate,11,H,0.1460,0.16283523,0.14639390,True,
EQ,butyl_formate,12,H,0.1385,0.14054972,0.12272047,True,
EQ,butyl_formate,13,C,-0.4410,-0.40364307,-0.39359903,True,
EQ,butyl_formate,14,H,0.1385,0.14054972,0.12272047,True,
EQ,butyl_formate,15,H,0.1459,0.15958762,0.13891243,True,
EQ,butyl_formate,16,H,0.1456,0.16264989,0.14124175,True,
EQ,butyl_formate,17,H,0.1456,0.16264989,0.14124175,True,
EQ,butylamine,1,H,0.1365,0.14444131,0.13179018,True,
EQ,butylamine,2,C,-0.4418,-0.42960769,-0.40590450,True,
EQ,butylamine,3,H,0.1377,0.14630259,0.13319428,True,
EQ,butylamine,4,C,-0.2360,-0.18598975,-0.18926742,True,
EQ,butylamine,5,H,0.1397,0.14274844,0.13046077,True,
EQ,butylamine,6,C,-0.2530,-0.25586442,-0.24101290,True,
EQ,butylamine,7,H,0.1272,0.12643778,0.11537987,True,
EQ,butylamine,8,H,0.1543,0.14217724,0.12815476,True,
EQ,butylamine,9,H,0.1222,0.13489110,0.12414961,True,
EQ,butylamine,10,H,0.1287,0.12343461,0.11567659,True,
EQ,butylamine,11,C,-0.1301,-0.05474760,-0.06158924,True,
EQ,butylamine,12,H,0.1088,0.10147151,0.09806617,True,
EQ,butylamine,13,H,0.1374,0.11495966,0.11155594,True,
EQ,butylamine,14,N,-0.7142,-0.76546320,-0.70648130,True,
EQ,butylamine,15,H,0.2936,0.25549863,0.25562635,True,
EQ,butylamine,16,H,0.2889,0.25930979,0.26020084,True,
EQ,butylethylamine,1,C,-0.1170,-0.08133510,-0.08671913,True,
EQ,butylethylamine,2,N,-0.5344,-0.56592111,-0.51251803,True,
EQ,butylethylamine,3,H,0.2874,0.23413553,0.23400447,True,
EQ,butylethylamine,4,C,-0.1252,-0.06323161,-0.07272265,True,
EQ,butylethylamine,5,H,0.1409,0.10910020,0.10688788,True,
EQ,butylethylamine,6,C,-0.4542,-0.44868694,-0.41685269,True,
EQ,butylethylamine,7,H,0.1368,0.10985259,0.10687754,True,
EQ,butylethylamine,8,H,0.1398,0.13749928,0.13097824,True,
EQ,butylethylamine,9,H,0.1503,0.14541551,0.13766281,True,
EQ,butylethylamine,10,H,0.1372,0.14607812,0.13751347,True,
EQ,butylethylamine,11,H,0.1359,0.11482027,0.11145454,True,
EQ,butylethylamine,12,C,-0.2625,-0.26011029,-0.24339156,True,
EQ,butylethylamine,13,H,0.1114,0.10537301,0.10164995,True,
EQ,butylethylamine,14,C,-0.2414,-0.19621883,-0.19377229,True,
EQ,butylethylamine,15,H,0.1231,0.13130504,0.12217771,True,
EQ,butylethylamine,16,H,0.1263,0.11443079,0.10812323,True,
EQ,butylethylamine,17,H,0.1263,0.11949837,0.11093412,True,
EQ,butylethylamine,18,C,-0.4275,-0.40955140,-0.39175759,True,
EQ,butylethylamine,19,H,0.1256,0.11235107,0.10497770,True,
EQ,butylethylamine,20,H,0.1678,0.16322710,0.14724582,True,
EQ,butylethylamine,21,H,0.1280,0.14738892,0.13370904,True,
EQ,butylethylamine,22,H,0.1255,0.13457948,0.12353742,True,
EQ,C6F6,1,F,-0.2576,-0.21207852,-0.20669996,True,
EQ,C6F6,2,C,0.2573,0.21206449,0.20668626,True,
EQ,C6F6,3,C,0.2573,0.21206449,0.20668626,True,
EQ,C6F6,4,C,0.2579,0.21208510,0.20670371,True,
EQ,C6F6,5,C,0.2579,0.21208510,0.20670371,True,
EQ,C6F6,6,C,0.2578,0.21208510,0.20670371,True,
EQ,C6F6,7,C,0.2578,0.21208510,0.20670371,True,
EQ,C6F6,8,F,-0.2577,-0.21207808,-0.20669686,True,
EQ,C6F6,9,F,-0.2577,-0.21207808,-0.20669686,True,
EQ,C6F6,10,F,-0.2577,-0.21207808,-0.20669686,True,
EQ,C6F6,11,F,-0.2577,-0.21207808,-0.20669686,True,
EQ,C6F6,12,F,-0.2576,-0.21207852,-0.20669996,True,
EQ,CF4,1,F,-0.2418,-0.21433888,-0.20850465,True,
EQ,CF4,2,C,0.9673,0.85735552,0.83401858,True,
EQ,CF4,3,F,-0.2418,-0.21433888,-0.20850465,True,
EQ,CF4,4,F,-0.2418,-0.21433888,-0.20850465,True,
EQ,CF4,5,F,-0.2419,-0.21433888,-0.20850465,True,
EQ,CH2F2,1,F,-0.2785,-0.25870215,-0.24854126,True,
EQ,CH2F2,2,C,0.2971,0.15200750,0.15652989,True,
EQ,CH2F2,3,H,0.1300,0.18269840,0.17027631,True,
EQ,CH2F2,4,F,-0.2785,-0.25870215,-0.24854126,True,
EQ,CH2F2,5,H,0.1300,0.18269840,0.17027631,True,
EQ,CH3F,1,H,0.1395,0.17345081,0.16177398,True,
EQ,CH3F,2,C,-0.1145,-0.23162973,-0.20961324,True,
EQ,CH3F,3,H,0.1395,0.17345081,0.16177398,True,
EQ,CH3F,4,F,-0.3038,-0.28872769,-0.27571794,True,
EQ,CH3F,5,H,0.1394,0.17345581,0.16178321,True,
EQ,CO,1,O,-0.1796,-0.44170590,-0.44170590,True,
EQ,CO,2,C,0.1796,0.44170590,0.44170590,True,
EQ,CO2,1,O,-0.3595,-0.43392769,-0.43392769,True,
EQ,CO2,2,C,0.7191,0.86785538,0.86785538,True,
EQ,CO2,3,O,-0.3595,-0.43392769,-0.43392769,True,
EQ,cumene,1,C,-0.1256,-0.05262749,-0.05978658,True,
EQ,cumene,2,C,0.1189,0.00791889,0.01417647,True,
EQ,cumene,3,C,-0.1433,-0.13027543,-0.12178581,True,
EQ,cumene,4,C,-0.1890,-0.15208118,-0.14165779,True,
EQ,cumene,5,C,-0.1890,-0.15208118,-0.14165779,True,
EQ,cumene,6,C,-0.1386,-0.12262722,-0.11504129,True,
EQ,cumene,7,C,-0.1386,-0.12262722,-0.11504129,True,
EQ,cumene,8,H,0.1388,0.12060930,0.11793929,True,
EQ,cumene,9,H,0.1388,0.12060930,0.11793929,True,
EQ,cumene,10,H,0.1365,0.11471688,0.11160548,True,
EQ,cumene,11,H,0.1365,0.11471688,0.11160548,True,
EQ,cumene,12,H,0.1365,0.11606271,0.11273962,True,
EQ,cumene,13,H,0.1469,0.11397188,0.10686979,True,
EQ,cumene,14,C,-0.4510,-0.43514182,-0.41017005,True,
EQ,cumene,15,C,-0.4511,-0.43514182,-0.41017005,True,
EQ,cumene,16,H,0.1444,0.14533851,0.13336388,True,
EQ,cumene,17,H,0.1503,0.15542796,0.14255960,True,
EQ,cumene,18,H,0.1418,0.14623229,0.13529415,True,
EQ,cumene,19,H,0.1444,0.14533851,0.13336388,True,
EQ,cumene,20,H,0.1419,0.14623229,0.13529415,True,
EQ,cumene,21,H,0.1503,0.15542796,0.14255960,True,
EQ,cyanogen,1,C,0.4065,0.23655431,0.23655431,True,
EQ,cyanogen,2,C,0.4065,0.23655431,0.23655431,True,
EQ,cyanogen,3,N,-0.4065,-0.23655431,-0.23655431,True,
EQ,cyanogen,4,N,-0.4065,-0.23655431,-0.23655431,True,
EQ,cyclobutanecarbonitrile,1,H,0.1491,0.13894594,0.12799859,True,
EQ,cyclobutanecarbonitrile,2,C,-0.2832,-0.22172135,-0.21624874,True,
EQ,cyclobutanecarbonitrile,3,C,-0.2707,-0.22084826,-0.21833786,True,
EQ,cyclobutanecarbonitrile,4,C,-0.2707,-0.22084826,-0.21833786,True,
EQ,cyclobutanecarbonitrile,5,C,-0.1698,-0.14105028,-0.12329996,True,
EQ,cyclobutanecarbonitrile,6,C,0.3394,0.22482118,0.24876429,True,
EQ,cyclobutanecarbonitrile,7,H,0.1870,0.13950268,0.13383478,True,
EQ,cyclobutanecarbonitrile,8,H,0.1505,0.13939551,0.12740313,True,
EQ,cyclobutanecarbonitrile,9,H,0.1528,0.14175832,0.13113153,True,
EQ,cyclobutanecarbonitrile,10,H,0.1686,0.15061418,0.13808719,True,
EQ,cyclobutanecarbonitrile,11,H,0.1528,0.14175832,0.13113153,True,
EQ,cyclobutanecarbonitrile,12,H,0.1686,0.15061418,0.13808719,True,
EQ,cyclobutanecarbonitrile,13,N,-0.4743,-0.42294217,-0.40021380,True,
EQ,cyclohexanecarbonitrile,1,H,0.1540,0.13709960,0.12609144,True,
EQ,cyclohexanecarbonitrile,2,C,-0.2653,-0.22219296,-0.21682192,True,
EQ,cyclohexanecarbonitrile,3,C,-0.2653,-0.22219296,-0.21682192,True,
EQ,cyclohexanecarbonitrile,4,C,-0.2588,-0.22132560,-0.21591634,True,
EQ,cyclohexanecarbonitrile,5,C,-0.2648,-0.22204619,-0.21496602,True,
EQ,cyclohexanecarbonitrile,6,C,-0.2649,-0.22204619,-0.21496602,True,
EQ,cyclohexanecarbonitrile,7,C,-0.1574,-0.14128003,-0.12583803,True,
EQ,cyclohexanecarbonitrile,8,H,0.1518,0.14497727,0.13388117,True,
EQ,cyclohexanecarbonitrile,9,H,0.1350,0.13567042,0.12380805,True,
EQ,cyclohexanecarbonitrile,10,H,0.1340,0.13491447,0.12332997,True,
EQ,cyclohexanecarbonitrile,11,H,0.1340,0.13491447,0.12332997,True,
EQ,cyclohexanecarbonitrile,12,H,0.1747,0.13545022,0.13182612,True,
EQ,cyclohexanecarbonitrile,13,H,0.1518,0.14497727,0.13388117,True,
EQ,cyclohexanecarbonitrile,14,H,0.1540,0.13709960,0.12609144,True,
EQ,cyclohexanecarbonitrile,15,H,0.1381,0.12610673,0.11595749,True,
EQ,cyclohexanecarbonitrile,16,H,0.1438,0.12762938,0.11765982,True,
EQ,cyclohexanecarbonitrile,17,H,0.1438,0.12762938,0.11765982,True,
EQ,cyclohexanecarbonitrile,18,C,0.3438,0.20453988,0.24053200,True,
EQ,cyclohexanecarbonitrile,19,N,-0.4824,-0.43992479,-0.40871823,True,
EQ,cyclohexylamine,1,N,-0.7118,-0.80038179,-0.73793068,True,
EQ,cyclohexylamine,2,C,0.0321,0.12327555,0.09869224,True,
EQ,cyclohexylamine,3,C,-0.2612,-0.22636749,-0.21731129,True,
EQ,cyclohexylamine,4,C,-0.2627,-0.22908770,-0.21994739,True,
EQ,cyclohexylamine,5,C,-0.2543,-0.23201634,-0.22193381,True,
EQ,cyclohexylamine,6,C,-0.2515,-0.26129348,-0.24715355,True,
EQ,cyclohexylamine,7,C,-0.2636,-0.27865619,-0.26050551,True,
EQ,cyclohexylamine,8,H,0.1273,0.12496989,0.11671825,True,
EQ,cyclohexylamine,9,H,0.1288,0.12624678,0.11737451,True,
EQ,cyclohexylamine,10,H,0.1261,0.12696382,0.11790043,True,
EQ,cyclohexylamine,11,H,0.1190,0.13936578,0.12749861,True,
EQ,cyclohexylamine,12,H,0.1182,0.13689500,0.12622294,True,
EQ,cyclohexylamine,13,H,0.1262,0.10336427,0.09919037,True,
EQ,cyclohexylamine,14,H,0.1280,0.11772826,0.11016851,True,
EQ,cyclohexylamine,15,H,0.1306,0.11887979,0.11090747,True,
EQ,cyclohexylamine,16,H,0.1295,0.11751551,0.10981330,True,
EQ,cyclohexylamine,17,H,0.1447,0.13884076,0.12734029,True,
EQ,cyclohexylamine,18,H,0.1211,0.12785990,0.11791685,True,
EQ,cyclohexylamine,19,H,0.2858,0.26427196,0.26401704,True,
EQ,cyclohexylamine,20,H,0.2877,0.26162573,0.26102142,True,
EQ,cyclopentanecarbonitrile,1,C,0.3428,0.21029468,0.24203372,True,
EQ,cyclopentanecarbonitrile,2,C,-0.1658,-0.13683166,-0.12410419,True,
EQ,cyclopentanecarbonitrile,3,H,0.1805,0.13728976,0.13239736,True,
EQ,cyclopentanecarbonitrile,4,C,-0.2720,-0.21984538,-0.21483009,True,
EQ,cyclopentanecarbonitrile,5,C,-0.2720,-0.21984538,-0.21483009,True,
EQ,cyclopentanecarbonitrile,6,H,0.1558,0.13793552,0.12736306,True,
EQ,cyclopentanecarbonitrile,7,H,0.1598,0.14712796,0.13507997,True,
EQ,cyclopentanecarbonitrile,8,C,-0.2768,-0.21984873,-0.21379906,True,
EQ,cyclopentanecarbonitrile,9,H,0.1445,0.13316417,0.12216347,True,
EQ,cyclopentanecarbonitrile,10,H,0.1487,0.13229701,0.12196414,True,
EQ,cyclopentanecarbonitrile,11,H,0.1487,0.13229701,0.12196414,True,
EQ,cyclopentanecarbonitrile,12,H,0.1558,0.13793552,0.12736306,True,
EQ,cyclopentanecarbonitrile,13,C,-0.2768,-0.21984873,-0.21379906,True,
EQ,cyclopentanecarbonitrile,14,H,0.1598,0.14712796,0.13507997,True,
EQ,cyclopentanecarbonitrile,15,H,0.1445,0.13316417,0.12216347,True,
EQ,cyclopentanecarbonitrile,16,N,-0.4775,-0.43241384,-0.40620986,True,
EQ,cyclopranecarbonitrile,1,H,0.1974,0.14663119,0.14016835,True,
EQ,cyclopranecarbonitrile,2,C,-0.1754,-0.14358839,-0.13399535,True,
EQ,cyclopranecarbonitrile,3,C,-0.3015,-0.22735199,-0.22332438,True,
EQ,cyclopranecarbonitrile,4,C,-0.3015,-0.22735199,-0.22332438,True,
EQ,cyclopranecarbonitrile,5,C,0.3390,0.23937138,0.25751076,True,
EQ,cyclopranecarbonitrile,6,H,0.1723,0.15063304,0.14049922,True,
EQ,cyclopranecarbonitrile,7,H,0.1837,0.15954415,0.14759339,True,
EQ,cyclopranecarbonitrile,8,H,0.1723,0.15063304,0.14049922,True,
EQ,cyclopranecarbonitrile,9,H,0.1837,0.15954415,0.14759339,True,
EQ,cyclopranecarbonitrile,10,N,-0.4699,-0.40806455,-0.39322022,True,
EQ,cyclopropyl_methyl_ketone,1,H,0.1679,0.16100158,0.14903007,True,
EQ,cyclopropyl_methyl_ketone,2,C,-0.3008,-0.21959573,-0.21583229,True,
EQ,cyclopropyl_methyl_ketone,3,C,-0.1780,-0.13807478,-0.13424043,True,
EQ,cyclopropyl_methyl_ketone,4,C,-0.3127,-0.24722689,-0.23879287,True,
EQ,cyclopropyl_methyl_ketone,5,H,0.1543,0.14553932,0.13596832,True,
EQ,cyclopropyl_methyl_ketone,6,C,0.4276,0.32356421,0.34594769,True,
EQ,cyclopropyl_methyl_ketone,7,H,0.1724,0.13965091,0.13377945,True,
EQ,cyclopropyl_methyl_ketone,8,H,0.1542,0.14673000,0.13654963,True,
EQ,cyclopropyl_methyl_ketone,9,H,0.1543,0.14273323,0.13385679,True,
EQ,cyclopropyl_methyl_ketone,10,O,-0.4370,-0.51032381,-0.49988388,True,
EQ,cyclopropyl_methyl_ketone,11,C,-0.5221,-0.48267468,-0.45633930,True,
EQ,cyclopropyl_methyl_ketone,12,H,0.1646,0.17142313,0.16261448,True,
EQ,cyclopropyl_methyl_ketone,13,H,0.1785,0.17601054,0.16712507,True,
EQ,cyclopropyl_methyl_ketone,14,H,0.1766,0.19124294,0.18021728,True,
EQ,diethoxymethane,1,C,0.2068,0.13294936,0.13330009,True,
EQ,diethoxymethane,2,O,-0.4768,-0.48944085,-0.45332082,True,
EQ,diethoxymethane,3,C,-0.0107,-0.02692845,-0.02313353,True,
EQ,diethoxymethane,4,H,0.1327,0.11898414,0.11707682,True,
EQ,diethoxymethane,5,H,0.1116,0.10548678,0.10643275,True,
EQ,diethoxymethane,6,C,-0.4624,-0.42812640,-0.40867225,True,
EQ,diethoxymethane,7,O,-0.4704,-0.48722812,-0.45271130,True,
EQ,diethoxymethane,8,H,0.1514,0.14083167,0.13141031,True,
EQ,diethoxymethane,9,H,0.1445,0.12994503,0.12277337,True,
EQ,diethoxymethane,10,C,-0.0326,0.00433868,-0.00025049,True,
EQ,diethoxymethane,11,H,0.1470,0.16232751,0.14757718,True,
EQ,diethoxymethane,12,H,0.1429,0.15253035,0.14045634,True,
EQ,diethoxymethane,13,H,0.1568,0.17110804,0.15589685,True,
EQ,diethoxymethane,14,H,0.1239,0.11479050,0.11068477,True,
EQ,diethoxymethane,15,H,0.1259,0.11881828,0.11399623,True,
EQ,diethoxymethane,16,C,-0.4553,-0.41213678,-0.39443557,True,
EQ,diethoxymethane,17,H,0.1447,0.14920603,0.13828262,True,
EQ,diethoxymethane,18,H,0.1620,0.17287159,0.15863178,True,
EQ,diethoxymethane,19,H,0.1580,0.16967264,0.15600484,True,
EQ,diethyl_carbonate,1,C,-0.0277,0.01631489,0.01223030,True,
EQ,diethyl_carbonate,2,O,-0.4611,-0.52256346,-0.48381526,True,
EQ,diethyl_carbonate,3,C,0.8100,0.70618508,0.73627917,True,
EQ,diethyl_carbonate,4,O,-0.4923,-0.56213839,-0.53388329,True,
EQ,diethyl_carbonate,5,O,-0.4611,-0.52256346,-0.48381526,True,
EQ,diethyl_carbonate,6,C,-0.0277,0.01631489,0.01223030,True,
EQ,diethyl_carbonate,7,H,0.1583,0.14715981,0.13724552,True,
EQ,diethyl_carbonate,8,H,0.1583,0.14715981,0.13724552,True,
EQ,diethyl_carbonate,9,C,-0.4647,-0.39874147,-0.38844426,True,
EQ,diethyl_carbonate,10,H,0.1540,0.16438835,0.14900364,True,
EQ,diethyl_carbonate,11,H,0.1620,0.18712936,0.16766830,True,
EQ,diethyl_carbonate,12,H,0.1620,0.18712936,0.16766830,True,
EQ,diethyl_carbonate,13,C,-0.4647,-0.39874147,-0.38844426,True,
EQ,diethyl_carbonate,14,H,0.1583,0.14715981,0.13724552,True,
EQ,diethyl_carbonate,15,H,0.1583,0.14715981,0.13724552,True,
EQ,diethyl_carbonate,16,H,0.1540,0.16438835,0.14900364,True,
EQ,diethyl_carbonate,17,H,0.1620,0.18712936,0.16766830,True,
EQ,diethyl_carbonate,18,H,0.1620,0.18712936,0.16766830,True,
EQ,difluorotetranitroethane,1,F,-0.2121,-0.16194967,-0.15977744,True,
EQ,difluorotetranitroethane,2,C,0.6013,0.35383903,0.32644160,True,
EQ,difluorotetranitroethane,3,N,0.4169,0.29128119,0.30287427,True,
EQ,difluorotetranitroethane,4,C,0.6014,0.35383903,0.32644160,True,
EQ,difluorotetranitroethane,5,N,0.4205,0.29054908,0.30277834,True,
EQ,difluorotetranitroethane,6,N,0.4205,0.29054908,0.30277834,True,
EQ,difluorotetranitroethane,7,N,0.4170,0.29128119,0.30287427,True,
EQ,difluorotetranitroethane,8,F,-0.2121,-0.16194967,-0.15977744,True,
EQ,difluorotetranitroethane,9,O,-0.2842,-0.18133364,-0.18151536,True,
EQ,difluorotetranitroethane,10,O,-0.3267,-0.20342787,-0.20280519,True,
EQ,difluorotetranitroethane,11,O,-0.3225,-0.20448420,-0.20351473,True,
EQ,difluorotetranitroethane,12,O,-0.2932,-0.18447392,-0.18448151,True,
EQ,difluorotetranitroethane,13,O,-0.2932,-0.18447392,-0.18448151,True,
EQ,difluorotetranitroethane,14,O,-0.3225,-0.20448420,-0.20351473,True,
EQ,difluorotetranitroethane,15,O,-0.3267,-0.20342787,-0.20280519,True,
EQ,difluorotetranitroethane,16,O,-0.2842,-0.18133364,-0.18151536,True,
EQ,diisopropyl_ether,1,C,0.1566,0.15555212,0.14136191,True,
EQ,diisopropyl_ether,2,O,-0.4868,-0.52043790,-0.48077906,True,
EQ,diisopropyl_ether,3,C,0.1566,0.15555212,0.14136191,True,
EQ,diisopropyl_ether,4,H,0.1154,0.08479773,0.08374177,True,
EQ,diisopropyl_ether,5,C,-0.4508,-0.45930352,-0.42923735,True,
EQ,diisopropyl_ether,6,C,-0.4456,-0.45162371,-0.42375845,True,
EQ,diisopropyl_ether,7,H,0.1358,0.14386300,0.13459152,True,
EQ,diisopropyl_ether,8,H,0.1519,0.16592466,0.15380732,True,
EQ,diisopropyl_ether,9,H,0.1463,0.15946725,0.14801903,True,
EQ,diisopropyl_ether,10,H,0.1361,0.14484516,0.13609307,True,
EQ,diisopropyl_ether,11,H,0.1436,0.15066878,0.14117567,True,
EQ,diisopropyl_ether,12,H,0.1541,0.16602747,0.15459502,True,
EQ,diisopropyl_ether,13,C,-0.4508,-0.45930352,-0.42923735,True,
EQ,diisopropyl_ether,14,H,0.1154,0.08479773,0.08374177,True,
EQ,diisopropyl_ether,15,C,-0.4456,-0.45162371,-0.42375845,True,
EQ,diisopropyl_ether,16,H,0.1358,0.14386300,0.13459152,True,
EQ,diisopropyl_ether,17,H,0.1463,0.15946725,0.14801903,True,
EQ,diisopropyl_ether,18,H,0.1519,0.16592466,0.15380732,True,
EQ,diisopropyl_ether,19,H,0.1436,0.15066878,0.14117567,True,
EQ,diisopropyl_ether,20,H,0.1361,0.14484516,0.13609307,True,
EQ,diisopropyl_ether,21,H,0.1541,0.16602747,0.15459502,True,
EQ,diisopropylamine,1,C,0.0459,0.13829616,0.10755238,True,
EQ,diisopropylamine,2,N,-0.5414,-0.62489771,-0.56396341,True,
EQ,diisopropylamine,3,H,0.2854,0.24709429,0.24422133,True,
EQ,diisopropylamine,4,C,0.0459,0.13829616,0.10755238,True,
EQ,diisopropylamine,5,H,0.1303,0.08847042,0.08678020,True,
EQ,diisopropylamine,6,C,-0.4218,-0.45744041,-0.42659135,True,
EQ,diisopropylamine,7,C,-0.4501,-0.47369587,-0.43832215,True,
EQ,diisopropylamine,8,H,0.1478,0.15615303,0.14417723,True,
EQ,diisopropylamine,9,H,0.1318,0.15464815,0.14232684,True,
EQ,diisopropylamine,10,H,0.1268,0.14089322,0.13136209,True,
EQ,diisopropylamine,11,H,0.1459,0.14719581,0.13780016,True,
EQ,diisopropylamine,12,H,0.1375,0.14290262,0.13421286,True,
EQ,diisopropylamine,13,H,0.1338,0.15147856,0.14057278,True,
EQ,diisopropylamine,14,H,0.1303,0.08847042,0.08678020,True,
EQ,diisopropylamine,15,C,-0.4501,-0.47369587,-0.43832215,True,
EQ,diisopropylamine,16,C,-0.4218,-0.45744041,-0.42659135,True,
EQ,diisopropylamine,17,H,0.1375,0.14290262,0.13421286,True,
EQ,diisopropylamine,18,H,0.1459,0.14719581,0.13780016,True,
EQ,diisopropylamine,19,H,0.1338,0.15147856,0.14057278,True,
EQ,diisopropylamine,20,H,0.1268,0.14089322,0.13136209,True,
EQ,diisopropylamine,21,H,0.1318,0.15464815,0.14232684,True,
EQ,diisopropylamine,22,H,0.1478,0.15615303,0.14417723,True,
EQ,Diketene,1,C,0.6051,0.58190987,0.58713192,True,
EQ,Diketene,2,O,-0.4259,-0.51613347,-0.49613333,True,
EQ,Diketene,3,C,0.4912,0.34561031,0.32226202,True,
EQ,Diketene,4,C,-0.4630,-0.34158365,-0.31670189,True,
EQ,Diketene,5,H,0.2081,0.20703254,0.19319146,True,
EQ,Diketene,6,O,-0.4385,-0.48232783,-0.47625306,True,
EQ,Diketene,7,C,-0.5039,-0.40942512,-0.38494735,True,
EQ,Diketene,8,H,0.2081,0.20703254,0.19319146,True,
EQ,Diketene,9,H,0.1587,0.19470344,0.18086921,True,
EQ,Diketene,10,H,0.1601,0.21318136,0.19738955,True,
EQ,dimethylamine,1,H,0.2940,0.22656810,0.22465960,True,
EQ,dimethylamine,2,N,-0.5249,-0.50059804,-0.46410252,True,
EQ,dimethylamine,3,C,-0.3021,-0.26784784,-0.26064402,True,
EQ,dimethylamine,4,C,-0.3021,-0.26784784,-0.26064402,True,
EQ,dimethylamine,5,H,0.1472,0.13541290,0.12684259,True,
EQ,dimethylamine,6,H,0.1184,0.13033061,0.12267371,True,
EQ,dimethylamine,7,H,0.1519,0.13911930,0.13084918,True,
EQ,dimethylamine,8,H,0.1519,0.13911930,0.13084918,True,
EQ,dimethylamine,9,H,0.1184,0.13033061,0.12267371,True,
EQ,dimethylamine,10,H,0.1472,0.13541290,0.12684259,True,
EQ,dinitrofluoromethane,1,N,0.4059,0.27284362,0.29592578,True,
EQ,dinitrofluoromethane,2,C,0.4641,0.28974337,0.24861172,True,
EQ,dinitrofluoromethane,3,F,-0.2318,-0.18433830,-0.18256184,True,
EQ,dinitrofluoromethane,4,N,0.4127,0.27536610,0.29810240,True,
EQ,dinitrofluoromethane,5,H,0.2446,0.25232095,0.23203259,True,
EQ,dinitrofluoromethane,6,O,-0.3040,-0.21275468,-0.20983932,True,
EQ,dinitrofluoromethane,7,O,-0.3429,-0.23902069,-0.23493776,True,
EQ,dinitrofluoromethane,8,O,-0.3127,-0.21369297,-0.21144852,True,
EQ,dinitrofluoromethane,9,O,-0.3359,-0.24046739,-0.23588505,True,
EQ,dipropyl_ether,1,H,0.1432,0.14549438,0.13481761,True,
EQ,dipropyl_ether,2,C,-0.4504,-0.42718764,-0.40254673,True,
EQ,dipropyl_ether,3,H,0.1432,0.14549438,0.13481761,True,
EQ,dipropyl_ether,4,C,-0.2667,-0.20821465,-0.20494800,True,
EQ,dipropyl_ether,5,H,0.1482,0.14388892,0.13417138,True,
EQ,dipropyl_ether,6,C,0.0063,-0.06526028,-0.05485298,True,
EQ,dipropyl_ether,7,H,0.1456,0.14035680,0.13092823,True,
EQ,dipropyl_ether,8,H,0.1456,0.14035680,0.13092823,True,
EQ,dipropyl_ether,9,H,0.1154,0.11606953,0.11266213,True,
EQ,dipropyl_ether,10,H,0.1154,0.11606953,0.11266213,True,
EQ,dipropyl_ether,11,O,-0.4917,-0.49413558,-0.45727925,True,
EQ,dipropyl_ether,12,C,0.0063,-0.06526028,-0.05485298,True,
EQ,dipropyl_ether,13,H,0.1154,0.11606953,0.11266213,True,
EQ,dipropyl_ether,14,H,0.1154,0.11606953,0.11266213,True,
EQ,dipropyl_ether,15,C,-0.2667,-0.20821465,-0.20494800,True,
EQ,dipropyl_ether,16,C,-0.4504,-0.42718764,-0.40254673,True,
EQ,dipropyl_ether,17,H,0.1456,0.14035680,0.13092823,True,
EQ,dipropyl_ether,18,H,0.1456,0.14035680,0.13092823,True,
EQ,dipropyl_ether,19,H,0.1432,0.14549438,0.13481761,True,
EQ,dipropyl_ether,20,H,0.1432,0.14549438,0.13481761,True,
EQ,dipropyl_ether,21,H,0.1482,0.14388892,0.13417138,True,
EQ,dipropylamine,1,C,-0.1140,-0.09151300,-0.09517809,True,
EQ,dipropylamine,2,N,-0.5460,-0.56159560,-0.51086070,True,
EQ,dipropylamine,3,H,0.2864,0.23269814,0.23251761,True,
EQ,dipropylamine,4,C,-0.1194,-0.09549734,-0.09985796,True,
EQ,dipropylamine,5,H,0.1372,0.11698328,0.11263360,True,
EQ,dipropylamine,6,C,-0.2646,-0.23089372,-0.22061351,True,
EQ,dipropylamine,7,H,0.1329,0.11848173,0.11325017,True,
EQ,dipropylamine,8,C,-0.4440,-0.42885444,-0.40199352,True,
EQ,dipropylamine,9,H,0.1397,0.12488541,0.11790362,True,
EQ,dipropylamine,10,H,0.1258,0.12505642,0.11730330,True,
EQ,dipropylamine,11,H,0.1425,0.14111423,0.13278196,True,
EQ,dipropylamine,12,H,0.1421,0.13820600,0.13020366,True,
EQ,dipropylamine,13,H,0.1424,0.14146354,0.13295897,True,
EQ,dipropylamine,14,H,0.1348,0.11722845,0.11287322,True,
EQ,dipropylamine,15,C,-0.2629,-0.22530217,-0.21612330,True,
EQ,dipropylamine,16,H,0.1119,0.10528301,0.10168565,True,
EQ,dipropylamine,17,C,-0.4295,-0.40546527,-0.38693987,True,
EQ,dipropylamine,18,H,0.1250,0.12490088,0.11600969,True,
EQ,dipropylamine,19,H,0.1297,0.11483050,0.10837739,True,
EQ,dipropylamine,20,H,0.1363,0.14488551,0.13354986,True,
EQ,dipropylamine,21,H,0.1605,0.15750592,0.14384515,True,
EQ,dipropylamine,22,H,0.1333,0.13559852,0.12567309,True,
EQ,ethane,1,H,0.1438,0.13337127,0.12591142,True,
EQ,ethane,2,C,-0.4314,-0.40012252,-0.37774719,True,
EQ,ethane,3,H,0.1437,0.13337999,0.12592435,True,
EQ,ethane,4,C,-0.4314,-0.40012252,-0.37774719,True,
EQ,ethane,5,H,0.1438,0.13337127,0.12591142,True,
EQ,ethane,6,H,0.1438,0.13337127,0.12591142,True,
EQ,ethane,7,H,0.1437,0.13337999,0.12592435,True,
EQ,ethane,8,H,0.1438,0.13337127,0.12591142,True,
EQ,Ethyl_2-methylpropanoate,1,H,0.1569,0.13848718,0.13099757,True,
EQ,Ethyl_2-methylpropanoate,2,C,0.6345,0.46180064,0.50734268,True,
EQ,Ethyl_2-methylpropanoate,3,O,-0.4844,-0.54056178,-0.51739507,True,
EQ,Ethyl_2-methylpropanoate,4,O,-0.4650,-0.53608036,-0.49769551,True,
EQ,Ethyl_2-methylpropanoate,5,C,-0.0300,0.00929765,0.00512521,True,
EQ,Ethyl_2-methylpropanoate,6,H,0.1573,0.13885428,0.13111447,True,
EQ,Ethyl_2-methylpropanoate,7,H,0.1581,0.17291068,0.15814939,True,
EQ,Ethyl_2-methylpropanoate,8,H,0.1586,0.17374664,0.15869772,True,
EQ,Ethyl_2-methylpropanoate,9,C,-0.4635,-0.41658397,-0.39821796,True,
EQ,Ethyl_2-methylpropanoate,10,H,0.1530,0.15486119,0.14305509,True,
EQ,Ethyl_2-methylpropanoate,11,C,-0.1598,-0.09254435,-0.09593157,True,
EQ,Ethyl_2-methylpropanoate,12,C,-0.4374,-0.40044524,-0.38571590,True,
EQ,Ethyl_2-methylpropanoate,13,C,-0.4520,-0.40317374,-0.38752298,True,
EQ,Ethyl_2-methylpropanoate,14,H,0.1537,0.14107155,0.13510912,True,
EQ,Ethyl_2-methylpropanoate,15,H,0.1513,0.17022129,0.15399610,True,
EQ,Ethyl_2-methylpropanoate,16,H,0.1613,0.17645752,0.16055275,True,
EQ,Ethyl_2-methylpropanoate,17,H,0.1387,0.15500461,0.14350903,True,
EQ,Ethyl_2-methylpropanoate,18,H,0.1569,0.16880841,0.15400306,True,
EQ,Ethyl_2-methylpropanoate,19,H,0.1588,0.17184103,0.15583274,True,
EQ,Ethyl_2-methylpropanoate,20,H,0.1530,0.15602675,0.14499406,True,
EQ,Ethyl_acetate,1,H,0.1746,0.18986774,0.16861905,True,
EQ,Ethyl_acetate,2,C,-0.4579,-0.40413373,-0.39511478,True,
EQ,Ethyl_acetate,3,H,0.1569,0.17665538,0.15543062,True,
EQ,Ethyl_acetate,4,C,-0.0482,-0.00410935,-0.01143892,True,
EQ,Ethyl_acetate,5,H,0.1526,0.16404571,0.14693105,True,
EQ,Ethyl_acetate,6,O,-0.4306,-0.51584219,-0.48190063,True,
EQ,Ethyl_acetate,7,H,0.1677,0.14508275,0.13476820,True,
EQ,Ethyl_acetate,8,H,0.1503,0.12435321,0.11408920,True,
EQ,Ethyl_acetate,9,C,0.6036,0.56346431,0.58315037,True,
EQ,Ethyl_acetate,10,O,-0.4563,-0.50694555,-0.49138858,True,
EQ,Ethyl_acetate,11,C,-0.5609,-0.51189145,-0.47962517,True,
EQ,Ethyl_acetate,12,H,0.1946,0.20438913,0.19405347,True,
EQ,Ethyl_acetate,13,H,0.1802,0.18934149,0.18187451,True,
EQ,Ethyl_acetate,14,H,0.1732,0.18572257,0.18055159,True,
EQ,Ethyl_butanoate,1,C,-0.3526,-0.32251472,-0.30108127,True,
EQ,Ethyl_butanoate,2,C,0.6292,0.49312733,0.53144824,True,
EQ,Ethyl_butanoate,3,O,-0.4810,-0.54563122,-0.52050862,True,
EQ,Ethyl_butanoate,4,O,-0.4636,-0.53668618,-0.49843808,True,
EQ,Ethyl_butanoate,5,C,-0.0294,0.00994474,0.00585468,True,
EQ,Ethyl_butanoate,6,H,0.1563,0.13954465,0.13181999,True,
EQ,Ethyl_butanoate,7,H,0.1563,0.13954465,0.13181999,True,
EQ,Ethyl_butanoate,8,C,-0.4631,-0.41454535,-0.39713093,True,
EQ,Ethyl_butanoate,9,H,0.1526,0.15582534,0.14383315,True,
EQ,Ethyl_butanoate,10,H,0.1583,0.17496062,0.15953665,True,
EQ,Ethyl_butanoate,11,H,0.1583,0.17496062,0.15953665,True,
EQ,Ethyl_butanoate,12,C,-0.2434,-0.15965643,-0.16756576,True,
EQ,Ethyl_butanoate,13,H,0.1697,0.16679903,0.16061684,True,
EQ,Ethyl_butanoate,14,H,0.1697,0.16679903,0.16061684,True,
EQ,Ethyl_butanoate,15,H,0.1502,0.14923318,0.13546745,True,
EQ,Ethyl_butanoate,16,H,0.1502,0.14923318,0.13546745,True,
EQ,Ethyl_butanoate,17,C,-0.4456,-0.41499452,-0.39746162,True,
EQ,Ethyl_butanoate,18,H,0.1469,0.15590980,0.14110548,True,
EQ,Ethyl_butanoate,19,H,0.1405,0.15907311,0.14253142,True,
EQ,Ethyl_butanoate,20,H,0.1405,0.15907311,0.14253142,True,
EQ,Ethyl_formate,1,C,0.4032,0.41935380,0.45184444,True,
EQ,Ethyl_formate,2,O,-0.4142,-0.47028820,-0.45325206,True,
EQ,Ethyl_formate,3,H,0.1079,0.09540242,0.10289145,True,
EQ,Ethyl_formate,4,O,-0.3897,-0.49170892,-0.45811851,True,
EQ,Ethyl_formate,5,C,-0.0623,-0.00290186,-0.00836686,True,
EQ,Ethyl_formate,6,H,0.1515,0.13445905,0.12243610,True,
EQ,Ethyl_formate,7,C,-0.4563,-0.39571156,-0.39139454,True,
EQ,Ethyl_formate,8,H,0.1582,0.18560744,0.16166576,True,
EQ,Ethyl_formate,9,H,0.1744,0.19749881,0.17416445,True,
EQ,Ethyl_formate,10,H,0.1557,0.17342649,0.15435430,True,
EQ,Ethyl_formate,11,H,0.1716,0.15486252,0.14377547,True,
EQ,ethyl_isopropyl_ether,1,C,-0.0050,-0.02940063,-0.02587147,True,
EQ,ethyl_isopropyl_ether,2,O,-0.4839,-0.50605793,-0.46831278,True,
EQ,ethyl_isopropyl_ether,3,C,0.1682,0.15473995,0.14018698,True,
EQ,ethyl_isopropyl_ether,4,H,0.1229,0.11026079,0.10756581,True,
EQ,ethyl_isopropyl_ether,5,H,0.1195,0.10847637,0.10572877,True,
EQ,ethyl_isopropyl_ether,6,C,-0.4554,-0.42402074,-0.40149032,True,
EQ,ethyl_isopropyl_ether,7,H,0.1408,0.14103262,0.13236445,True,
EQ,ethyl_isopropyl_ether,8,H,0.1559,0.16255142,0.15116613,True,
EQ,ethyl_isopropyl_ether,9,H,0.1565,0.16280029,0.15139967,True,
EQ,ethyl_isopropyl_ether,10,H,0.1107,0.08903401,0.08695468,True,
EQ,ethyl_isopropyl_ether,11,C,-0.4565,-0.46082729,-0.43093284,True,
EQ,ethyl_isopropyl_ether,12,C,-0.4505,-0.44916009,-0.42256973,True,
EQ,ethyl_isopropyl_ether,13,H,0.1384,0.14573707,0.13574076,True,
EQ,ethyl_isopropyl_ether,14,H,0.1522,0.16725678,0.15441185,True,
EQ,ethyl_isopropyl_ether,15,H,0.1498,0.16269771,0.15021686,True,
EQ,ethyl_isopropyl_ether,16,H,0.1402,0.14693876,0.13781288,True,
EQ,ethyl_isopropyl_ether,17,H,0.1425,0.15139853,0.14088661,True,
EQ,ethyl_isopropyl_ether,18,H,0.1536,0.16654239,0.15474170,True,
EQ,ethyl_propanoate,1,C,-0.0292,0.01218431,0.00648587,True,
EQ,ethyl_propanoate,2,O,-0.4614,-0.53526944,-0.49815079,True,
EQ,ethyl_propanoate,3,C,0.6308,0.49609718,0.53190382,True,
EQ,ethyl_propanoate,4,H,0.1565,0.14167103,0.13234714,True,
EQ,ethyl_propanoate,5,H,0.1565,0.14167103,0.13234714,True,
EQ,ethyl_propanoate,6,C,-0.4632,-0.41180385,-0.39674554,True,
EQ,ethyl_propanoate,7,H,0.1527,0.15828685,0.14441916,True,
EQ,ethyl_propanoate,8,H,0.1584,0.17736902,0.16005916,True,
EQ,ethyl_propanoate,9,H,0.1584,0.17736902,0.16005916,True,
EQ,ethyl_propanoate,10,O,-0.4790,-0.53965193,-0.51731199,True,
EQ,ethyl_propanoate,11,C,-0.3524,-0.28679338,-0.27387973,True,
EQ,ethyl_propanoate,12,C,-0.4359,-0.36377936,-0.35589933,True,
EQ,ethyl_propanoate,13,H,0.1732,0.16455661,0.15736614,True,
EQ,ethyl_propanoate,14,H,0.1732,0.16455661,0.15736614,True,
EQ,ethyl_propanoate,15,H,0.1603,0.17429696,0.15835106,True,
EQ,ethyl_propanoate,16,H,0.1603,0.17429696,0.15835106,True,
EQ,ethyl_propanoate,17,H,0.1407,0.15494237,0.14293151,True,
EQ,ethylene_glycole_diacetate,1,C,0.6110,0.56005897,0.57943070,True,
EQ,ethylene_glycole_diacetate,2,O,-0.4572,-0.52523882,-0.49369774,True,
EQ,ethylene_glycole_diacetate,3,C,-0.0520,-0.01298289,-0.02178166,True,
EQ,ethylene_glycole_diacetate,4,O,-0.4628,-0.51712407,-0.50401028,True,
EQ,ethylene_glycole_diacetate,5,C,-0.5256,-0.47868277,-0.46013458,True,
EQ,ethylene_glycole_diacetate,6,H,0.1877,0.21100029,0.19591109,True,
EQ,ethylene_glycole_diacetate,7,H,0.1850,0.20951185,0.19449458,True,
EQ,ethylene_glycole_diacetate,8,H,0.1837,0.20750507,0.19268389,True,
EQ,ethylene_glycole_diacetate,9,H,0.1819,0.18155784,0.16507385,True,
EQ,ethylene_glycole_diacetate,10,H,0.1671,0.16884318,0.15326167,True,
EQ,ethylene_glycole_diacetate,11,C,-0.0736,-0.03161984,-0.03806139,True,
EQ,ethylene_glycole_diacetate,12,O,-0.4365,-0.50650638,-0.47761142,True,
EQ,ethylene_glycole_diacetate,13,H,0.1620,0.15284959,0.13986079,True,
EQ,ethylene_glycole_diacetate,14,H,0.1784,0.17517231,0.16025207,True,
EQ,ethylene_glycole_diacetate,15,C,0.6044,0.57823930,0.59318088,True,
EQ,ethylene_glycole_diacetate,16,O,-0.4483,-0.48971295,-0.47945462,True,
EQ,ethylene_glycole_diacetate,17,C,-0.5626,-0.50026501,-0.47593299,True,
EQ,ethylene_glycole_diacetate,18,H,0.1991,0.21649731,0.20097568,True,
EQ,ethylene_glycole_diacetate,19,H,0.1752,0.19986300,0.18751079,True,
EQ,ethylene_glycole_diacetate,20,H,0.1832,0.20103401,0.18804869,True,
EQ,ethylene_oxide,1,O,-0.4207,-0.43750361,-0.40815072,True,
EQ,ethylene_oxide,2,C,-0.0967,-0.07814515,-0.07688545,True,
EQ,ethylene_oxide,3,H,0.1535,0.14844848,0.14048040,True,
EQ,ethylene_oxide,4,C,-0.0967,-0.07814515,-0.07688545,True,
EQ,ethylene_oxide,5,H,0.1535,0.14844848,0.14048040,True,
EQ,ethylene_oxide,6,H,0.1535,0.14844848,0.14048040,True,
EQ,ethylene_oxide,7,H,0.1535,0.14844848,0.14048040,True,
EQ,ethylisopropylamine,1,C,0.0404,0.13447851,0.10415351,True,
EQ,ethylisopropylamine,2,N,-0.5439,-0.60045126,-0.54429367,True,
EQ,ethylisopropylamine,3,H,0.2873,0.24547444,0.24291213,True,
EQ,ethylisopropylamine,4,C,-0.1060,-0.04923414,-0.06197611,True,
EQ,ethylisopropylamine,5,H,0.1360,0.10601766,0.10298514,True,
EQ,ethylisopropylamine,6,C,-0.4673,-0.44862849,-0.41860179,True,
EQ,ethylisopropylamine,7,H,0.1371,0.11372061,0.10877643,True,
EQ,ethylisopropylamine,8,H,0.1404,0.13917102,0.13103390,True,
EQ,ethylisopropylamine,9,H,0.1492,0.14885922,0.13921163,True,
EQ,ethylisopropylamine,10,H,0.1441,0.14846879,0.13806474,True,
EQ,ethylisopropylamine,11,H,0.1328,0.09272216,0.08979348,True,
EQ,ethylisopropylamine,12,C,-0.4390,-0.46069705,-0.42979394,True,
EQ,ethylisopropylamine,13,C,-0.4423,-0.46953383,-0.43542149,True,
EQ,ethylisopropylamine,14,H,0.1425,0.14964313,0.13906039,True,
EQ,ethylisopropylamine,15,H,0.1317,0.15357847,0.14113416,True,
EQ,ethylisopropylamine,16,H,0.1348,0.14304615,0.13310414,True,
EQ,ethylisopropylamine,17,H,0.1359,0.14365225,0.13426722,True,
EQ,ethylisopropylamine,18,H,0.1328,0.15243805,0.14090275,True,
EQ,ethylisopropylamine,19,H,0.1534,0.15727430,0.14468741,True,
EQ,F2N-NF2,1,F,-0.1730,-0.14578890,-0.14547557,True,
EQ,F2N-NF2,2,N,0.3337,0.29717920,0.29653339,True,
EQ,F2N-NF2,3,F,-0.1606,-0.15139029,-0.15105782,True,
EQ,F2N-NF2,4,N,0.3337,0.29717920,0.29653339,True,
EQ,F2N-NF2,5,F,-0.1730,-0.14578890,-0.14547557,True,
EQ,F2N-NF2,6,F,-0.1606,-0.15139029,-0.15105782,True,
EQ,F2O,1,F,-0.1037,-0.00445064,-0.00403225,True,
EQ,F2O,2,O,0.2074,0.00890129,0.00806451,True,
EQ,F2O,3,F,-0.1037,-0.00445064,-0.00403225,True,
EQ,F3C-CN,1,F,-0.2447,-0.23179330,-0.22106546,True,
EQ,F3C-CN,2,C,0.8922,0.54754142,0.54247506,True,
EQ,F3C-CN,3,F,-0.2447,-0.23179330,-0.22106546,True,
EQ,F3C-CN,4,C,0.2631,0.28534405,0.26765078,True,
EQ,F3C-CN,5,F,-0.2449,-0.23178751,-0.22105194,True,
EQ,F3C-CN,6,N,-0.4211,-0.13751135,-0.14694297,True,
EQ,F3C-O-O-CF3,1,O,-0.2849,-0.26715812,-0.24431232,True,
EQ,F3C-O-O-CF3,2,O,-0.2849,-0.26715812,-0.24431232,True,
EQ,F3C-O-O-CF3,3,C,1.0019,0.88887464,0.85167673,True,
EQ,F3C-O-O-CF3,4,C,1.0019,0.88887464,0.85167673,True,
EQ,F3C-O-O-CF3,5,F,-0.2411,-0.21094012,-0.20570881,True,
EQ,F3C-O-O-CF3,6,F,-0.2365,-0.20616359,-0.20140676,True,
EQ,F3C-O-O-CF3,7,F,-0.2394,-0.20461281,-0.20024884,True,
EQ,F3C-O-O-CF3,8,F,-0.2394,-0.20461281,-0.20024884,True,
EQ,F3C-O-O-CF3,9,F,-0.2411,-0.21094012,-0.20570881,True,
EQ,F3C-O-O-CF3,10,F,-0.2365,-0.20616359,-0.20140676,True,
EQ,FCCF,1,F,-0.0289,-0.27214022,-0.27214022,True,
EQ,FCCF,2,C,0.0289,0.27214022,0.27214022,True,
EQ,FCCF,3,C,0.0289,0.27214022,0.27214022,True,
EQ,FCCF,4,F,-0.0289,-0.27214022,-0.27214022,True,
EQ,fluoroaceticacid,1,C,-0.0182,-0.10680515,-0.10234291,True,
EQ,fluoroaceticacid,2,C,0.5290,0.57696064,0.58195817,True,
EQ,fluoroaceticacid,3,O,-0.4610,-0.46938953,-0.46587194,True,
EQ,fluoroaceticacid,4,O,-0.5397,-0.54701121,-0.53642185,True,
EQ,fluoroaceticacid,5,H,0.4160,0.36056053,0.35931246,True,
EQ,fluoroaceticacid,6,H,0.1802,0.21260433,0.19674320,True,
EQ,fluoroaceticacid,7,F,-0.2866,-0.23952394,-0.23012033,True,
EQ,fluoroaceticacid,8,H,0.1802,0.21260433,0.19674320,True,
EQ,fluoroacetonitrile,1,C,0.3371,0.30651768,0.30507695,True,
EQ,fluoroacetonitrile,2,C,0.0094,-0.12083673,-0.10755801,True,
EQ,fluoroacetonitrile,3,F,-0.2821,-0.26263050,-0.25033870,True,
EQ,fluoroacetonitrile,4,H,0.1893,0.19402128,0.18086785,True,
EQ,fluoroacetonitrile,5,H,0.1893,0.19402128,0.18086785,True,
EQ,fluoroacetonitrile,6,N,-0.4429,-0.31109300,-0.30891594,True,
EQ,fluorobenzene,1,F,-0.2883,-0.32502078,-0.31107978,True,
EQ,fluorobenzene,2,C,0.3976,0.20636751,0.20342404,True,
EQ,fluorobenzene,3,C,-0.1576,-0.11417814,-0.10926961,True,
EQ,fluorobenzene,4,C,-0.2338,-0.15708338,-0.14805522,True,
EQ,fluorobenzene,5,C,-0.2337,-0.15708338,-0.14805522,True,
EQ,fluorobenzene,6,C,-0.1242,-0.09098024,-0.08823135,True,
EQ,fluorobenzene,7,C,-0.1242,-0.09098024,-0.08823135,True,
EQ,fluorobenzene,8,H,0.1590,0.16091352,0.15199583,True,
EQ,fluorobenzene,9,H,0.1590,0.16091352,0.15199583,True,
EQ,fluorobenzene,10,H,0.1509,0.13540110,0.12833645,True,
EQ,fluorobenzene,11,H,0.1509,0.13540110,0.12833645,True,
EQ,fluorobenzene,12,H,0.1445,0.13632939,0.12883393,True,
EQ,fluoroethanol,1,H,0.1401,0.17221025,0.15993350,True,
EQ,fluoroethanol,2,C,0.0445,-0.08083642,-0.06559930,True,
EQ,fluoroethanol,3,H,0.1159,0.16422681,0.15203629,True,
EQ,fluoroethanol,4,C,-0.0800,-0.02759789,-0.03571674,True,
EQ,fluoroethanol,5,F,-0.3013,-0.29846583,-0.28432465,True,
EQ,fluoroethanol,6,O,-0.6124,-0.55708964,-0.53453851,True,
EQ,fluoroethanol,7,H,0.1631,0.17130104,0.15827090,True,
EQ,fluoroethanol,8,H,0.1375,0.15878768,0.14609902,True,
EQ,fluoroethanol,9,H,0.3926,0.29746399,0.30383948,True,
EQ,fluoropentane,1,F,-0.3102,-0.32638131,-0.30165805,True,
EQ,fluoropentane,2,C,0.0616,-0.10630410,-0.07190737,True,
EQ,fluoropentane,3,H,0.1219,0.13107276,0.13117805,True,
EQ,fluoropentane,4,C,-0.2956,-0.23519503,-0.22689867,True,
EQ,fluoropentane,5,H,0.1219,0.13107276,0.13117805,True,
EQ,fluoropentane,6,H,0.1447,0.14678406,0.13966704,True,
EQ,fluoropentane,7,H,0.1447,0.14678406,0.13966704,True,
EQ,fluoropentane,8,C,-0.2610,-0.23983521,-0.22951290,True,
EQ,fluoropentane,9,H,0.1320,0.13448525,0.12394864,True,
EQ,fluoropentane,10,C,-0.2455,-0.20401415,-0.20167953,True,
EQ,fluoropentane,11,H,0.1320,0.13448525,0.12394864,True,
EQ,fluoropentane,12,H,0.1346,0.12904432,0.11773806,True,
EQ,fluoropentane,13,H,0.1346,0.12904432,0.11773806,True,
EQ,fluoropentane,14,C,-0.4416,-0.41906842,-0.39940818,True,
EQ,fluoropentane,15,H,0.1419,0.15024359,0.13600734,True,
EQ,fluoropentane,16,H,0.1424,0.14753826,0.13398644,True,
EQ,fluoropentane,17,H,0.1419,0.15024359,0.13600734,True,
EQ,Furane,1,C,0.0708,0.11230737,0.11120114,True,
EQ,Furane,2,O,-0.3839,-0.48901242,-0.47429733,True,
EQ,Furane,3,C,0.0708,0.11230737,0.11120114,True,
EQ,Furane,4,C,-0.1725,-0.13663125,-0.13032916,True,
EQ,Furane,5,H,0.1542,0.12632559,0.12070984,True,
EQ,Furane,6,C,-0.1726,-0.13663125,-0.13032916,True,
EQ,Furane,7,H,0.1542,0.12632559,0.12070984,True,
EQ,Furane,8,H,0.1395,0.14250450,0.13556684,True,
EQ,Furane,9,H,0.1395,0.14250450,0.13556684,True,
EQ,guanine,1,C,0.5922,0.56316250,0.55655513,True,
EQ,guanine,2,O,-0.5419,-0.47270491,-0.46991813,True,
EQ,guanine,3,H,0.3432,0.35966674,0.35157313,True,
EQ,guanine,4,C,0.2592,0.05593251,0.05299428,True,
EQ,guanine,5,C,0.3823,0.40512506,0.38348648,True,
EQ,guanine,6,N,-0.6524,-0.57300523,-0.55420743,True,
EQ,guanine,7,N,-0.5538,-0.51866502,-0.49717166,True,
EQ,guanine,8,N,-0.4754,-0.39482505,-0.38437313,True,
EQ,guanine,9,C,0.2188,0.30858813,0.29826319,True,
EQ,guanine,10,H,0.3496,0.31503472,0.30565341,True,
EQ,guanine,11,H,0.1711,0.13384046,0.12590095,True,
EQ,guanine,12,C,0.6791,0.75681640,0.72628060,True,
EQ,guanine,13,N,-0.7670,-0.84733488,-0.81671616,True,
EQ,guanine,14,N,-0.6841,-0.78956754,-0.75381429,True,
EQ,guanine,15,H,0.3520,0.35375032,0.34199202,True,
EQ,guanine,16,H,0.3271,0.34418580,0.33350161,True,
EQ,H2N-NO2,1,N,-0.4657,-0.57101734,-0.55991940,True,
EQ,H2N-NO2,2,N,0.5776,0.44561739,0.45049590,True,
EQ,H2N-NO2,3,O,-0.4077,-0.31535767,-0.31179106,True,
EQ,H2N-NO2,4,O,-0.4077,-0.31535767,-0.31179106,True,
EQ,H2N-NO2,5,H,0.3517,0.37805764,0.36650281,True,
EQ,H2N-NO2,6,H,0.3517,0.37805764,0.36650281,True,
EQ,H2O2,1,H,0.4193,0.38880301,0.38374955,True,
EQ,H2O2,2,O,-0.4193,-0.38880301,-0.38374955,True,
EQ,H2O2,3,O,-0.4193,-0.38880301,-0.38374955,True,
EQ,H2O2,4,H,0.4193,0.38880301,0.38374955,True,
EQ,H3C-NF2,1,H,0.1367,0.21991377,0.20006070,True,
EQ,H3C-NF2,2,C,-0.3371,-0.26357524,-0.27305071,True,
EQ,H3C-NF2,3,H,0.1754,0.21085147,0.19193121,True,
EQ,H3C-NF2,4,N,0.2314,0.09314272,0.14024727,True,
EQ,H3C-NF2,5,H,0.1754,0.21085147,0.19193121,True,
EQ,H3C-NF2,6,F,-0.1909,-0.23559210,-0.22555984,True,
EQ,H3C-NF2,7,F,-0.1909,-0.23559210,-0.22555984,True,
EQ,HCF,1,F,-0.2165,-0.27264242,-0.25673351,True,
EQ,HCF,2,C,0.0789,0.10358600,0.09953695,True,
EQ,HCF,3,H,0.1376,0.16905642,0.15719656,True,
EQ,heptane,1,H,0.1399,0.13878416,0.13088002,True,
EQ,heptane,2,C,-0.4403,-0.43219733,-0.40394146,True,
EQ,heptane,3,H,0.1399,0.13878416,0.13088002,True,
EQ,heptane,4,C,-0.2464,-0.21434030,-0.20664923,True,
EQ,heptane,5,H,0.1384,0.13488591,0.12741043,True,
EQ,heptane,6,C,-0.2449,-0.24672047,-0.23340349,True,
EQ,heptane,7,H,0.1296,0.11710144,0.11115040,True,
EQ,heptane,8,H,0.1296,0.11710144,0.11115040,True,
EQ,heptane,9,H,0.1264,0.12393818,0.11687557,True,
EQ,heptane,10,H,0.1264,0.12393818,0.11687557,True,
EQ,heptane,11,C,-0.2510,-0.24700508,-0.23369465,True,
EQ,heptane,12,C,-0.2449,-0.24672047,-0.23340349,True,
EQ,heptane,13,H,0.1268,0.12222719,0.11561909,True,
EQ,heptane,14,H,0.1268,0.12222719,0.11561909,True,
EQ,heptane,15,H,0.1264,0.12393818,0.11687557,True,
EQ,heptane,16,H,0.1264,0.12393818,0.11687557,True,
EQ,heptane,17,C,-0.2464,-0.21434030,-0.20664923,True,
EQ,heptane,18,C,-0.4403,-0.43219733,-0.40394146,True,
EQ,heptane,19,H,0.1296,0.11710144,0.11115040,True,
EQ,heptane,20,H,0.1296,0.11710144,0.11115040,True,
EQ,heptane,21,H,0.1399,0.13878416,0.13088002,True,
EQ,heptane,22,H,0.1399,0.13878416,0.13088002,True,
EQ,heptane,23,H,0.1384,0.13488591,0.12741043,True,
EQ,hexane,1,H,0.1400,0.13875035,0.13084933,True,
EQ,hexane,2,C,-0.4402,-0.43232800,-0.40405230,True,
EQ,hexane,3,H,0.1400,0.13875035,0.13084933,True,
EQ,hexane,4,C,-0.2469,-0.21411896,-0.20648261,True,
EQ,hexane,5,H,0.1384,0.13483423,0.12734506,True,
EQ,hexane,6,C,-0.2442,-0.24755594,-0.23409906,True,
EQ,hexane,7,H,0.1297,0.11706909,0.11110194,True,
EQ,hexane,8,H,0.1297,0.11706909,0.11110194,True,
EQ,hexane,9,H,0.1267,0.12376489,0.11669319,True,
EQ,hexane,10,H,0.1267,0.12376489,0.11669319,True,
EQ,hexane,11,C,-0.2442,-0.24755594,-0.23409906,True,
EQ,hexane,12,C,-0.2469,-0.21411896,-0.20648261,True,
EQ,hexane,13,H,0.1267,0.12376489,0.11669319,True,
EQ,hexane,14,H,0.1267,0.12376489,0.11669319,True,
EQ,hexane,15,H,0.1297,0.11706909,0.11110194,True,
EQ,hexane,16,H,0.1297,0.11706909,0.11110194,True,
EQ,hexane,17,C,-0.4402,-0.43232800,-0.40405230,True,
EQ,hexane,18,H,0.1384,0.13483423,0.12734506,True,
EQ,hexane,19,H,0.1400,0.13875035,0.13084933,True,
EQ,hexane,20,H,0.1400,0.13875035,0.13084933,True,
EQ,hexanitrile,1,C,-0.3366,-0.32513363,-0.29406056,True,
EQ,hexanitrile,2,C,0.3466,0.24658028,0.27661758,True,
EQ,hexanitrile,3,N,-0.4741,-0.44842197,-0.41051955,True,
EQ,hexanitrile,4,H,0.1906,0.15313347,0.15089983,True,
EQ,hexanitrile,5,C,-0.2657,-0.20824643,-0.20487276,True,
EQ,hexanitrile,6,H,0.1906,0.15313347,0.15089983,True,
EQ,hexanitrile,7,H,0.1574,0.14175607,0.13239575,True,
EQ,hexanitrile,8,H,0.1574,0.14175607,0.13239575,True,
EQ,hexanitrile,9,C,-0.2495,-0.23830909,-0.22958104,True,
EQ,hexanitrile,10,H,0.1342,0.13836741,0.12546034,True,
EQ,hexanitrile,11,C,-0.2501,-0.20205284,-0.20189997,True,
EQ,hexanitrile,12,H,0.1342,0.13836741,0.12546034,True,
EQ,hexanitrile,13,H,0.1374,0.13227051,0.11831973,True,
EQ,hexanitrile,14,H,0.1374,0.13227051,0.11831973,True,
EQ,hexanitrile,15,C,-0.4426,-0.41457964,-0.39839645,True,
EQ,hexanitrile,16,H,0.1435,0.15377128,0.13675484,True,
EQ,hexanitrile,17,H,0.1459,0.15156583,0.13505180,True,
EQ,hexanitrile,18,H,0.1435,0.15377128,0.13675484,True,
EQ,HF,1,F,-0.4337,-0.37932807,-0.37932807,True,
EQ,HF,2,H,0.4337,0.37932807,0.37932807,True,
EQ,HNO,1,H,0.2694,0.28861286,0.26320753,True,
EQ,HNO,2,N,-0.0591,-0.02159846,0.00220291,True,
EQ,HNO,3,O,-0.2103,-0.26701440,-0.26541045,True,
EQ,HNO3,1,O,-0.4632,-0.38937590,-0.38692748,True,
EQ,HNO3,2,N,0.7048,0.50278385,0.50814636,True,
EQ,HNO3,3,O,-0.3551,-0.28331562,-0.28055474,True,
EQ,HNO3,4,O,-0.3136,-0.25156251,-0.24993048,True,
EQ,HNO3,5,H,0.4272,0.42147019,0.40926635,True,
EQ,indan,1,H,0.1348,0.12485971,0.11984949,True,
EQ,indan,2,C,-0.1753,-0.16664243,-0.15643522,True,
EQ,indan,3,C,-0.1754,-0.16664243,-0.15643522,True,
EQ,indan,4,C,0.0806,0.02634851,0.02512668,True,
EQ,indan,5,C,-0.1466,-0.12175405,-0.11528009,True,
EQ,indan,6,C,-0.1467,-0.12175405,-0.11528009,True,
EQ,indan,7,C,0.0806,0.02634851,0.02512668,True,
EQ,indan,8,C,-0.3209,-0.27212863,-0.25603016,True,
EQ,indan,9,H,0.1333,0.11724379,0.11277465,True,
EQ,indan,10,H,0.1333,0.11724379,0.11277465,True,
EQ,indan,11,C,-0.3209,-0.27212863,-0.25603016,True,
EQ,indan,12,H,0.1348,0.12485971,0.11984949,True,
EQ,indan,13,H,0.1517,0.13850744,0.12971843,True,
EQ,indan,14,H,0.1466,0.13424084,0.12609437,True,
EQ,indan,15,C,-0.2849,-0.21388137,-0.20807436,True,
EQ,indan,16,H,0.1466,0.13424084,0.12609437,True,
EQ,indan,17,H,0.1314,0.12241678,0.11514004,True,
EQ,indan,18,H,0.1453,0.13011423,0.12129801,True,
EQ,indan,19,H,0.1517,0.13850744,0.12971843,True,
EQ,Isobutane,1,H,0.1381,0.13990572,0.13124509,True,
EQ,Isobutane,2,C,-0.4345,-0.46104988,-0.42711526,True,
EQ,Isobutane,3,H,0.1380,0.14519276,0.13579895,True,
EQ,Isobutane,4,C,-0.0625,0.01535894,-0.00273831,True,
EQ,Isobutane,5,H,0.1380,0.13992380,0.13127190,True,
EQ,Isobutane,6,C,-0.4345,-0.46104988,-0.42711526,True,
EQ,Isobutane,7,H,0.1238,0.09272815,0.08913965,True,
EQ,Isobutane,8,C,-0.4343,-0.46106516,-0.42713344,True,
EQ,Isobutane,9,H,0.1380,0.14519276,0.13579895,True,
EQ,Isobutane,10,H,0.1381,0.13990572,0.13124509,True,
EQ,Isobutane,11,H,0.1380,0.13992380,0.13127190,True,
EQ,Isobutane,12,H,0.1379,0.14519328,0.13579952,True,
EQ,Isobutane,13,H,0.1380,0.13992000,0.13126561,True,
EQ,Isobutane,14,H,0.1380,0.13992000,0.13126561,True,
EQ,isobutyl_methyl_ether,1,C,-0.1908,-0.22986108,-0.20797523,True,
EQ,isobutyl_methyl_ether,2,O,-0.4746,-0.47535417,-0.43950071,True,
EQ,isobutyl_methyl_ether,3,C,0.0036,-0.08710505,-0.07079048,True,
EQ,isobutyl_methyl_ether,4,H,0.1311,0.13258820,0.13012817,True,
EQ,isobutyl_methyl_ether,5,H,0.1305,0.13278225,0.13003989,True,
EQ,isobutyl_methyl_ether,6,H,0.1565,0.14185226,0.13859798,True,
EQ,isobutyl_methyl_ether,7,H,0.1153,0.11918234,0.11456093,True,
EQ,isobutyl_methyl_ether,8,H,0.1136,0.12193391,0.11765997,True,
EQ,isobutyl_methyl_ether,9,C,-0.0902,-0.01662427,-0.03122965,True,
EQ,isobutyl_methyl_ether,10,C,-0.4490,-0.45502084,-0.42573681,True,
EQ,isobutyl_methyl_ether,11,C,-0.4417,-0.42428695,-0.40495945,True,
EQ,isobutyl_methyl_ether,12,H,0.1370,0.12269240,0.11364353,True,
EQ,isobutyl_methyl_ether,13,H,0.1404,0.15033816,0.13813097,True,
EQ,isobutyl_methyl_ether,14,H,0.1467,0.14919456,0.13822764,True,
EQ,isobutyl_methyl_ether,15,H,0.1400,0.14687084,0.13434575,True,
EQ,isobutyl_methyl_ether,16,H,0.1327,0.15353045,0.13838991,True,
EQ,isobutyl_methyl_ether,17,H,0.1631,0.17065640,0.15290182,True,
EQ,isobutyl_methyl_ether,18,H,0.1360,0.14663058,0.13356575,True,
EQ,isobutylamine,1,H,0.1366,0.14364480,0.13201048,True,
EQ,isobutylamine,2,C,-0.4424,-0.45577630,-0.42554251,True,
EQ,isobutylamine,3,H,0.1401,0.14917137,0.13765911,True,
EQ,isobutylamine,4,C,-0.0744,-0.02712164,-0.03861743,True,
EQ,isobutylamine,5,H,0.1414,0.14683154,0.13610763,True,
EQ,isobutylamine,6,C,-0.1195,-0.08295805,-0.08397456,True,
EQ,isobutylamine,7,H,0.1157,0.11067480,0.10179953,True,
EQ,isobutylamine,8,C,-0.4316,-0.42536481,-0.40548121,True,
EQ,isobutylamine,9,H,0.1349,0.12184971,0.11677949,True,
EQ,isobutylamine,10,H,0.1084,0.10725840,0.10261259,True,
EQ,isobutylamine,11,N,-0.7200,-0.76306738,-0.70518242,True,
EQ,isobutylamine,12,H,0.1356,0.15340788,0.13895769,True,
EQ,isobutylamine,13,H,0.1611,0.16449754,0.14750153,True,
EQ,isobutylamine,14,H,0.1317,0.14389645,0.13132731,True,
EQ,isobutylamine,15,H,0.2892,0.25748948,0.25852121,True,
EQ,isobutylamine,16,H,0.2931,0.25556621,0.25552157,True,
EQ,Isopentane,1,H,0.1373,0.13813286,0.13007947,True,
EQ,Isopentane,2,C,-0.4411,-0.46020063,-0.42622590,True,
EQ,Isopentane,3,H,0.1380,0.14365842,0.13488239,True,
EQ,Isopentane,4,C,-0.0583,-0.01839422,-0.03040128,True,
EQ,Isopentane,5,H,0.1368,0.14013912,0.13176605,True,
EQ,Isopentane,6,C,-0.2399,-0.24232262,-0.22874806,True,
EQ,Isopentane,7,H,0.1195,0.09972614,0.09511925,True,
EQ,Isopentane,8,C,-0.4453,-0.45061118,-0.41917748,True,
EQ,Isopentane,9,H,0.1269,0.12311592,0.11588311,True,
EQ,Isopentane,10,H,0.1276,0.11863491,0.11193228,True,
EQ,Isopentane,11,C,-0.4480,-0.42482209,-0.39835119,True,
EQ,Isopentane,12,H,0.1399,0.13306842,0.12565211,True,
EQ,Isopentane,13,H,0.1403,0.13734426,0.12968166,True,
EQ,Isopentane,14,H,0.1458,0.13881938,0.13097621,True,
EQ,Isopentane,15,H,0.1380,0.14388160,0.13459252,True,
EQ,Isopentane,16,H,0.1435,0.14075482,0.13203975,True,
EQ,Isopentane,17,H,0.1390,0.13907488,0.13029909,True,
EQ,isopropyl_acetate,1,C,0.1350,0.18661809,0.16687157,True,
EQ,isopropyl_acetate,2,O,-0.4573,-0.54992348,-0.50841040,True,
EQ,isopropyl_acetate,3,C,0.6109,0.53437862,0.56355612,True,
EQ,isopropyl_acetate,4,O,-0.4740,-0.54739965,-0.52294911,True,
EQ,isopropyl_acetate,5,C,-0.5242,-0.49829049,-0.46784525,True,
EQ,isopropyl_acetate,6,H,0.1807,0.19164544,0.18528426,True,
EQ,isopropyl_acetate,7,H,0.1811,0.18988608,0.18438100,True,
EQ,isopropyl_acetate,8,H,0.1810,0.19060581,0.18467805,True,
EQ,isopropyl_acetate,9,C,-0.4606,-0.43445994,-0.41943734,True,
EQ,isopropyl_acetate,10,H,0.1598,0.12552272,0.11528885,True,
EQ,isopropyl_acetate,11,C,-0.4551,-0.43852860,-0.41987260,True,
EQ,isopropyl_acetate,12,H,0.1502,0.16072587,0.14588573,True,
EQ,isopropyl_acetate,13,H,0.1527,0.17840259,0.15836694,True,
EQ,isopropyl_acetate,14,H,0.1533,0.17959357,0.16093847,True,
EQ,isopropyl_acetate,15,H,0.1699,0.18974135,0.16678693,True,
EQ,isopropyl_acetate,16,H,0.1476,0.16262108,0.14706014,True,
EQ,isopropyl_acetate,17,H,0.1489,0.17886094,0.15941663,True,
EQ,isopropyl_methyl_ether,1,C,-0.2032,-0.21392245,-0.19625619,True,
EQ,isopropyl_methyl_ether,2,O,-0.4723,-0.49236543,-0.45751339,True,
EQ,isopropyl_methyl_ether,3,C,0.1631,0.16517762,0.14754383,True,
EQ,isopropyl_methyl_ether,4,H,0.1335,0.13408573,0.12973220,True,
EQ,isopropyl_methyl_ether,5,H,0.1335,0.13408573,0.12973220,True,
EQ,isopropyl_methyl_ether,6,H,0.1559,0.14229308,0.13607546,True,
EQ,isopropyl_methyl_ether,7,C,-0.4640,-0.46120013,-0.43283494,True,
EQ,isopropyl_methyl_ether,8,C,-0.4639,-0.46120013,-0.43283494,True,
EQ,isopropyl_methyl_ether,9,H,0.1424,0.15765712,0.14537109,True,
EQ,isopropyl_methyl_ether,10,H,0.1342,0.10532645,0.10095202,True,
EQ,isopropyl_methyl_ether,11,H,0.1555,0.16609767,0.15279287,True,
EQ,isopropyl_methyl_ether,12,H,0.1437,0.15010498,0.13953792,True,
EQ,isopropyl_methyl_ether,13,H,0.1424,0.15765712,0.14537109,True,
EQ,isopropyl_methyl_ether,14,H,0.1554,0.16609767,0.15279287,True,
EQ,isopropyl_methyl_ether,15,H,0.1437,0.15010498,0.13953792,True,
EQ,isopropylamine,1,H,0.1400,0.14743675,0.13569291,True,
EQ,isopropylamine,2,C,-0.4338,-0.45834605,-0.42985581,True,
EQ,isopropylamine,3,H,0.1333,0.15879693,0.14421483,True,
EQ,isopropylamine,4,C,0.0345,0.17201815,0.13778280,True,
EQ,isopropylamine,5,H,0.1577,0.16472947,0.14969640,True,
EQ,isopropylamine,6,C,-0.4399,-0.47729282,-0.44410619,True,
EQ,isopropylamine,7,H,0.1336,0.09504976,0.09076679,True,
EQ,isopropylamine,8,N,-0.7007,-0.79536011,-0.73574789,True,
EQ,isopropylamine,9,H,0.1335,0.15710838,0.14403379,True,
EQ,isopropylamine,10,H,0.1349,0.14940556,0.13888811,True,
EQ,isopropylamine,11,H,0.1333,0.15340583,0.14032064,True,
EQ,isopropylamine,12,H,0.2884,0.26441200,0.26199092,True,
EQ,isopropylamine,13,H,0.2853,0.26863615,0.26632269,True,
EQ,isopropylmethylamine,1,H,0.1320,0.14789881,0.13590362,True,
EQ,isopropylmethylamine,2,C,-0.4557,-0.46415851,-0.43256003,True,
EQ,isopropylmethylamine,3,H,0.1550,0.16062214,0.14781359,True,
EQ,isopropylmethylamine,4,C,0.0696,0.12685253,0.09799860,True,
EQ,isopropylmethylamine,5,H,0.1415,0.14408221,0.13424608,True,
EQ,isopropylmethylamine,6,N,-0.5402,-0.55925899,-0.50849040,True,
EQ,isopropylmethylamine,7,H,0.1014,0.08804846,0.08481686,True,
EQ,isopropylmethylamine,8,C,-0.4414,-0.45424293,-0.42435699,True,
EQ,isopropylmethylamine,9,H,0.1535,0.16164366,0.14822010,True,
EQ,isopropylmethylamine,10,H,0.1416,0.14959694,0.13768944,True,
EQ,isopropylmethylamine,11,H,0.1391,0.14291742,0.13247817,True,
EQ,isopropylmethylamine,12,C,-0.3071,-0.26369774,-0.25600797,True,
EQ,isopropylmethylamine,13,H,0.2904,0.23084668,0.22955166,True,
EQ,isopropylmethylamine,14,H,0.1453,0.13053502,0.12418735,True,
EQ,isopropylmethylamine,15,H,0.1194,0.12402214,0.11933904,True,
EQ,isopropylmethylamine,16,H,0.1558,0.13429217,0.12917088,True,
EQ,isopropylpropylamine,1,C,0.0395,0.13522827,0.10477355,True,
EQ,isopropylpropylamine,2,N,-0.5531,-0.60030199,-0.54290557,True,
EQ,isopropylpropylamine,3,H,0.2899,0.23603815,0.23461685,True,
EQ,isopropylpropylamine,4,C,-0.1080,-0.07466446,-0.08341758,True,
EQ,isopropylpropylamine,5,C,-0.4388,-0.46006600,-0.42815185,True,
EQ,isopropylpropylamine,6,H,0.1236,0.09149358,0.08795866,True,
EQ,isopropylpropylamine,7,C,-0.4408,-0.47150260,-0.43654099,True,
EQ,isopropylpropylamine,8,H,0.1404,0.15390752,0.14344070,True,
EQ,isopropylpropylamine,9,H,0.1355,0.14315689,0.13400089,True,
EQ,isopropylpropylamine,10,H,0.1333,0.14801645,0.13728677,True,
EQ,isopropylpropylamine,11,H,0.1391,0.15214602,0.14098288,True,
EQ,isopropylpropylamine,12,H,0.1543,0.15754765,0.14518111,True,
EQ,isopropylpropylamine,13,H,0.1390,0.14225858,0.13236025,True,
EQ,isopropylpropylamine,14,H,0.1359,0.11546985,0.11136223,True,
EQ,isopropylpropylamine,15,C,-0.2797,-0.23387442,-0.22366466,True,
EQ,isopropylpropylamine,16,H,0.1343,0.11916569,0.11334076,True,
EQ,isopropylpropylamine,17,C,-0.4447,-0.42839668,-0.40193891,True,
EQ,isopropylpropylamine,18,H,0.1395,0.12758831,0.11944547,True,
EQ,isopropylpropylamine,19,H,0.1322,0.12615284,0.11747268,True,
EQ,isopropylpropylamine,20,H,0.1417,0.14043173,0.13175219,True,
EQ,isopropylpropylamine,21,H,0.1422,0.13848559,0.12988077,True,
EQ,isopropylpropylamine,22,H,0.1446,0.14171903,0.13276379,True,
EQ,isoquinoline,1,N,-0.4047,-0.39044355,-0.37335791,True,
EQ,isoquinoline,2,C,-0.1616,-0.14944983,-0.14090319,True,
EQ,isoquinoline,3,H,0.1437,0.12935324,0.12339911,True,
EQ,isoquinoline,4,C,0.0073,0.03153889,0.03282311,True,
EQ,isoquinoline,5,C,-0.1397,-0.18948279,-0.17696230,True,
EQ,isoquinoline,6,C,0.0443,-0.01045586,-0.00929623,True,
EQ,isoquinoline,7,H,0.1394,0.12227272,0.11721643,True,
EQ,isoquinoline,8,C,0.0665,0.06071996,0.05466955,True,
EQ,isoquinoline,9,C,-0.1514,-0.13415379,-0.12765257,True,
EQ,isoquinoline,10,H,0.1457,0.12905010,0.12227443,True,
EQ,isoquinoline,11,H,0.1437,0.13693880,0.12914827,True,
EQ,isoquinoline,12,H,0.1361,0.14238059,0.13524857,True,
EQ,isoquinoline,13,C,-0.1464,-0.10978677,-0.10541833,True,
EQ,isoquinoline,14,H,0.1481,0.13491190,0.12753955,True,
EQ,isoquinoline,15,H,0.1459,0.12974434,0.12286093,True,
EQ,isoquinoline,16,C,-0.1342,-0.10554692,-0.10204703,True,
EQ,isoquinoline,17,C,0.0173,0.07240897,0.07045759,True,
EQ,m-cresol,1,C,-0.5154,-0.45319818,-0.42881107,True,
EQ,m-cresol,2,C,0.1595,0.10113235,0.09209688,True,
EQ,m-cresol,3,C,-0.2499,-0.20531188,-0.19208125,True,
EQ,m-cresol,4,C,-0.2571,-0.21825140,-0.20159978,True,
EQ,m-cresol,5,C,-0.2121,-0.17222511,-0.16034815,True,
EQ,m-cresol,6,C,-0.1125,-0.08334622,-0.08155495,True,
EQ,m-cresol,7,C,0.3920,0.27490450,0.26340747,True,
EQ,m-cresol,8,H,0.1502,0.16760838,0.15808349,True,
EQ,m-cresol,9,H,0.1321,0.13688596,0.13006881,True,
EQ,m-cresol,10,H,0.1364,0.12600033,0.12046154,True,
EQ,m-cresol,11,O,-0.6402,-0.60826063,-0.58890279,True,
EQ,m-cresol,12,H,0.1283,0.14741075,0.13921782,True,
EQ,m-cresol,13,H,0.1681,0.16980279,0.15544342,True,
EQ,m-cresol,14,H,0.1560,0.16597104,0.15198258,True,
EQ,m-cresol,15,H,0.1571,0.16903012,0.15461963,True,
EQ,m-cresol,16,H,0.4076,0.28184719,0.28791635,True,
EQ,m-xylene,1,C,-0.5143,-0.46714858,-0.43670684,True,
EQ,m-xylene,2,C,0.1417,0.08833533,0.07807072,True,
EQ,m-xylene,3,C,-0.1925,-0.17904148,-0.16582910,True,
EQ,m-xylene,4,C,-0.2245,-0.21721590,-0.19991577,True,
EQ,m-xylene,5,C,-0.1925,-0.17904148,-0.16582910,True,
EQ,m-xylene,6,C,-0.1262,-0.10647123,-0.10293539,True,
EQ,m-xylene,7,C,0.1417,0.08833533,0.07807072,True,
EQ,m-xylene,8,H,0.1322,0.13363543,0.12693158,True,
EQ,m-xylene,9,H,0.1330,0.12622101,0.12044032,True,
EQ,m-xylene,10,H,0.1333,0.11499680,0.11085919,True,
EQ,m-xylene,11,C,-0.5143,-0.46714858,-0.43670684,True,
EQ,m-xylene,12,H,0.1330,0.12622101,0.12044032,True,
EQ,m-xylene,13,H,0.1658,0.15783901,0.14689524,True,
EQ,m-xylene,14,H,0.1546,0.15555614,0.14471128,True,
EQ,m-xylene,15,H,0.1542,0.15576601,0.14494856,True,
EQ,m-xylene,16,H,0.1658,0.15783901,0.14689524,True,
EQ,m-xylene,17,H,0.1542,0.15576601,0.14494856,True,
EQ,m-xylene,18,H,0.1546,0.15555614,0.14471128,True,
EQ,methyl_2.2-dimethylpropanoate,1,C,0.0055,0.08479620,0.06421819,True,
EQ,methyl_2.2-dimethylpropanoate,2,C,0.6410,0.44161040,0.49687341,True,
EQ,methyl_2.2-dimethylpropanoate,3,O,-0.4877,-0.53589905,-0.51288648,True,
EQ,methyl_2.2-dimethylpropanoate,4,O,-0.4570,-0.51775351,-0.48079451,True,
EQ,methyl_2.2-dimethylpropanoate,5,C,-0.2194,-0.18328924,-0.17089527,True,
EQ,methyl_2.2-dimethylpropanoate,6,H,0.1689,0.16086004,0.15422580,True,
EQ,methyl_2.2-dimethylpropanoate,7,H,0.1689,0.16086004,0.15422580,True,
EQ,methyl_2.2-dimethylpropanoate,8,H,0.1617,0.14828030,0.14506186,True,
EQ,methyl_2.2-dimethylpropanoate,9,C,-0.4338,-0.42399403,-0.40609414,True,
EQ,methyl_2.2-dimethylpropanoate,10,C,-0.4518,-0.42701880,-0.40859073,True,
EQ,methyl_2.2-dimethylpropanoate,11,C,-0.4518,-0.42701880,-0.40859073,True,
EQ,methyl_2.2-dimethylpropanoate,12,H,0.1492,0.16895657,0.15157238,True,
EQ,methyl_2.2-dimethylpropanoate,13,H,0.1594,0.17772531,0.15916411,True,
EQ,methyl_2.2-dimethylpropanoate,14,H,0.1492,0.16895657,0.15157238,True,
EQ,methyl_2.2-dimethylpropanoate,15,H,0.1480,0.15825123,0.14605302,True,
EQ,methyl_2.2-dimethylpropanoate,16,H,0.1594,0.17772531,0.15916411,True,
EQ,methyl_2.2-dimethylpropanoate,17,H,0.1479,0.15825123,0.14605302,True,
EQ,methyl_2.2-dimethylpropanoate,18,H,0.1532,0.17569061,0.15748595,True,
EQ,methyl_2.2-dimethylpropanoate,19,H,0.1532,0.17569061,0.15748595,True,
EQ,methyl_2.2-dimethylpropanoate,20,H,0.1359,0.15731901,0.14469588,True,
EQ,Methyl_acetate,1,C,-0.5220,-0.48577636,-0.46419025,True,
EQ,Methyl_acetate,2,C,0.6030,0.55704193,0.57608059,True,
EQ,Methyl_acetate,3,O,-0.4704,-0.52590587,-0.51157919,True,
EQ,Methyl_acetate,4,O,-0.4363,-0.50980587,-0.48063955,True,
EQ,Methyl_acetate,5,H,0.1817,0.20393313,0.19071309,True,
EQ,Methyl_acetate,6,H,0.1818,0.20337047,0.19011699,True,
EQ,Methyl_acetate,7,H,0.1818,0.20337047,0.19011699,True,
EQ,Methyl_acetate,8,C,-0.2198,-0.16371509,-0.16418316,True,
EQ,Methyl_acetate,9,H,0.1690,0.17524176,0.15994244,True,
EQ,Methyl_acetate,10,H,0.1690,0.17524176,0.15994244,True,
EQ,Methyl_acetate,11,H,0.1620,0.16700368,0.15367962,True,
EQ,methyl_cyclobutanecarboxylate,1,H,0.1399,0.14654487,0.13162435,True,
EQ,methyl_cyclobutanecarboxylate,2,C,-0.2683,-0.20401060,-0.20810372,True,
EQ,methyl_cyclobutanecarboxylate,3,C,-0.2810,-0.22017232,-0.21641977,True,
EQ,methyl_cyclobutanecarboxylate,4,C,-0.2060,-0.14534620,-0.14271742,True,
EQ,methyl_cyclobutanecarboxylate,5,C,-0.2746,-0.21729863,-0.21764235,True,
EQ,methyl_cyclobutanecarboxylate,6,H,0.1365,0.13849311,0.12459688,True,
EQ,methyl_cyclobutanecarboxylate,7,H,0.1648,0.15814993,0.14123151,True,
EQ,methyl_cyclobutanecarboxylate,8,H,0.1740,0.16811927,0.14952661,True,
EQ,methyl_cyclobutanecarboxylate,9,C,0.6025,0.48102475,0.52410799,True,
EQ,methyl_cyclobutanecarboxylate,10,H,0.1482,0.13984912,0.13179408,True,
EQ,methyl_cyclobutanecarboxylate,11,H,0.1429,0.14363468,0.12928195,True,
EQ,methyl_cyclobutanecarboxylate,12,H,0.1423,0.14092688,0.12588905,True,
EQ,methyl_cyclobutanecarboxylate,13,O,-0.4585,-0.50138725,-0.47949571,True,
EQ,methyl_cyclobutanecarboxylate,14,O,-0.4400,-0.48898725,-0.45681625,True,
EQ,methyl_cyclobutanecarboxylate,15,C,-0.2235,-0.20387978,-0.18783094,True,
EQ,methyl_cyclobutanecarboxylate,16,H,0.1580,0.15004358,0.14581105,True,
EQ,methyl_cyclobutanecarboxylate,17,H,0.1799,0.16613049,0.15993303,True,
EQ,methyl_cyclobutanecarboxylate,18,H,0.1629,0.14816536,0.14522965,True,
EQ,methyl_cyclopropanecarboxylate,1,H,0.1566,0.15224968,0.14161847,True,
EQ,methyl_cyclopropanecarboxylate,2,C,-0.2996,-0.22042411,-0.21735519,True,
EQ,methyl_cyclopropanecarboxylate,3,C,-0.3042,-0.21502635,-0.21322242,True,
EQ,methyl_cyclopropanecarboxylate,4,C,-0.1722,-0.13896534,-0.13569992,True,
EQ,methyl_cyclopropanecarboxylate,5,H,0.1659,0.16496065,0.15162709,True,
EQ,methyl_cyclopropanecarboxylate,6,H,0.1528,0.15122541,0.14065344,True,
EQ,methyl_cyclopropanecarboxylate,7,H,0.1635,0.16667869,0.15304354,True,
EQ,methyl_cyclopropanecarboxylate,8,H,0.1782,0.15397413,0.14762025,True,
EQ,methyl_cyclopropanecarboxylate,9,C,0.5929,0.49651719,0.52606692,True,
EQ,methyl_cyclopropanecarboxylate,10,O,-0.4769,-0.52669514,-0.51014603,True,
EQ,methyl_cyclopropanecarboxylate,11,O,-0.4350,-0.51090990,-0.48026989,True,
EQ,methyl_cyclopropanecarboxylate,12,C,-0.2232,-0.17154340,-0.16730803,True,
EQ,methyl_cyclopropanecarboxylate,13,H,0.1698,0.16991768,0.15736151,True,
EQ,methyl_cyclopropanecarboxylate,14,H,0.1629,0.15963701,0.14972112,True,
EQ,methyl_cyclopropanecarboxylate,15,H,0.1686,0.16840381,0.15628913,True,
EQ,Methyl_formate,1,H,0.1735,0.18760573,0.16849733,True,
EQ,Methyl_formate,2,C,-0.2274,-0.14205071,-0.14912444,True,
EQ,Methyl_formate,3,H,0.1735,0.18760573,0.16849733,True,
EQ,Methyl_formate,4,H,0.1676,0.17976528,0.16279406,True,
EQ,Methyl_formate,5,O,-0.4011,-0.48244190,-0.45531330,True,
EQ,Methyl_formate,6,C,0.3900,0.42699997,0.45098222,True,
EQ,Methyl_formate,7,O,-0.4203,-0.48239171,-0.46864889,True,
EQ,Methyl_formate,8,H,0.1442,0.12490761,0.12231568,True,
EQ,methyl_isobutanoate,1,C,0.6284,0.47162419,0.51581841,True,
EQ,methyl_isobutanoate,2,O,-0.4536,-0.51787167,-0.48345223,True,
EQ,methyl_isobutanoate,3,C,-0.2205,-0.17813352,-0.16912808,True,
EQ,methyl_isobutanoate,4,H,0.1683,0.16387586,0.15524902,True,
EQ,methyl_isobutanoate,5,H,0.1688,0.16448642,0.15548233,True,
EQ,methyl_isobutanoate,6,H,0.1619,0.15339684,0.14738057,True,
EQ,methyl_isobutanoate,7,O,-0.4828,-0.53367283,-0.51236388,True,
EQ,methyl_isobutanoate,8,C,-0.1573,-0.09222269,-0.09630147,True,
EQ,methyl_isobutanoate,9,C,-0.4377,-0.39668647,-0.38454585,True,
EQ,methyl_isobutanoate,10,C,-0.4523,-0.39914815,-0.38646815,True,
EQ,methyl_isobutanoate,11,H,0.1595,0.17606431,0.15734512,True,
EQ,methyl_isobutanoate,12,H,0.1513,0.17359813,0.15517470,True,
EQ,methyl_isobutanoate,13,H,0.1572,0.17217021,0.15532410,True,
EQ,methyl_isobutanoate,14,H,0.1534,0.15964807,0.14668742,True,
EQ,methyl_isobutanoate,15,H,0.1617,0.17944947,0.16169432,True,
EQ,methyl_isobutanoate,16,H,0.1545,0.14501370,0.13705570,True,
EQ,methyl_isobutanoate,17,H,0.1392,0.15840814,0.14504799,True,
EQ,methyl_pentanoate,1,C,-0.3595,-0.32216014,-0.30079582,True,
EQ,methyl_pentanoate,2,C,0.6245,0.50153375,0.54061103,True,
EQ,methyl_pentanoate,3,O,-0.4803,-0.54153987,-0.51569386,True,
EQ,methyl_pentanoate,4,O,-0.4521,-0.51987385,-0.48437330,True,
EQ,methyl_pentanoate,5,C,-0.2197,-0.17970233,-0.16838656,True,
EQ,methyl_pentanoate,6,H,0.1677,0.16315942,0.15609120,True,
EQ,methyl_pentanoate,7,H,0.1677,0.16315942,0.15609120,True,
EQ,methyl_pentanoate,8,H,0.1616,0.15295806,0.14871483,True,
EQ,methyl_pentanoate,9,C,-0.2420,-0.19352784,-0.19496518,True,
EQ,methyl_pentanoate,10,H,0.1707,0.16684587,0.16108077,True,
EQ,methyl_pentanoate,11,H,0.1707,0.16684587,0.16108077,True,
EQ,methyl_pentanoate,12,H,0.1469,0.15503025,0.14052933,True,
EQ,methyl_pentanoate,13,H,0.1469,0.15503025,0.14052933,True,
EQ,methyl_pentanoate,14,C,-0.2505,-0.20400495,-0.20378206,True,
EQ,methyl_pentanoate,15,C,-0.4414,-0.40916325,-0.39556076,True,
EQ,methyl_pentanoate,16,H,0.1301,0.13670928,0.12102173,True,
EQ,methyl_pentanoate,17,H,0.1301,0.13670928,0.12102173,True,
EQ,methyl_pentanoate,18,H,0.1440,0.15882677,0.14013431,True,
EQ,methyl_pentanoate,19,H,0.1408,0.15433726,0.13651701,True,
EQ,methyl_pentanoate,20,H,0.1440,0.15882677,0.14013431,True,
EQ,Methyl_propanoate,1,H,0.1605,0.17866375,0.15988138,True,
EQ,Methyl_propanoate,2,C,-0.4359,-0.35839148,-0.35426117,True,
EQ,Methyl_propanoate,3,H,0.1605,0.17866375,0.15988138,True,
EQ,Methyl_propanoate,4,C,-0.3504,-0.28432473,-0.27363483,True,
EQ,Methyl_propanoate,5,H,0.1412,0.15986386,0.14493315,True,
EQ,Methyl_propanoate,6,C,0.6251,0.50797446,0.54100521,True,
EQ,Methyl_propanoate,7,H,0.1740,0.16981022,0.15979362,True,
EQ,Methyl_propanoate,8,H,0.1740,0.16981022,0.15979362,True,
EQ,Methyl_propanoate,9,O,-0.4774,-0.53135350,-0.51182496,True,
EQ,Methyl_propanoate,10,O,-0.4500,-0.51524043,-0.48333248,True,
EQ,Methyl_propanoate,11,C,-0.2194,-0.17186352,-0.16677840,True,
EQ,Methyl_propanoate,12,H,0.1680,0.16861285,0.15722152,True,
EQ,Methyl_propanoate,13,H,0.1680,0.16861285,0.15722152,True,
EQ,Methyl_propanoate,14,H,0.1619,0.15916169,0.15010043,True,
EQ,methyl_propyl_ether,1,H,0.1299,0.13512885,0.13084121,True,
EQ,methyl_propyl_ether,2,C,-0.1912,-0.22619935,-0.20682792,True,
EQ,methyl_propyl_ether,3,H,0.1299,0.13512885,0.13084121,True,
EQ,methyl_propyl_ether,4,O,-0.4722,-0.47544514,-0.44173466,True,
EQ,methyl_propyl_ether,5,H,0.1561,0.14529995,0.13994970,True,
EQ,methyl_propyl_ether,6,C,0.0027,-0.05724313,-0.04887151,True,
EQ,methyl_propyl_ether,7,H,0.1162,0.12002383,0.11490378,True,
EQ,methyl_propyl_ether,8,H,0.1162,0.12002383,0.11490378,True,
EQ,methyl_propyl_ether,9,C,-0.2659,-0.20660116,-0.20502548,True,
EQ,methyl_propyl_ether,10,C,-0.4505,-0.42321584,-0.40136859,True,
EQ,methyl_propyl_ether,11,H,0.1466,0.14412130,0.13256132,True,
EQ,methyl_propyl_ether,12,H,0.1466,0.14412130,0.13256132,True,
EQ,methyl_propyl_ether,13,H,0.1434,0.14869456,0.13586138,True,
EQ,methyl_propyl_ether,14,H,0.1434,0.14869456,0.13586138,True,
EQ,methyl_propyl_ether,15,H,0.1488,0.14746758,0.13554308,True,
EQ,methylbutanoate,1,C,0.6233,0.50386173,0.54033354,True,
EQ,methylbutanoate,2,O,-0.4521,-0.51777004,-0.48383673,True,
EQ,methylbutanoate,3,C,-0.2198,-0.17648216,-0.16784109,True,
EQ,methylbutanoate,4,H,0.1678,0.16543327,0.15647376,True,
EQ,methylbutanoate,5,H,0.1678,0.16543327,0.15647376,True,
EQ,methylbutanoate,6,H,0.1617,0.15552860,0.14918579,True,
EQ,methylbutanoate,7,O,-0.4794,-0.53848207,-0.51523359,True,
EQ,methylbutanoate,8,C,-0.3505,-0.32114968,-0.30098368,True,
EQ,methylbutanoate,9,C,-0.2434,-0.15680081,-0.16660725,True,
EQ,methylbutanoate,10,H,0.1471,0.15964411,0.14242929,True,
EQ,methylbutanoate,11,H,0.1705,0.17074517,0.16272329,True,
EQ,methylbutanoate,12,H,0.1408,0.16269148,0.14373997,True,
EQ,methylbutanoate,13,H,0.1408,0.16269148,0.14373997,True,
EQ,methylbutanoate,14,H,0.1705,0.17074517,0.16272329,True,
EQ,methylbutanoate,15,H,0.1503,0.15238874,0.13654302,True,
EQ,methylbutanoate,16,H,0.1503,0.15238874,0.13654302,True,
EQ,methylbutanoate,17,C,-0.4457,-0.41086701,-0.39640637,True,
EQ,methylhydrazine,1,C,-0.3008,-0.27837160,-0.27520087,True,
EQ,methylhydrazine,2,N,-0.4216,-0.33391889,-0.31742607,True,
EQ,methylhydrazine,3,H,0.3125,0.23132339,0.22698471,True,
EQ,methylhydrazine,4,N,-0.5936,-0.59655548,-0.56434084,True,
EQ,methylhydrazine,5,H,0.2785,0.25552673,0.25302189,True,
EQ,methylhydrazine,6,H,0.3108,0.26437096,0.26095358,True,
EQ,methylhydrazine,7,H,0.1504,0.15772637,0.14307697,True,
EQ,methylhydrazine,8,H,0.1456,0.15050534,0.13748918,True,
EQ,methylhydrazine,9,H,0.1182,0.14939319,0.13544146,True,
EQ,methyltrifluoroacetate,1,H,0.1809,0.22037561,0.18948893,True,
EQ,methyltrifluoroacetate,2,C,-0.2250,-0.09354368,-0.11967772,True,
EQ,methyltrifluoroacetate,3,H,0.1809,0.22037561,0.18948893,True,
EQ,methyltrifluoroacetate,4,O,-0.4372,-0.43542491,-0.41353599,True,
EQ,methyltrifluoroacetate,5,H,0.1799,0.21735153,0.18780893,True,
EQ,methyltrifluoroacetate,6,C,0.5242,0.52604433,0.51814581,True,
EQ,methyltrifluoroacetate,7,O,-0.4382,-0.42581498,-0.41471904,True,
EQ,methyltrifluoroacetate,8,C,0.8034,0.49886794,0.52068503,True,
EQ,methyltrifluoroacetate,9,F,-0.2556,-0.24076273,-0.21800120,True,
EQ,methyltrifluoroacetate,10,F,-0.2566,-0.24373436,-0.21984184,True,
EQ,methyltrifluoroacetate,11,F,-0.2566,-0.24373436,-0.21984184,True,
EQ,N.N-dimethylaniline,1,N,-0.4308,-0.35918265,-0.32620544,True,
EQ,N.N-dimethylaniline,2,C,0.3323,0.17305425,0.16031206,True,
EQ,N.N-dimethylaniline,3,C,-0.1570,-0.13120864,-0.12251565,True,
EQ,N.N-dimethylaniline,4,C,-0.2266,-0.17703970,-0.16260418,True,
EQ,N.N-dimethylaniline,5,C,-0.2266,-0.17703970,-0.16260418,True,
EQ,N.N-dimethylaniline,6,C,-0.1307,-0.11202587,-0.10649419,True,
EQ,N.N-dimethylaniline,7,C,-0.1307,-0.11202587,-0.10649419,True,
EQ,N.N-dimethylaniline,8,H,0.1331,0.13223249,0.12768229,True,
EQ,N.N-dimethylaniline,9,H,0.1331,0.13223249,0.12768229,True,
EQ,N.N-dimethylaniline,10,H,0.1337,0.11757899,0.11395997,True,
EQ,N.N-dimethylaniline,11,H,0.1336,0.11757899,0.11395997,True,
EQ,N.N-dimethylaniline,12,H,0.1280,0.11988291,0.11578257,True,
EQ,N.N-dimethylaniline,13,C,-0.3123,-0.28470935,-0.27838113,True,
EQ,N.N-dimethylaniline,14,C,-0.3123,-0.28470935,-0.27838113,True,
EQ,N.N-dimethylaniline,15,H,0.1636,0.14104855,0.13035713,True,
EQ,N.N-dimethylaniline,16,H,0.1494,0.14257424,0.13201892,True,
EQ,N.N-dimethylaniline,17,H,0.1538,0.13906771,0.12977443,True,
EQ,N.N-dimethylaniline,18,H,0.1538,0.13906771,0.12977443,True,
EQ,N.N-dimethylaniline,19,H,0.1494,0.14257424,0.13201892,True,
EQ,N.N-dimethylaniline,20,H,0.1636,0.14104855,0.13035713,True,
EQ,N2O,1,N,-0.1229,0.00591225,0.00591225,True,
EQ,N2O,2,N,0.6145,0.24751271,0.24751271,True,
EQ,N2O,3,O,-0.4916,-0.25342496,-0.25342496,True,
EQ,Neopentane,1,C,-0.4354,-0.48235990,-0.44380446,True,
EQ,Neopentane,2,C,0.1017,0.19583224,0.15747012,True,
EQ,Neopentane,3,C,-0.4353,-0.48235990,-0.44380446,True,
EQ,Neopentane,4,C,-0.4354,-0.48235990,-0.44380446,True,
EQ,Neopentane,5,C,-0.4354,-0.48235990,-0.44380446,True,
EQ,Neopentane,6,H,0.1366,0.14446728,0.13481231,True,
EQ,Neopentane,7,H,0.1366,0.14446728,0.13481231,True,
EQ,Neopentane,8,H,0.1366,0.14446728,0.13481231,True,
EQ,Neopentane,9,H,0.1366,0.14446728,0.13481231,True,
EQ,Neopentane,10,H,0.1366,0.14446728,0.13481231,True,
EQ,Neopentane,11,H,0.1366,0.14446728,0.13481231,True,
EQ,Neopentane,12,H,0.1366,0.14446728,0.13481231,True,
EQ,Neopentane,13,H,0.1366,0.14446728,0.13481231,True,
EQ,Neopentane,14,H,0.1366,0.14446728,0.13481231,True,
EQ,Neopentane,15,H,0.1366,0.14446728,0.13481231,True,
EQ,Neopentane,16,H,0.1366,0.14446728,0.13481231,True,
EQ,Neopentane,17,H,0.1366,0.14446728,0.13481231,True,
EQ,NF3,1,F,-0.1712,-0.15601567,-0.15566786,True,
EQ,NF3,2,N,0.5138,0.46804811,0.46700492,True,
EQ,NF3,3,F,-0.1712,-0.15601567,-0.15566786,True,
EQ,NF3,4,F,-0.1713,-0.15601677,-0.15566920,True,
EQ,nitrofluorobenzene,1,F,-0.2730,-0.29160123,-0.28556598,True,
EQ,nitrofluorobenzene,2,C,0.4019,0.24496499,0.23210697,True,
EQ,nitrofluorobenzene,3,C,0.2552,0.14261115,0.09844994,True,
EQ,nitrofluorobenzene,4,C,-0.2108,-0.11604128,-0.11599230,True,
EQ,nitrofluorobenzene,5,C,-0.2108,-0.11604128,-0.11599230,True,
EQ,nitrofluorobenzene,6,C,-0.1732,-0.06566919,-0.06607141,True,
EQ,nitrofluorobenzene,7,C,-0.1732,-0.06566919,-0.06607141,True,
EQ,nitrofluorobenzene,8,H,0.1785,0.19573442,0.17833235,True,
EQ,nitrofluorobenzene,9,H,0.1785,0.19573442,0.17833235,True,
EQ,nitrofluorobenzene,10,H,0.2086,0.20408957,0.18139967,True,
EQ,nitrofluorobenzene,11,H,0.2087,0.20408957,0.18139967,True,
EQ,nitrofluorobenzene,12,N,0.3956,0.16009317,0.23387982,True,
EQ,nitrofluorobenzene,13,O,-0.3930,-0.34614755,-0.31710369,True,
EQ,nitrofluorobenzene,14,O,-0.3930,-0.34614755,-0.31710369,True,
EQ,NO,1,O,-0.1162,-0.26077773,-0.26077773,True,
EQ,NO,2,N,0.1162,0.26077773,0.26077773,True,
EQ,NO2,1,O,-0.2372,-0.23581043,-0.23580792,True,
EQ,NO2,2,N,0.4743,0.47162087,0.47161583,True,
EQ,NO2,3,O,-0.2372,-0.23581043,-0.23580792,True,
EQ,o-cresol,1,C,-0.5442,-0.42775222,-0.40876502,True,
EQ,o-cresol,2,C,0.0615,0.00499380,0.00590867,True,
EQ,o-cresol,3,C,-0.1235,-0.10628691,-0.10166165,True,
EQ,o-cresol,4,C,0.3196,0.21564868,0.21054882,True,
EQ,o-cresol,5,C,-0.1705,-0.14139040,-0.13288804,True,
EQ,o-cresol,6,C,-0.1570,-0.11557515,-0.11044577,True,
EQ,o-cresol,7,C,-0.2115,-0.15823387,-0.14877496,True,
EQ,o-cresol,8,O,-0.6318,-0.60244251,-0.58322959,True,
EQ,o-cresol,9,H,0.1351,0.13305776,0.12704187,True,
EQ,o-cresol,10,H,0.1315,0.12868006,0.12265563,True,
EQ,o-cresol,11,H,0.1502,0.15964656,0.15075189,True,
EQ,o-cresol,12,H,0.1382,0.12994118,0.12386905,True,
EQ,o-cresol,13,H,0.1595,0.16790523,0.15310073,True,
EQ,o-cresol,14,H,0.1699,0.16278410,0.14970530,True,
EQ,o-cresol,15,H,0.1595,0.16790523,0.15310073,True,
EQ,o-cresol,16,H,0.4135,0.28111845,0.28908234,True,
EQ,o-xylene,1,C,-0.5062,-0.44984862,-0.42249888,True,
EQ,o-xylene,2,C,0.0868,0.03256326,0.02958481,True,
EQ,o-xylene,3,C,-0.1390,-0.12368504,-0.11721795,True,
EQ,o-xylene,4,C,0.0868,0.03256326,0.02958481,True,
EQ,o-xylene,5,C,-0.1800,-0.16130062,-0.15072477,True,
EQ,o-xylene,6,C,-0.1390,-0.12368504,-0.11721795,True,
EQ,o-xylene,7,C,-0.1800,-0.16130062,-0.15072477,True,
EQ,o-xylene,8,C,-0.5062,-0.44984862,-0.42249888,True,
EQ,o-xylene,9,H,0.1330,0.12363842,0.11842221,True,
EQ,o-xylene,10,H,0.1331,0.11683679,0.11246705,True,
EQ,o-xylene,11,H,0.1330,0.12363842,0.11842221,True,
EQ,o-xylene,12,H,0.1331,0.11683679,0.11246705,True,
EQ,o-xylene,13,H,0.1591,0.15467686,0.14412791,True,
EQ,o-xylene,14,H,0.1541,0.15244210,0.14171170,True,
EQ,o-xylene,15,H,0.1591,0.15467686,0.14412791,True,
EQ,o-xylene,16,H,0.1591,0.15467686,0.14412791,True,
EQ,o-xylene,17,H,0.1591,0.15467686,0.14412791,True,
EQ,o-xylene,18,H,0.1541,0.15244210,0.14171170,True,
EQ,O2N-CF2-CF2-NO2,1,F,-0.2255,-0.17790801,-0.17574236,True,
EQ,O2N-CF2-CF2-NO2,2,C,0.7252,0.47665345,0.44916700,True,
EQ,O2N-CF2-CF2-NO2,3,F,-0.2255,-0.17790801,-0.17574236,True,
EQ,O2N-CF2-CF2-NO2,4,C,0.7252,0.47665345,0.44916700,True,
EQ,O2N-CF2-CF2-NO2,5,N,0.3574,0.27510706,0.29301233,True,
EQ,O2N-CF2-CF2-NO2,6,N,0.3575,0.27510706,0.29301233,True,
EQ,O2N-CF2-CF2-NO2,7,F,-0.2255,-0.17790801,-0.17574236,True,
EQ,O2N-CF2-CF2-NO2,8,F,-0.2255,-0.17790801,-0.17574236,True,
EQ,O2N-CF2-CF2-NO2,9,O,-0.3158,-0.19797225,-0.19534731,True,
EQ,O2N-CF2-CF2-NO2,10,O,-0.3158,-0.19797225,-0.19534731,True,
EQ,O2N-CF2-CF2-NO2,11,O,-0.3157,-0.19797225,-0.19534731,True,
EQ,O2N-CF2-CF2-NO2,12,O,-0.3158,-0.19797225,-0.19534731,True,
EQ,octane,1,H,0.1407,0.13833990,0.13037093,True,
EQ,octane,2,C,-0.4408,-0.43465772,-0.40590160,True,
EQ,octane,3,H,0.1403,0.13868135,0.13068652,True,
EQ,octane,4,C,-0.2485,-0.20863565,-0.20244349,True,
EQ,octane,5,H,0.1387,0.13473245,0.12719070,True,
EQ,octane,6,C,-0.2493,-0.24145417,-0.22860502,True,
EQ,octane,7,H,0.1301,0.11743955,0.11117606,True,
EQ,octane,8,H,0.1354,0.12069086,0.11423162,True,
EQ,octane,9,H,0.1316,0.12391997,0.11705693,True,
EQ,octane,10,H,0.1261,0.11849898,0.11197140,True,
EQ,octane,11,C,-0.2579,-0.24685183,-0.23251978,True,
EQ,octane,12,H,0.1238,0.11747629,0.11162763,True,
EQ,octane,13,H,0.1239,0.11722642,0.11143036,True,
EQ,octane,14,C,-0.2563,-0.24109005,-0.22831181,True,
EQ,octane,15,C,-0.2466,-0.24134068,-0.22944738,True,
EQ,octane,16,H,0.1262,0.11679578,0.11076777,True,
EQ,octane,17,H,0.1318,0.12215681,0.11582261,True,
EQ,octane,18,H,0.1323,0.12758525,0.12007872,True,
EQ,octane,19,H,0.1267,0.12433627,0.11700585,True,
EQ,octane,20,C,-0.2468,-0.21648454,-0.20829802,True,
EQ,octane,21,C,-0.4407,-0.43241988,-0.40404447,True,
EQ,octane,22,H,0.1303,0.11664904,0.11068038,True,
EQ,octane,23,H,0.1300,0.11695763,0.11098444,True,
EQ,octane,24,H,0.1398,0.13850058,0.13072858,True,
EQ,octane,25,H,0.1403,0.13842430,0.13064144,True,
EQ,octane,26,H,0.1389,0.13452311,0.12711963,True,
EQ,octanenitrile,1,H,0.1414,0.15042658,0.13404998,True,
EQ,octanenitrile,2,C,-0.4414,-0.41857094,-0.40100904,True,
EQ,octanenitrile,3,H,0.1414,0.15042658,0.13404998,True,
EQ,octanenitrile,4,C,-0.2479,-0.20538754,-0.20438987,True,
EQ,octanenitrile,5,H,0.1419,0.14801141,0.13170326,True,
EQ,octanenitrile,6,C,-0.2464,-0.23904271,-0.23093840,True,
EQ,octanenitrile,7,H,0.1324,0.12820573,0.11466078,True,
EQ,octanenitrile,8,H,0.1324,0.12820573,0.11466078,True,
EQ,octanenitrile,9,H,0.1292,0.13363245,0.12052148,True,
EQ,octanenitrile,10,H,0.1292,0.13363245,0.12052148,True,
EQ,octanenitrile,11,C,-0.2550,-0.23736840,-0.22912816,True,
EQ,octanenitrile,12,C,-0.2571,-0.23886027,-0.22880943,True,
EQ,octanenitrile,13,H,0.1338,0.13353047,0.12182562,True,
EQ,octanenitrile,14,H,0.1338,0.13353047,0.12182562,True,
EQ,octanenitrile,15,H,0.1339,0.13444537,0.12410329,True,
EQ,octanenitrile,16,H,0.1339,0.13444537,0.12410329,True,
EQ,octanenitrile,17,C,-0.2660,-0.20952506,-0.20455304,True,
EQ,octanenitrile,18,C,-0.3362,-0.32772222,-0.29433136,True,
EQ,octanenitrile,19,H,0.1569,0.13952823,0.13223468,True,
EQ,octanenitrile,20,H,0.1569,0.13952823,0.13223468,True,
EQ,octanenitrile,21,H,0.1904,0.15075144,0.15071269,True,
EQ,octanenitrile,22,H,0.1904,0.15075144,0.15071269,True,
EQ,octanenitrile,23,C,0.3472,0.24389779,0.27649133,True,
EQ,octanenitrile,24,N,-0.4750,-0.45647260,-0.41125235,True,
EQ,Oxetane,1,H,0.1374,0.13221703,0.12509497,True,
EQ,Oxetane,2,C,0.0022,-0.04132244,-0.04356060,True,
EQ,Oxetane,3,O,-0.4991,-0.46708155,-0.43023139,True,
EQ,Oxetane,4,C,-0.3576,-0.26476242,-0.25047457,True,
EQ,Oxetane,5,C,0.0022,-0.04132244,-0.04356060,True,
EQ,Oxetane,6,H,0.1374,0.13221703,0.12509497,True,
EQ,Oxetane,7,H,0.1361,0.13197999,0.12486082,True,
EQ,Oxetane,8,H,0.1361,0.13197999,0.12486082,True,
EQ,Oxetane,9,H,0.1518,0.14232667,0.13335128,True,
EQ,Oxetane,10,H,0.1535,0.14376814,0.13456429,True,
EQ,p-cresol,1,C,-0.5105,-0.45122058,-0.42704512,True,
EQ,p-cresol,2,C,0.1107,0.07476575,0.06865708,True,
EQ,p-cresol,3,C,0.3234,0.25567964,0.24692482,True,
EQ,p-cresol,4,C,-0.1639,-0.14343028,-0.13478216,True,
EQ,p-cresol,5,C,-0.1639,-0.14343028,-0.13478216,True,
EQ,p-cresol,6,C,-0.1960,-0.17388567,-0.16376220,True,
EQ,p-cresol,7,C,-0.1960,-0.17388567,-0.16376220,True,
EQ,p-cresol,8,H,0.1365,0.13527396,0.12885937,True,
EQ,p-cresol,9,H,0.1365,0.13527396,0.12885937,True,
EQ,p-cresol,10,H,0.1459,0.15525085,0.14681017,True,
EQ,p-cresol,11,H,0.1459,0.15525085,0.14681017,True,
EQ,p-cresol,12,O,-0.6521,-0.60642381,-0.58769674,True,
EQ,p-cresol,13,H,0.4090,0.28182059,0.28753270,True,
EQ,p-cresol,14,H,0.1642,0.16751933,0.15355728,True,
EQ,p-cresol,15,H,0.1551,0.16572068,0.15190980,True,
EQ,p-cresol,16,H,0.1551,0.16572068,0.15190980,True,
EQ,p-xylene,1,C,-0.5113,-0.46466016,-0.43487608,True,
EQ,p-xylene,2,C,0.1247,0.07238871,0.06494971,True,
EQ,p-xylene,3,C,0.1246,0.07238871,0.06494971,True,
EQ,p-xylene,4,C,-0.1755,-0.16238425,-0.15196385,True,
EQ,p-xylene,5,C,-0.1754,-0.16238425,-0.15196385,True,
EQ,p-xylene,6,C,-0.1755,-0.16238425,-0.15196385,True,
EQ,p-xylene,7,C,-0.1754,-0.16238425,-0.15196385,True,
EQ,p-xylene,8,H,0.1326,0.12440912,0.11898352,True,
EQ,p-xylene,9,H,0.1326,0.12440912,0.11898352,True,
EQ,p-xylene,10,H,0.1326,0.12440912,0.11898352,True,
EQ,p-xylene,11,H,0.1326,0.12440912,0.11898352,True,
EQ,p-xylene,12,C,-0.5113,-0.46466016,-0.43487608,True,
EQ,p-xylene,13,H,0.1647,0.15750284,0.14664215,True,
EQ,p-xylene,14,H,0.1538,0.15535942,0.14462244,True,
EQ,p-xylene,15,H,0.1538,0.15535942,0.14462244,True,
EQ,p-xylene,16,H,0.1647,0.15750284,0.14664215,True,
EQ,p-xylene,17,H,0.1538,0.15535942,0.14462244,True,
EQ,p-xylene,18,H,0.1538,0.15535942,0.14462244,True,
EQ,pentane,1,H,0.1402,0.13872613,0.13081884,True,
EQ,pentane,2,C,-0.4407,-0.43223637,-0.40402959,True,
EQ,pentane,3,H,0.1402,0.13872613,0.13081884,True,
EQ,pentane,4,C,-0.2462,-0.21494595,-0.20715936,True,
EQ,pentane,5,H,0.1386,0.13475628,0.12726080,True,
EQ,pentane,6,C,-0.2373,-0.24804621,-0.23442393,True,
EQ,pentane,7,H,0.1300,0.11686832,0.11089247,True,
EQ,pentane,8,H,0.1300,0.11686832,0.11089247,True,
EQ,pentane,9,H,0.1266,0.12526023,0.11771749,True,
EQ,pentane,10,H,0.1266,0.12526023,0.11771749,True,
EQ,pentane,11,C,-0.2462,-0.21494595,-0.20715936,True,
EQ,pentane,12,C,-0.4407,-0.43223637,-0.40402959,True,
EQ,pentane,13,H,0.1300,0.11686832,0.11089247,True,
EQ,pentane,14,H,0.1300,0.11686832,0.11089247,True,
EQ,pentane,15,H,0.1402,0.13872613,0.13081884,True,
EQ,pentane,16,H,0.1402,0.13872613,0.13081884,True,
EQ,pentane,17,H,0.1386,0.13475628,0.12726080,True,
EQ,pentanenitrile,1,H,0.1482,0.15740553,0.14016365,True,
EQ,pentanenitrile,2,C,-0.4438,-0.41104117,-0.39577778,True,
EQ,pentanenitrile,3,H,0.1482,0.15740553,0.14016365,True,
EQ,pentanenitrile,4,C,-0.2520,-0.20276367,-0.20197705,True,
EQ,pentanenitrile,5,H,0.1485,0.15391745,0.13757319,True,
EQ,pentanenitrile,6,C,-0.2586,-0.20752147,-0.20500652,True,
EQ,pentanenitrile,7,H,0.1380,0.13500741,0.12101501,True,
EQ,pentanenitrile,8,H,0.1380,0.13500741,0.12101501,True,
EQ,pentanenitrile,9,H,0.1574,0.14515347,0.13385697,True,
EQ,pentanenitrile,10,H,0.1574,0.14515347,0.13385697,True,
EQ,pentanenitrile,11,C,-0.3357,-0.32396225,-0.29446550,True,
EQ,pentanenitrile,12,C,0.3459,0.24884946,0.27696242,True,
EQ,pentanenitrile,13,H,0.1910,0.15493712,0.15107152,True,
EQ,pentanenitrile,14,H,0.1910,0.15493712,0.15107152,True,
EQ,pentanenitrile,15,N,-0.4735,-0.44248539,-0.40952307,True,
EQ,pentylamine,1,H,0.2886,0.26095683,0.27736213,False,SQE residual 2.51e-02 Hartree/e
EQ,pentylamine,2,N,-0.7037,-0.76754452,-0.69403333,False,SQE residual 2.51e-02 Hartree/e
EQ,pentylamine,3,H,0.2886,0.26095683,0.27736153,False,SQE residual 2.51e-02 Hartree/e
EQ,pentylamine,4,C,-0.1409,-0.05131567,-0.06585766,False,SQE residual 2.51e-02 Hartree/e
EQ,pentylamine,5,H,0.1405,0.11800950,0.11359966,False,SQE residual 2.51e-02 Hartree/e
EQ,pentylamine,6,C,-0.2602,-0.26785553,-0.25667834,False,SQE residual 2.51e-02 Hartree/e
EQ,pentylamine,7,H,0.1405,0.11800950,0.11359871,False,SQE residual 2.51e-02 Hartree/e
EQ,pentylamine,8,C,-0.2488,-0.24122665,-0.23119978,False,SQE residual 2.51e-02 Hartree/e
EQ,pentylamine,9,H,0.1221,0.13415421,0.11462887,False,SQE residual 2.51e-02 Hartree/e
EQ,pentylamine,10,H,0.1222,0.13415421,0.11462825,False,SQE residual 2.51e-02 Hartree/e
EQ,pentylamine,11,H,0.1286,0.12880150,0.11659849,False,SQE residual 2.51e-02 Hartree/e
EQ,pentylamine,12,C,-0.2461,-0.20896781,-0.20481681,False,SQE residual 2.51e-02 Hartree/e
EQ,pentylamine,13,H,0.1286,0.12880150,0.11659874,False,SQE residual 2.51e-02 Hartree/e
EQ,pentylamine,14,C,-0.4404,-0.42509789,-0.40461457,False,SQE residual 2.51e-02 Hartree/e
EQ,pentylamine,15,H,0.1299,0.12310433,0.11332810,False,SQE residual 2.51e-02 Hartree/e
EQ,pentylamine,16,H,0.1299,0.12310433,0.11332867,False,SQE residual 2.51e-02 Hartree/e
EQ,pentylamine,17,H,0.1408,0.14511398,0.12988994,False,SQE residual 2.51e-02 Hartree/e
EQ,pentylamine,18,H,0.1392,0.14172736,0.12638643,False,SQE residual 2.51e-02 Hartree/e
EQ,pentylamine,19,H,0.1408,0.14511398,0.12989096,False,SQE residual 2.51e-02 Hartree/e
EQ,piperidine,1,H,0.2926,0.22361385,0.22283059,True,
EQ,piperidine,2,N,-0.5475,-0.54985397,-0.50114021,True,
EQ,piperidine,3,H,0.1341,0.10956057,0.10457195,True,
EQ,piperidine,4,C,-0.1274,-0.07942277,-0.08578932,True,
EQ,piperidine,5,H,0.1341,0.10956057,0.10457195,True,
EQ,piperidine,6,H,0.1062,0.10899286,0.10438322,True,
EQ,piperidine,7,C,-0.2524,-0.23897317,-0.22656109,True,
EQ,piperidine,8,H,0.1290,0.11542923,0.10867589,True,
EQ,piperidine,9,C,-0.2624,-0.21785780,-0.21063725,True,
EQ,piperidine,10,H,0.1402,0.13734689,0.12742765,True,
EQ,piperidine,11,H,0.1314,0.11552268,0.10877806,True,
EQ,piperidine,12,H,0.1264,0.12270802,0.11475220,True,
EQ,piperidine,13,C,-0.2524,-0.23897317,-0.22656109,True,
EQ,piperidine,14,H,0.1402,0.13734689,0.12742765,True,
EQ,piperidine,15,H,0.1290,0.11542923,0.10867589,True,
EQ,piperidine,16,C,-0.1275,-0.07942277,-0.08578932,True,
EQ,piperidine,17,H,0.1062,0.10899286,0.10438322,True,
EQ,propane,1,H,0.1402,0.14030666,0.13174688,True,
EQ,propane,2,C,-0.4304,-0.43278057,-0.40399221,True,
EQ,propane,3,H,0.1402,0.14030666,0.13174688,True,
EQ,propane,4,C,-0.2454,-0.19058203,-0.18737963,True,
EQ,propane,5,H,0.1396,0.13488816,0.12703091,True,
EQ,propane,6,C,-0.4304,-0.43278057,-0.40399221,True,
EQ,propane,7,H,0.1331,0.11257011,0.10715736,True,
EQ,propane,8,H,0.1331,0.11257011,0.10715736,True,
EQ,propane,9,H,0.1402,0.14030666,0.13174688,True,
EQ,propane,10,H,0.1402,0.14030666,0.13174688,True,
EQ,propane,11,H,0.1396,0.13488816,0.12703091,True,
EQ,propanitrile,1,H,0.1610,0.16108222,0.14699357,True,
EQ,propanitrile,2,C,-0.4472,-0.37276497,-0.36487972,True,
EQ,propanitrile,3,H,0.1720,0.17024780,0.15387406,True,
EQ,propanitrile,4,C,-0.3355,-0.28385918,-0.26671245,True,
EQ,propanitrile,5,H,0.1720,0.17024780,0.15387406,True,
EQ,propanitrile,6,H,0.1958,0.15909953,0.15014565,True,
EQ,propanitrile,7,H,0.1958,0.15909953,0.15014565,True,
EQ,propanitrile,8,C,0.3502,0.25623058,0.27803882,True,
EQ,propanitrile,9,N,-0.4642,-0.41938332,-0.40147964,True,
EQ,propene,1,C,-0.4837,-0.44465331,-0.41701054,True,
EQ,propene,2,C,-0.0428,-0.05517967,-0.05517202,True,
EQ,propene,3,C,-0.3327,-0.33485035,-0.31516254,True,
EQ,propene,4,H,0.1264,0.10439877,0.10104304,True,
EQ,propene,5,H,0.1331,0.14345857,0.13592310,True,
EQ,propene,6,H,0.1348,0.13880368,0.13161568,True,
EQ,propene,7,H,0.1527,0.15194585,0.14187588,True,
EQ,propene,8,H,0.1561,0.14803823,0.13844371,True,
EQ,propene,9,H,0.1561,0.14803823,0.13844371,True,
EQ,propyl_acetate,1,C,0.6086,0.53845350,0.56552060,True,
EQ,propyl_acetate,2,O,-0.4547,-0.53536549,-0.49719970,True,
EQ,propyl_acetate,3,C,-0.0238,-0.02378863,-0.02182732,True,
EQ,propyl_acetate,4,O,-0.4730,-0.54192131,-0.51908506,True,
EQ,propyl_acetate,5,C,-0.5242,-0.49679097,-0.46681633,True,
EQ,propyl_acetate,6,H,0.1537,0.14765134,0.13765720,True,
EQ,propyl_acetate,7,H,0.1537,0.14765134,0.13765720,True,
EQ,propyl_acetate,8,C,-0.2754,-0.20038126,-0.20301846,True,
EQ,propyl_acetate,9,C,-0.4510,-0.40787346,-0.39511521,True,
EQ,propyl_acetate,10,H,0.1471,0.15516214,0.13814493,True,
EQ,propyl_acetate,11,H,0.1471,0.15516214,0.13814493,True,
EQ,propyl_acetate,12,H,0.1485,0.16224441,0.14288210,True,
EQ,propyl_acetate,13,H,0.1525,0.15925586,0.14123096,True,
EQ,propyl_acetate,14,H,0.1485,0.16224441,0.14288210,True,
EQ,propyl_acetate,15,H,0.1807,0.19373707,0.18690619,True,
EQ,propyl_acetate,16,H,0.1808,0.19227947,0.18601792,True,
EQ,propyl_acetate,17,H,0.1808,0.19227947,0.18601792,True,
EQ,Propyl_formate,1,H,0.1626,0.16741847,0.14853249,True,
EQ,Propyl_formate,2,C,-0.2701,-0.19557862,-0.20226488,True,
EQ,Propyl_formate,3,H,0.1466,0.15662028,0.13651863,True,
EQ,Propyl_formate,4,C,-0.0563,-0.04484150,-0.03863045,True,
EQ,Propyl_formate,5,C,-0.4540,-0.39919166,-0.39052967,True,
EQ,Propyl_formate,6,O,-0.3961,-0.49621081,-0.45913952,True,
EQ,Propyl_formate,7,H,0.1671,0.15307470,0.14590379,True,
EQ,Propyl_formate,8,H,0.1475,0.13375828,0.12491176,True,
EQ,Propyl_formate,9,C,0.4028,0.40791791,0.44805819,True,
EQ,Propyl_formate,10,O,-0.4156,-0.47883747,-0.45593929,True,
EQ,Propyl_formate,11,H,0.1070,0.09030337,0.10169566,True,
EQ,Propyl_formate,12,H,0.1589,0.16870954,0.14802178,True,
EQ,Propyl_formate,13,H,0.1485,0.16732451,0.14511482,True,
EQ,Propyl_formate,14,H,0.1510,0.16953301,0.14774672,True,
EQ,propyl_propanoate,1,C,-0.3527,-0.28912916,-0.27461721,True,
EQ,propyl_propanoate,2,C,0.6305,0.49386090,0.53144082,True,
EQ,propyl_propanoate,3,O,-0.4799,-0.54258699,-0.51805390,True,
EQ,propyl_propanoate,4,O,-0.4684,-0.53800167,-0.49919360,True,
EQ,propyl_propanoate,5,C,-0.0229,-0.02607109,-0.02305198,True,
EQ,propyl_propanoate,6,H,0.1528,0.14441216,0.13602643,True,
EQ,propyl_propanoate,7,H,0.1528,0.14441216,0.13602643,True,
EQ,propyl_propanoate,8,C,-0.2750,-0.20405173,-0.20433515,True,
EQ,propyl_propanoate,9,C,-0.4509,-0.41213876,-0.39621944,True,
EQ,propyl_propanoate,10,H,0.1469,0.15133437,0.13667674,True,
EQ,propyl_propanoate,11,H,0.1469,0.15133437,0.13667674,True,
EQ,propyl_propanoate,12,H,0.1483,0.15850964,0.14168813,True,
EQ,propyl_propanoate,13,H,0.1523,0.15519582,0.13976668,True,
EQ,propyl_propanoate,14,H,0.1483,0.15850964,0.14168813,True,
EQ,propyl_propanoate,15,C,-0.4358,-0.36629081,-0.35617983,True,
EQ,propyl_propanoate,16,H,0.1730,0.16214938,0.15677413,True,
EQ,propyl_propanoate,17,H,0.1730,0.16214938,0.15677413,True,
EQ,propyl_propanoate,18,H,0.1602,0.17199611,0.15789214,True,
EQ,propyl_propanoate,19,H,0.1602,0.17199611,0.15789214,True,
EQ,propyl_propanoate,20,H,0.1405,0.15241018,0.14232848,True,
EQ,propylamine,1,H,0.1403,0.14571291,0.13349004,True,
EQ,propylamine,2,C,-0.4443,-0.42488335,-0.40224643,True,
EQ,propylamine,3,H,0.1430,0.14736653,0.13508041,True,
EQ,propylamine,4,C,-0.2452,-0.21786718,-0.21303908,True,
EQ,propylamine,5,H,0.1430,0.14488909,0.13311180,True,
EQ,propylamine,6,C,-0.1201,-0.05250683,-0.06082693,True,
EQ,propylamine,7,H,0.1253,0.13237528,0.12074566,True,
EQ,propylamine,8,H,0.1491,0.14210341,0.12981264,True,
EQ,propylamine,9,H,0.1378,0.11975110,0.11367317,True,
EQ,propylamine,10,H,0.1098,0.10823277,0.10289488,True,
EQ,propylamine,11,N,-0.7180,-0.76553344,-0.71088568,True,
EQ,propylamine,12,H,0.2888,0.26137473,0.26060893,True,
EQ,propylamine,13,H,0.2905,0.25898498,0.25758058,True,
EQ,pyridazine,1,H,0.1621,0.13801021,0.13117235,True,
EQ,pyridazine,2,C,0.0452,0.04190238,0.04232745,True,
EQ,pyridazine,3,C,0.0453,0.04190238,0.04232745,True,
EQ,pyridazine,4,N,-0.2500,-0.21135467,-0.20209352,True,
EQ,pyridazine,5,C,-0.1114,-0.11215241,-0.10747015,True,
EQ,pyridazine,6,C,-0.1114,-0.11215241,-0.10747015,True,
EQ,pyridazine,7,H,0.1621,0.13801021,0.13117235,True,
EQ,pyridazine,8,N,-0.2499,-0.21135467,-0.20209352,True,
EQ,pyridazine,9,H,0.1540,0.14359450,0.13606388,True,
EQ,pyridazine,10,H,0.1540,0.14359450,0.13606388,True,
EQ,pyridimine,1,N,-0.3901,-0.42011171,-0.40346829,True,
EQ,pyridimine,2,N,-0.3901,-0.42011171,-0.40346829,True,
EQ,pyridimine,3,C,0.0521,0.11343145,0.10870594,True,
EQ,pyridimine,4,C,0.1764,0.26431396,0.25650850,True,
EQ,pyridimine,5,C,0.0521,0.11343145,0.10870594,True,
EQ,pyridimine,6,C,-0.1237,-0.19367872,-0.18277635,True,
EQ,pyridimine,7,H,0.1549,0.13101941,0.12451638,True,
EQ,pyridimine,8,H,0.1617,0.12532586,0.11965115,True,
EQ,pyridimine,9,H,0.1549,0.13101941,0.12451638,True,
EQ,pyridimine,10,H,0.1517,0.15536061,0.14710862,True,
EQ,pyrrole,1,H,0.1196,0.12977326,0.12332355,True,
EQ,pyrrole,2,C,-0.1697,-0.14401663,-0.13695881,True,
EQ,pyrrole,3,C,0.0207,0.08552085,0.07958814,True,
EQ,pyrrole,4,C,-0.1697,-0.14401663,-0.13695881,True,
EQ,pyrrole,5,H,0.1367,0.10344037,0.09947604,True,
EQ,pyrrole,6,H,0.3298,0.25712427,0.25191582,True,
EQ,pyrrole,7,C,0.0207,0.08552085,0.07958814,True,
EQ,pyrrole,8,H,0.1196,0.12977326,0.12332355,True,
EQ,pyrrole,9,N,-0.5443,-0.60655995,-0.58277367,True,
EQ,pyrrole,10,H,0.1367,0.10344037,0.09947604,True,
EQ,pyrrolidine,1,H,0.1359,0.11858733,0.11157248,True,
EQ,pyrrolidine,2,C,-0.2737,-0.23183974,-0.22105217,True,
EQ,pyrrolidine,3,H,0.1459,0.12985196,0.12112690,True,
EQ,pyrrolidine,4,C,-0.2737,-0.23183974,-0.22105217,True,
EQ,pyrrolidine,5,C,-0.1239,-0.08107033,-0.08726440,True,
EQ,pyrrolidine,6,H,0.1459,0.12985196,0.12112690,True,
EQ,pyrrolidine,7,H,0.1359,0.11858733,0.11157248,True,
EQ,pyrrolidine,8,C,-0.1239,-0.08107033,-0.08726440,True,
EQ,pyrrolidine,9,H,0.1384,0.11383655,0.10830414,True,
EQ,pyrrolidine,10,H,0.1105,0.10922155,0.10399041,True,
EQ,pyrrolidine,11,H,0.2909,0.22697578,0.22553952,True,
EQ,pyrrolidine,12,H,0.1384,0.11383655,0.10830414,True,
EQ,pyrrolidine,13,N,-0.5571,-0.54415043,-0.49889424,True,
EQ,pyrrolidine,14,H,0.1105,0.10922155,0.10399041,True,
EQ,quinoline,1,H,0.1422,0.12202838,0.11676845,True,
EQ,quinoline,2,C,0.0288,0.07102842,0.06895129,True,
EQ,quinoline,3,C,-0.1828,-0.13554086,-0.12871112,True,
EQ,quinoline,4,N,-0.4424,-0.42725975,-0.40815716,True,
EQ,quinoline,5,C,-0.1175,-0.11674735,-0.11114865,True,
EQ,quinoline,6,C,0.2125,0.20864508,0.19998921,True,
EQ,quinoline,7,C,-0.1413,-0.15387572,-0.14536342,True,
EQ,quinoline,8,C,0.0812,-0.00911021,-0.00841963,True,
EQ,quinoline,9,C,-0.1704,-0.16361594,-0.15381567,True,
EQ,quinoline,10,H,0.1397,0.13584333,0.12941553,True,
EQ,quinoline,11,H,0.1436,0.13429473,0.12721071,True,
EQ,quinoline,12,H,0.1408,0.13249370,0.12603336,True,
EQ,quinoline,13,C,-0.1397,-0.10181974,-0.09846292,True,
EQ,quinoline,14,H,0.1532,0.15687522,0.14750086,True,
EQ,quinoline,15,H,0.1458,0.13024351,0.12361474,True,
EQ,quinoline,16,C,-0.1363,-0.11328919,-0.10852874,True,
EQ,quinoline,17,H,0.1426,0.12980638,0.12312315,True,
EQ,secbutyl_methyl_ether,1,H,0.1420,0.14449485,0.13360883,True,
EQ,secbutyl_methyl_ether,2,C,-0.2622,-0.24082285,-0.23227678,True,
EQ,secbutyl_methyl_ether,3,H,0.1326,0.13393575,0.12321462,True,
EQ,secbutyl_methyl_ether,4,C,0.1663,0.12467273,0.11581655,True,
EQ,secbutyl_methyl_ether,5,C,-0.4532,-0.41774846,-0.39547933,True,
EQ,secbutyl_methyl_ether,6,O,-0.4788,-0.48980913,-0.45302204,True,
EQ,secbutyl_methyl_ether,7,C,-0.4582,-0.43917305,-0.41528813,True,
EQ,secbutyl_methyl_ether,8,H,0.1066,0.09784804,0.09404954,True,
EQ,secbutyl_methyl_ether,9,H,0.1514,0.16606056,0.15308550,True,
EQ,secbutyl_methyl_ether,10,H,0.1437,0.14680236,0.13695595,True,
EQ,secbutyl_methyl_ether,11,H,0.1524,0.16473229,0.15097716,True,
EQ,secbutyl_methyl_ether,12,H,0.1452,0.14266872,0.13195320,True,
EQ,secbutyl_methyl_ether,13,H,0.1415,0.14435261,0.13312942,True,
EQ,secbutyl_methyl_ether,14,H,0.1496,0.14626599,0.13553471,True,
EQ,secbutyl_methyl_ether,15,C,-0.1979,-0.23018355,-0.20840457,True,
EQ,secbutyl_methyl_ether,16,H,0.1557,0.14273318,0.13820781,True,
EQ,secbutyl_methyl_ether,17,H,0.1308,0.13202254,0.12901075,True,
EQ,secbutyl_methyl_ether,18,H,0.1328,0.13114742,0.12892681,True,
EQ,secbutylamine,1,H,0.1401,0.14260148,0.13161033,True,
EQ,secbutylamine,2,C,-0.4507,-0.41988407,-0.39718226,True,
EQ,secbutylamine,3,H,0.1477,0.14462858,0.13392684,True,
EQ,secbutylamine,4,C,-0.2425,-0.24493407,-0.23430454,True,
EQ,secbutylamine,5,H,0.1426,0.14128038,0.13046860,True,
EQ,secbutylamine,6,C,0.0552,0.13467882,0.10855553,True,
EQ,secbutylamine,7,H,0.1220,0.13183974,0.12013595,True,
EQ,secbutylamine,8,H,0.1445,0.14363828,0.13157234,True,
EQ,secbutylamine,9,C,-0.4450,-0.45038756,-0.42253536,True,
EQ,secbutylamine,10,H,0.1018,0.08778690,0.08449381,True,
EQ,secbutylamine,11,N,-0.7228,-0.79475111,-0.73205956,True,
EQ,secbutylamine,12,H,0.1435,0.14513427,0.13521869,True,
EQ,secbutylamine,13,H,0.1336,0.15276262,0.13913221,True,
EQ,secbutylamine,14,H,0.1547,0.16386246,0.15034942,True,
EQ,secbutylamine,15,H,0.2877,0.25966647,0.25933512,True,
EQ,secbutylamine,16,H,0.2875,0.26207679,0.26128286,True,
EQ,tertbutyl_acetate,1,C,-0.4698,-0.46315013,-0.44278536,True,
EQ,tertbutyl_acetate,2,C,0.3253,0.34665809,0.31211676,True,
EQ,tertbutyl_acetate,3,C,-0.4698,-0.46315013,-0.44278536,True,
EQ,tertbutyl_acetate,4,O,-0.4846,-0.56663856,-0.51915872,True,
EQ,tertbutyl_acetate,5,C,-0.4531,-0.46200244,-0.43695543,True,
EQ,tertbutyl_acetate,6,H,0.1822,0.19460810,0.17172670,True,
EQ,tertbutyl_acetate,7,H,0.1440,0.16052517,0.14596460,True,
EQ,tertbutyl_acetate,8,H,0.1455,0.17809791,0.15746398,True,
EQ,tertbutyl_acetate,9,H,0.1474,0.15782221,0.14427981,True,
EQ,tertbutyl_acetate,10,H,0.1501,0.17573288,0.15691698,True,
EQ,tertbutyl_acetate,11,H,0.1501,0.17573288,0.15691698,True,
EQ,tertbutyl_acetate,12,H,0.1440,0.16052517,0.14596460,True,
EQ,tertbutyl_acetate,13,H,0.1822,0.19460810,0.17172670,True,
EQ,tertbutyl_acetate,14,H,0.1456,0.17809791,0.15746398,True,
EQ,tertbutyl_acetate,15,C,0.6173,0.53630230,0.56998276,True,
EQ,tertbutyl_acetate,16,O,-0.4759,-0.55791389,-0.52770091,True,
EQ,tertbutyl_acetate,17,C,-0.5206,-0.50475089,-0.47085745,True,
EQ,tertbutyl_acetate,18,H,0.1798,0.18723391,0.18370944,True,
EQ,tertbutyl_acetate,19,H,0.1802,0.18583069,0.18300497,True,
EQ,tertbutyl_acetate,20,H,0.1802,0.18583069,0.18300497,True,
EQ,tertbutyl_methyl_ether,1,C,0.3413,0.33047903,0.29676040,True,
EQ,tertbutyl_methyl_ether,2,O,-0.4906,-0.50425626,-0.46619908,True,
EQ,tertbutyl_methyl_ether,3,C,-0.2004,-0.22179917,-0.20157787,True,
EQ,tertbutyl_methyl_ether,4,H,0.1338,0.13092762,0.12792151,True,
EQ,tertbutyl_methyl_ether,5,H,0.1338,0.13092762,0.12792151,True,
EQ,tertbutyl_methyl_ether,6,H,0.1552,0.13983825,0.13492008,True,
EQ,tertbutyl_methyl_ether,7,C,-0.4641,-0.48375726,-0.44989709,True,
EQ,tertbutyl_methyl_ether,8,C,-0.4641,-0.48375726,-0.44989709,True,
EQ,tertbutyl_methyl_ether,9,C,-0.4485,-0.46824373,-0.43853713,True,
EQ,tertbutyl_methyl_ether,10,H,0.1396,0.15536201,0.14306036,True,
EQ,tertbutyl_methyl_ether,11,H,0.1521,0.16574829,0.15280953,True,
EQ,tertbutyl_methyl_ether,12,H,0.1431,0.15135090,0.14106067,True,
EQ,tertbutyl_methyl_ether,13,H,0.1362,0.14964089,0.13819648,True,
EQ,tertbutyl_methyl_ether,14,H,0.1489,0.16753894,0.15326358,True,
EQ,tertbutyl_methyl_ether,15,H,0.1489,0.16753894,0.15326358,True,
EQ,tertbutyl_methyl_ether,16,H,0.1396,0.15536201,0.14306036,True,
EQ,tertbutyl_methyl_ether,17,H,0.1431,0.15135090,0.14106067,True,
EQ,tertbutyl_methyl_ether,18,H,0.1521,0.16574829,0.15280953,True,
EQ,tertbutylamine,1,C,-0.4348,-0.48212758,-0.44788178,True,
EQ,tertbutylamine,2,C,0.1967,0.34527899,0.29301262,True,
EQ,tertbutylamine,3,C,-0.4348,-0.48212758,-0.44788178,True,
EQ,tertbutylamine,4,C,-0.4385,-0.50088141,-0.46178517,True,
EQ,tertbutylamine,5,N,-0.7071,-0.82037976,-0.75397325,True,
EQ,tertbutylamine,6,H,0.1339,0.15123871,0.14091629,True,
EQ,tertbutylamine,7,H,0.1312,0.15508792,0.14224794,True,
EQ,tertbutylamine,8,H,0.1312,0.15508792,0.14224794,True,
EQ,tertbutylamine,9,H,0.1383,0.14920733,0.13763511,True,
EQ,tertbutylamine,10,H,0.1550,0.16602011,0.15125153,True,
EQ,tertbutylamine,11,H,0.1316,0.15705631,0.14264281,True,
EQ,tertbutylamine,12,H,0.1550,0.16602011,0.15125153,True,
EQ,tertbutylamine,13,H,0.1383,0.14920733,0.13763511,True,
EQ,tertbutylamine,14,H,0.1316,0.15705631,0.14264281,True,
EQ,tertbutylamine,15,H,0.2862,0.26712765,0.26501915,True,
EQ,tertbutylamine,16,H,0.2862,0.26712765,0.26501915,True,
EQ,tetrahydropyrane,1,H,0.1305,0.12223837,0.11522436,True,
EQ,tetrahydropyrane,2,C,-0.2691,-0.24264729,-0.23158607,True,
EQ,tetrahydropyrane,3,C,-0.2691,-0.24264729,-0.23158607,True,
EQ,tetrahydropyrane,4,H,0.1362,0.12081323,0.11352748,True,
EQ,tetrahydropyrane,5,C,-0.0266,-0.04088770,-0.03700686,True,
EQ,tetrahydropyrane,6,C,-0.0266,-0.04088770,-0.03700686,True,
EQ,tetrahydropyrane,7,C,-0.2679,-0.21184125,-0.20580189,True,
EQ,tetrahydropyrane,8,H,0.1415,0.14519164,0.13515993,True,
EQ,tetrahydropyrane,9,H,0.1436,0.12193769,0.11677122,True,
EQ,tetrahydropyrane,10,H,0.1176,0.11813995,0.11331877,True,
EQ,tetrahydropyrane,11,H,0.1176,0.11813995,0.11331877,True,
EQ,tetrahydropyrane,12,H,0.1287,0.12733065,0.11852537,True,
EQ,tetrahydropyrane,13,H,0.1415,0.14519164,0.13515993,True,
EQ,tetrahydropyrane,14,H,0.1305,0.12223837,0.11522436,True,
EQ,tetrahydropyrane,15,O,-0.4720,-0.48424795,-0.45001367,True,
EQ,tetrahydropyrane,16,H,0.1436,0.12193769,0.11677122,True,
EQ,toluene,1,C,-0.5110,-0.46421018,-0.43500751,True,
EQ,toluene,2,C,0.1315,0.08065903,0.07195271,True,
EQ,toluene,3,C,-0.1502,-0.13083908,-0.12334275,True,
EQ,toluene,4,C,-0.1829,-0.16960900,-0.15801437,True,
EQ,toluene,5,C,-0.1829,-0.16960900,-0.15801437,True,
EQ,toluene,6,C,-0.1332,-0.11380339,-0.10911566,True,
EQ,toluene,7,C,-0.1332,-0.11380339,-0.10911566,True,
EQ,toluene,8,H,0.1365,0.12670024,0.12077952,True,
EQ,toluene,9,H,0.1365,0.12670024,0.12077952,True,
EQ,toluene,10,H,0.1371,0.11754163,0.11282417,True,
EQ,toluene,11,H,0.1371,0.11754163,0.11282417,True,
EQ,toluene,12,H,0.1375,0.11946633,0.11438706,True,
EQ,toluene,13,H,0.1667,0.15924129,0.14775131,True,
EQ,toluene,14,H,0.1552,0.15701183,0.14565595,True,
EQ,toluene,15,H,0.1552,0.15701183,0.14565595,True,
EQ,trans-3-pentenitrile,1,C,0.3556,0.26405692,0.28666615,True,
EQ,trans-3-pentenitrile,2,N,-0.4645,-0.42822471,-0.40371766,True,
EQ,trans-3-pentenitrile,3,C,-0.3894,-0.32928590,-0.30395007,True,
EQ,trans-3-pentenitrile,4,H,0.1969,0.16276329,0.15517198,True,
EQ,trans-3-pentenitrile,5,C,-0.0934,-0.09805110,-0.11013808,True,
EQ,trans-3-pentenitrile,6,H,0.2020,0.16300133,0.15519116,True,
EQ,trans-3-pentenitrile,7,C,-0.0801,-0.08876235,-0.08115974,True,
EQ,trans-3-pentenitrile,8,H,0.1444,0.13982023,0.13085966,True,
EQ,trans-3-pentenitrile,9,H,0.1309,0.13158118,0.12109177,True,
EQ,trans-3-pentenitrile,10,C,-0.4889,-0.41439520,-0.39941491,True,
EQ,trans-3-pentenitrile,11,H,0.1657,0.16676028,0.15049379,True,
EQ,trans-3-pentenitrile,12,H,0.1595,0.16655989,0.15047253,True,
EQ,trans-3-pentenitrile,13,H,0.1613,0.16417614,0.14843343,True,
EQ,triethylamine,1,C,-0.1316,-0.07795082,-0.08741151,True,
EQ,triethylamine,2,N,-0.3668,-0.38775248,-0.34143203,True,
EQ,triethylamine,3,C,-0.1145,-0.07861927,-0.08775998,True,
EQ,triethylamine,4,C,-0.1311,-0.09040867,-0.09745395,True,
EQ,triethylamine,5,H,0.1361,0.10886930,0.10429970,True,
EQ,triethylamine,6,H,0.1395,0.11298014,0.10803147,True,
EQ,triethylamine,7,C,-0.4595,-0.44031288,-0.41083295,True,
EQ,triethylamine,8,H,0.1510,0.14780644,0.13837957,True,
EQ,triethylamine,9,H,0.1392,0.13473785,0.12671858,True,
EQ,triethylamine,10,H,0.1486,0.14571114,0.13654785,True,
EQ,triethylamine,11,H,0.1336,0.11020824,0.10589531,True,
EQ,triethylamine,12,C,-0.4518,-0.43905871,-0.40935217,True,
EQ,triethylamine,13,H,0.1333,0.11001843,0.10573099,True,
EQ,triethylamine,14,H,0.1364,0.13497987,0.12727255,True,
EQ,triethylamine,15,H,0.1466,0.14552507,0.13679564,True,
EQ,triethylamine,16,H,0.1484,0.14596958,0.13708866,True,
EQ,triethylamine,17,H,0.1351,0.10959099,0.10491362,True,
EQ,triethylamine,18,H,0.1199,0.11131327,0.10678447,True,
EQ,triethylamine,19,C,-0.4524,-0.43695575,-0.40878273,True,
EQ,triethylamine,20,H,0.1542,0.15138510,0.14065935,True,
EQ,triethylamine,21,H,0.1391,0.13507157,0.12676164,True,
EQ,triethylamine,22,H,0.1467,0.14689159,0.13714591,True,
EQ,trifluoroacetamide,1,F,-0.2508,-0.23378946,-0.21714812,True,
EQ,trifluoroacetamide,2,C,0.7968,0.48949270,0.50954782,True,
EQ,trifluoroacetamide,3,F,-0.2508,-0.23378946,-0.21714812,True,
EQ,trifluoroacetamide,4,C,0.4827,0.58520479,0.54722189,True,
EQ,trifluoroacetamide,5,F,-0.2779,-0.24925989,-0.22970910,True,
EQ,trifluoroacetamide,6,O,-0.4764,-0.39812248,-0.40486049,True,
EQ,trifluoroacetamide,7,N,-0.7398,-0.74292547,-0.73052083,True,
EQ,trifluoroacetamide,8,H,0.3522,0.38840528,0.36620714,True,
EQ,trifluoroacetamide,9,H,0.3639,0.39478399,0.37640982,True,
EQ,trifluorotrinitroethane,1,F,-0.2158,-0.17499205,-0.17363311,True,
EQ,trifluorotrinitroethane,2,C,0.7883,0.49981500,0.46911439,True,
EQ,trifluorotrinitroethane,3,F,-0.2369,-0.17710935,-0.17452477,True,
EQ,trifluorotrinitroethane,4,C,0.5354,0.32893132,0.30471008,True,
EQ,trifluorotrinitroethane,5,N,0.4068,0.28513009,0.30077537,True,
EQ,trifluorotrinitroethane,6,N,0.4024,0.29012726,0.30321261,True,
EQ,trifluorotrinitroethane,7,N,0.4426,0.29411378,0.30609299,True,
EQ,trifluorotrinitroethane,8,F,-0.2226,-0.16384260,-0.16081506,True,
EQ,trifluorotrinitroethane,9,O,-0.3160,-0.18530591,-0.18419314,True,
EQ,trifluorotrinitroethane,10,O,-0.3348,-0.20660949,-0.20511154,True,
EQ,trifluorotrinitroethane,11,O,-0.3250,-0.20901082,-0.20730341,True,
EQ,trifluorotrinitroethane,12,O,-0.3109,-0.18924348,-0.18864079,True,
EQ,trifluorotrinitroethane,13,O,-0.2945,-0.18997766,-0.18876876,True,
EQ,trifluorotrinitroethane,14,O,-0.3190,-0.20202610,-0.20091486,True,
EQ,trimethylamine,1,C,-0.2964,-0.30887704,-0.29545210,True,
EQ,trimethylamine,2,N,-0.3548,-0.28700087,-0.25967503,True,
EQ,trimethylamine,3,C,-0.2962,-0.30884616,-0.29541252,True,
EQ,trimethylamine,4,C,-0.2964,-0.30887704,-0.29545210,True,
EQ,trimethylamine,5,H,0.1482,0.13578122,0.12813738,True,
EQ,trimethylamine,6,H,0.1183,0.13299241,0.12575172,True,
EQ,trimethylamine,7,H,0.1482,0.13576783,0.12811597,True,
EQ,trimethylamine,8,H,0.1482,0.13578122,0.12813738,True,
EQ,trimethylamine,9,H,0.1482,0.13576783,0.12811597,True,
EQ,trimethylamine,10,H,0.1183,0.13299241,0.12575172,True,
EQ,trimethylamine,11,H,0.1481,0.13576605,0.12811725,True,
EQ,trimethylamine,12,H,0.1182,0.13298608,0.12574712,True,
EQ,trimethylamine,13,H,0.1481,0.13576605,0.12811725,True,
TS,JPCA2003-107-5798-TS17,1,N,-0.4253,-0.64871172,-0.64343212,True,
TS,JPCA2003-107-5798-TS17,2,O,-0.5471,-0.30784285,-0.29506617,True,
TS,JPCA2003-107-5798-TS17,3,O,-0.4684,-0.42813423,-0.40369646,True,
TS,JPCA2003-107-5798-TS17,4,N,0.2462,0.29820228,0.33156993,True,
TS,JPCA2003-107-5798-TS17,5,O,-0.3498,-0.31456633,-0.29954070,True,
TS,JPCA2003-107-5798-TS17,6,H,0.3706,0.33681912,0.31172811,True,
TS,JPCA2003-107-5798-TS17,7,H,0.3821,0.34200220,0.31641172,True,
TS,JPCA2003-107-5798-TS17,8,H,0.3694,0.33428007,0.30809873,True,
TS,JPCA2003-107-5798-TS17,9,H,0.4223,0.38795147,0.37392696,True,
TS,JPCA2003-107-5798-TS18,1,H,0.3357,0.30754720,0.28625009,True,
TS,JPCA2003-107-5798-TS18,2,N,-0.5203,-0.48921069,-0.49724660,True,
TS,JPCA2003-107-5798-TS18,3,H,0.3615,0.33009987,0.30736303,True,
TS,JPCA2003-107-5798-TS18,4,H,0.4398,0.37163509,0.36677583,True,
TS,JPCA2003-107-5798-TS18,5,O,-0.4645,-0.40834166,-0.41277641,True,
TS,JPCA2003-107-5798-TS18,6,H,0.4078,0.34718738,0.32875928,True,
TS,JPCA2003-107-5798-TS18,7,N,0.2320,0.28891728,0.32765396,True,
TS,JPCA2003-107-5798-TS18,8,O,-0.4738,-0.43373316,-0.40838700,True,
TS,JPCA2003-107-5798-TS18,9,O,-0.3182,-0.31410131,-0.29839219,True,
TS,JPCA2003-107-5798-TS19,1,N,-0.4306,-0.46965589,-0.44351248,True,
TS,JPCA2003-107-5798-TS19,2,O,-0.3507,-0.21119670,-0.22941857,True,
TS,JPCA2003-107-5798-TS19,3,H,0.3488,0.33288114,0.30421148,True,
TS,JPCA2003-107-5798-TS19,4,H,0.3489,0.33292170,0.30426766,True,
TS,JPCA2003-107-5798-TS19,5,H,0.4205,0.36440091,0.29542918,True,
TS,JPCA2003-107-5798-TS19,6,O,-0.3901,-0.37646496,-0.32599034,True,
TS,JPCA2003-107-5798-TS19,7,N,0.3534,0.33082524,0.37700842,True,
TS,JPCA2003-107-5798-TS19,8,O,-0.3004,-0.30371144,-0.28199535,True,
TS,JPCA2003-107-5798-TS20,1,N,-0.3861,-0.33531754,-0.34470197,True,
TS,JPCA2003-107-5798-TS20,2,O,-0.3994,-0.35402607,-0.37306115,True,
TS,JPCA2003-107-5798-TS20,3,H,0.4722,0.38734512,0.31458407,True,
TS,JPCA2003-107-5798-TS20,4,O,-0.4363,-0.37345201,-0.31898688,True,
TS,JPCA2003-107-5798-TS20,5,N,0.4100,0.34050646,0.42105054,True,
TS,JPCA2003-107-5798-TS20,6,O,-0.3616,-0.30481608,-0.27647841,True,
TS,JPCA2003-107-5798-TS20,7,H,0.3433,0.31375211,0.28253208,True,
TS,JPCA2003-107-5798-TS20,8,H,0.3580,0.32600801,0.29506172,True,
TS,JPCA_2000_104_10526-ts1,1,O,-0.2569,-0.42792164,-0.44192465,True,
TS,JPCA_2000_104_10526-ts1,2,C,0.2737,0.39828431,0.36804536,True,
TS,JPCA_2000_104_10526-ts1,3,O,-0.7796,-0.53117653,-0.47412434,True,
TS,JPCA_2000_104_10526-ts1,4,H,0.3761,0.35737767,0.37939143,True,
TS,JPCA_2000_104_10526-ts1,5,H,0.3868,0.20343619,0.16861220,True,
TS,JPCA_2004_108_5197.txt-ts1,1,C,-0.0576,-0.00551451,-0.00543221,True,
TS,JPCA_2004_108_5197.txt-ts1,2,C,-0.1064,-0.05754910,-0.08184300,True,
TS,JPCA_2004_108_5197.txt-ts1,3,C,-0.2059,-0.13605605,-0.16692614,True,
TS,JPCA_2004_108_5197.txt-ts1,4,O,-0.2369,-0.33194467,-0.28395346,True,
TS,JPCA_2004_108_5197.txt-ts1,5,O,-0.2454,-0.31393819,-0.22510792,True,
TS,JPCA_2004_108_5197.txt-ts1,6,H,0.1620,0.15999857,0.15048105,True,
TS,JPCA_2004_108_5197.txt-ts1,7,H,0.1603,0.16656565,0.15509743,True,
TS,JPCA_2004_108_5197.txt-ts1,8,H,0.1652,0.15620158,0.13997657,True,
TS,JPCA_2004_108_5197.txt-ts1,9,H,0.1719,0.17408283,0.15391879,True,
TS,JPCA_2004_108_5197.txt-ts1,10,H,0.1928,0.18815388,0.16378889,True,
TS,JPCA_2004_108_5197.txt-ts10,1,C,-0.2446,-0.16948345,-0.20957891,True,
TS,JPCA_2004_108_5197.txt-ts10,2,C,0.1857,0.13594361,0.09917015,True,
TS,JPCA_2004_108_5197.txt-ts10,3,C,0.0549,0.05471496,0.04521064,True,
TS,JPCA_2004_108_5197.txt-ts10,4,C,-0.0275,-0.02965745,0.00215302,True,
TS,JPCA_2004_108_5197.txt-ts10,5,O,-0.2513,-0.35281134,-0.29491314,True,
TS,JPCA_2004_108_5197.txt-ts10,6,O,-0.2582,-0.32878711,-0.22425993,True,
TS,JPCA_2004_108_5197.txt-ts10,7,H,0.1267,0.12842986,0.12211373,True,
TS,JPCA_2004_108_5197.txt-ts10,8,O,-0.6229,-0.57352608,-0.54439570,True,
TS,JPCA_2004_108_5197.txt-ts10,9,C,-0.5097,-0.42258225,-0.41663074,True,
TS,JPCA_2004_108_5197.txt-ts10,10,H,0.1619,0.17620512,0.15455819,True,
TS,JPCA_2004_108_5197.txt-ts10,11,H,0.1933,0.20250424,0.17245690,True,
TS,JPCA_2004_108_5197.txt-ts10,12,H,0.1488,0.14883948,0.15069199,True,
TS,JPCA_2004_108_5197.txt-ts10,13,H,0.1507,0.17628804,0.17117160,True,
TS,JPCA_2004_108_5197.txt-ts10,14,H,0.1613,0.18577214,0.15975176,True,
TS,JPCA_2004_108_5197.txt-ts10,15,H,0.1795,0.20009265,0.16444923,True,
TS,JPCA_2004_108_5197.txt-ts10,16,H,0.1594,0.17697176,0.15000270,True,
TS,JPCA_2004_108_5197.txt-ts10,17,H,0.3920,0.29108583,0.29804851,True,
TS,JPCA_2004_108_5197.txt-ts11,1,C,-0.2434,-0.19456944,-0.22808747,True,
TS,JPCA_2004_108_5197.txt-ts11,2,C,0.1295,0.10750431,0.07652278,True,
TS,JPCA_2004_108_5197.txt-ts11,3,C,0.0688,0.06060458,0.05443949,True,
TS,JPCA_2004_108_5197.txt-ts11,4,C,-0.0152,-0.00678275,0.01591003,True,
TS,JPCA_2004_108_5197.txt-ts11,5,O,-0.2472,-0.34989065,-0.29294867,True,
TS,JPCA_2004_108_5197.txt-ts11,6,O,-0.2610,-0.33422394,-0.23231972,True,
TS,JPCA_2004_108_5197.txt-ts11,7,H,0.1324,0.12798816,0.11974868,True,
TS,JPCA_2004_108_5197.txt-ts11,8,O,-0.6311,-0.57777141,-0.55078673,True,
TS,JPCA_2004_108_5197.txt-ts11,9,C,-0.4880,-0.39469715,-0.39530278,True,
TS,JPCA_2004_108_5197.txt-ts11,10,H,0.1661,0.17768784,0.15764071,True,
TS,JPCA_2004_108_5197.txt-ts11,11,H,0.1683,0.17644419,0.15111192,True,
TS,JPCA_2004_108_5197.txt-ts11,12,H,0.1773,0.17842986,0.17587824,True,
TS,JPCA_2004_108_5197.txt-ts11,13,H,0.1515,0.16187081,0.15805488,True,
TS,JPCA_2004_108_5197.txt-ts11,14,H,0.1536,0.17972958,0.15411823,True,
TS,JPCA_2004_108_5197.txt-ts11,15,H,0.1901,0.21120182,0.17433755,True,
TS,JPCA_2004_108_5197.txt-ts11,16,H,0.1520,0.18680103,0.15714808,True,
TS,JPCA_2004_108_5197.txt-ts11,17,H,0.3963,0.28967317,0.30453478,True,
TS,JPCA_2004_108_5197.txt-ts12,1,C,-0.2572,-0.19389230,-0.22964683,True,
TS,JPCA_2004_108_5197.txt-ts12,2,C,0.1777,0.11179571,0.07976652,True,
TS,JPCA_2004_108_5197.txt-ts12,3,C,0.0561,0.06210653,0.05481994,True,
TS,JPCA_2004_108_5197.txt-ts12,4,C,-0.0445,-0.02839582,-0.00180024,True,
TS,JPCA_2004_108_5197.txt-ts12,5,O,-0.2555,-0.34794779,-0.29238800,True,
TS,JPCA_2004_108_5197.txt-ts12,6,O,-0.2558,-0.33317068,-0.22827417,True,
TS,JPCA_2004_108_5197.txt-ts12,7,H,0.1596,0.14103822,0.13336767,True,
TS,JPCA_2004_108_5197.txt-ts12,8,O,-0.6200,-0.57433508,-0.54811687,True,
TS,JPCA_2004_108_5197.txt-ts12,9,C,-0.5265,-0.40088919,-0.40013573,True,
TS,JPCA_2004_108_5197.txt-ts12,10,H,0.1678,0.17838161,0.15807147,True,
TS,JPCA_2004_108_5197.txt-ts12,11,H,0.1713,0.17697077,0.15089184,True,
TS,JPCA_2004_108_5197.txt-ts12,12,H,0.1647,0.16838095,0.16597546,True,
TS,JPCA_2004_108_5197.txt-ts12,13,H,0.1545,0.16280770,0.16111653,True,
TS,JPCA_2004_108_5197.txt-ts12,14,H,0.1616,0.18203735,0.15654937,True,
TS,JPCA_2004_108_5197.txt-ts12,15,H,0.1703,0.19932473,0.16335052,True,
TS,JPCA_2004_108_5197.txt-ts12,16,H,0.1786,0.19092094,0.16161999,True,
TS,JPCA_2004_108_5197.txt-ts12,17,H,0.3974,0.30486634,0.31483252,True,
TS,JPCA_2004_108_5197.txt-ts13,1,C,-0.2504,-0.20005666,-0.23642657,True,
TS,JPCA_2004_108_5197.txt-ts13,2,C,0.1657,0.13044785,0.09849377,True,
TS,JPCA_2004_108_5197.txt-ts13,3,C,0.0613,0.05839662,0.04988304,True,
TS,JPCA_2004_108_5197.txt-ts13,4,C,-0.0159,-0.02644615,0.00453624,True,
TS,JPCA_2004_108_5197.txt-ts13,5,O,-0.2474,-0.34695597,-0.28943710,True,
TS,JPCA_2004_108_5197.txt-ts13,6,O,-0.2620,-0.33460315,-0.22931854,True,
TS,JPCA_2004_108_5197.txt-ts13,7,H,0.1331,0.12514162,0.11762493,True,
TS,JPCA_2004_108_5197.txt-ts13,8,O,-0.6273,-0.57726579,-0.54627619,True,
TS,JPCA_2004_108_5197.txt-ts13,9,C,-0.4933,-0.38778989,-0.39090464,True,
TS,JPCA_2004_108_5197.txt-ts13,10,H,0.1669,0.17828695,0.15794195,True,
TS,JPCA_2004_108_5197.txt-ts13,11,H,0.1666,0.17711903,0.15071438,True,
TS,JPCA_2004_108_5197.txt-ts13,12,H,0.1486,0.16412999,0.16347515,True,
TS,JPCA_2004_108_5197.txt-ts13,13,H,0.1461,0.15909719,0.15739346,True,
TS,JPCA_2004_108_5197.txt-ts13,14,H,0.1497,0.18038614,0.15344472,True,
TS,JPCA_2004_108_5197.txt-ts13,15,H,0.1828,0.21152088,0.17329417,True,
TS,JPCA_2004_108_5197.txt-ts13,16,H,0.1789,0.19850682,0.16753957,True,
TS,JPCA_2004_108_5197.txt-ts13,17,H,0.3967,0.29008453,0.29802166,True,
TS,JPCA_2004_108_5197.txt-ts14,1,C,-0.0137,-0.00374951,0.01453984,True,
TS,JPCA_2004_108_5197.txt-ts14,2,C,0.0792,0.06290602,0.05783647,True,
TS,JPCA_2004_108_5197.txt-ts14,3,C,0.1363,0.09101093,0.05840720,True,
TS,JPCA_2004_108_5197.txt-ts14,4,C,-0.2486,-0.16456286,-0.20056849,True,
TS,JPCA_2004_108_5197.txt-ts14,5,O,-0.2345,-0.33622819,-0.28514476,True,
TS,JPCA_2004_108_5197.txt-ts14,6,O,-0.2540,-0.33081683,-0.23140365,True,
TS,JPCA_2004_108_5197.txt-ts14,7,H,0.1211,0.12380006,0.11763757,True,
TS,JPCA_2004_108_5197.txt-ts14,8,O,-0.6223,-0.55805848,-0.53638433,True,
TS,JPCA_2004_108_5197.txt-ts14,9,C,-0.5109,-0.42850569,-0.41804324,True,
TS,JPCA_2004_108_5197.txt-ts14,10,H,0.1603,0.17263100,0.15238526,True,
TS,JPCA_2004_108_5197.txt-ts14,11,H,0.1936,0.21034745,0.17983074,True,
TS,JPCA_2004_108_5197.txt-ts14,12,H,0.1457,0.15493811,0.15353660,True,
TS,JPCA_2004_108_5197.txt-ts14,13,H,0.1660,0.17139539,0.16709356,True,
TS,JPCA_2004_108_5197.txt-ts14,14,H,0.1612,0.18333171,0.15946335,True,
TS,JPCA_2004_108_5197.txt-ts14,15,H,0.1712,0.18313115,0.15366100,True,
TS,JPCA_2004_108_5197.txt-ts14,16,H,0.1574,0.17302969,0.14845053,True,
TS,JPCA_2004_108_5197.txt-ts14,17,H,0.3921,0.29540004,0.30870236,True,
TS,JPCA_2004_108_5197.txt-ts15,1,C,-0.0488,-0.03759106,-0.01396661,True,
TS,JPCA_2004_108_5197.txt-ts15,2,C,0.0616,0.06965125,0.06062415,True,
TS,JPCA_2004_108_5197.txt-ts15,3,C,0.2113,0.10530084,0.07244242,True,
TS,JPCA_2004_108_5197.txt-ts15,4,C,-0.2694,-0.16985155,-0.20881738,True,
TS,JPCA_2004_108_5197.txt-ts15,5,O,-0.2622,-0.35147741,-0.29520139,True,
TS,JPCA_2004_108_5197.txt-ts15,6,O,-0.2539,-0.33305126,-0.22563865,True,
TS,JPCA_2004_108_5197.txt-ts15,7,H,0.1435,0.13684759,0.13063668,True,
TS,JPCA_2004_108_5197.txt-ts15,8,O,-0.6310,-0.56412116,-0.54136694,True,
TS,JPCA_2004_108_5197.txt-ts15,9,C,-0.5153,-0.42782052,-0.41846647,True,
TS,JPCA_2004_108_5197.txt-ts15,10,H,0.1650,0.17473429,0.15402824,True,
TS,JPCA_2004_108_5197.txt-ts15,11,H,0.1762,0.19899554,0.16927655,True,
TS,JPCA_2004_108_5197.txt-ts15,12,H,0.1557,0.16132819,0.16132734,True,
TS,JPCA_2004_108_5197.txt-ts15,13,H,0.1650,0.16465919,0.16228607,True,
TS,JPCA_2004_108_5197.txt-ts15,14,H,0.1636,0.18540275,0.16053738,True,
TS,JPCA_2004_108_5197.txt-ts15,15,H,0.1662,0.18084839,0.15055387,True,
TS,JPCA_2004_108_5197.txt-ts15,16,H,0.1685,0.17850101,0.15331308,True,
TS,JPCA_2004_108_5197.txt-ts15,17,H,0.4040,0.32764391,0.32843166,True,
TS,JPCA_2004_108_5197.txt-ts16,1,C,-0.0512,-0.03145359,-0.00363315,True,
TS,JPCA_2004_108_5197.txt-ts16,2,C,0.0836,0.06513421,0.05764714,True,
TS,JPCA_2004_108_5197.txt-ts16,3,C,0.1938,0.12067217,0.08461604,True,
TS,JPCA_2004_108_5197.txt-ts16,4,C,-0.2527,-0.16231521,-0.20170728,True,
TS,JPCA_2004_108_5197.txt-ts16,5,O,-0.2387,-0.34156862,-0.28884670,True,
TS,JPCA_2004_108_5197.txt-ts16,6,O,-0.2583,-0.33156410,-0.22704426,True,
TS,JPCA_2004_108_5197.txt-ts16,7,H,0.1214,0.12463569,0.11867264,True,
TS,JPCA_2004_108_5197.txt-ts16,8,O,-0.6229,-0.56187975,-0.53607046,True,
TS,JPCA_2004_108_5197.txt-ts16,9,C,-0.5147,-0.43153872,-0.42178186,True,
TS,JPCA_2004_108_5197.txt-ts16,10,H,0.1587,0.17416302,0.15270928,True,
TS,JPCA_2004_108_5197.txt-ts16,11,H,0.2005,0.21591051,0.18397997,True,
TS,JPCA_2004_108_5197.txt-ts16,12,H,0.1521,0.15727134,0.15814904,True,
TS,JPCA_2004_108_5197.txt-ts16,13,H,0.1418,0.15330219,0.15170997,True,
TS,JPCA_2004_108_5197.txt-ts16,14,H,0.1627,0.18533628,0.16036850,True,
TS,JPCA_2004_108_5197.txt-ts16,15,H,0.1648,0.18127491,0.15040365,True,
TS,JPCA_2004_108_5197.txt-ts16,16,H,0.1650,0.17793733,0.15228831,True,
TS,JPCA_2004_108_5197.txt-ts16,17,H,0.3940,0.30468235,0.30853918,True,
TS,JPCA_2004_108_5197.txt-ts17,1,C,-0.0134,-0.00263325,0.01699089,True,
TS,JPCA_2004_108_5197.txt-ts17,2,C,0.0593,0.06324883,0.05796291,True,
TS,JPCA_2004_108_5197.txt-ts17,3,C,0.1477,0.09540780,0.06551797,True,
TS,JPCA_2004_108_5197.txt-ts17,4,C,-0.2602,-0.18789925,-0.22099725,True,
TS,JPCA_2004_108_5197.txt-ts17,5,O,-0.2485,-0.35644033,-0.30310528,True,
TS,JPCA_2004_108_5197.txt-ts17,6,O,-0.2520,-0.33175603,-0.23035304,True,
TS,JPCA_2004_108_5197.txt-ts17,7,H,0.1356,0.14143657,0.13096358,True,
TS,JPCA_2004_108_5197.txt-ts17,8,O,-0.6260,-0.58050683,-0.55364194,True,
TS,JPCA_2004_108_5197.txt-ts17,9,C,-0.4900,-0.40254296,-0.39993515,True,
TS,JPCA_2004_108_5197.txt-ts17,10,H,0.1621,0.17562861,0.15569762,True,
TS,JPCA_2004_108_5197.txt-ts17,11,H,0.1787,0.19228216,0.16457345,True,
TS,JPCA_2004_108_5197.txt-ts17,12,H,0.1606,0.17790980,0.17453232,True,
TS,JPCA_2004_108_5197.txt-ts17,13,H,0.1625,0.16592994,0.16258019,True,
TS,JPCA_2004_108_5197.txt-ts17,14,H,0.1553,0.18039507,0.15562770,True,
TS,JPCA_2004_108_5197.txt-ts17,15,H,0.1789,0.19555020,0.16311998,True,
TS,JPCA_2004_108_5197.txt-ts17,16,H,0.1501,0.18282330,0.15490519,True,
TS,JPCA_2004_108_5197.txt-ts17,17,H,0.3992,0.29116636,0.30556086,True,
TS,JPCA_2004_108_5197.txt-ts18,1,C,-0.0271,-0.02103407,0.00420271,True,
TS,JPCA_2004_108_5197.txt-ts18,2,C,0.0471,0.06372074,0.05519962,True,
TS,JPCA_2004_108_5197.txt-ts18,3,C,0.1908,0.10160313,0.07047928,True,
TS,JPCA_2004_108_5197.txt-ts18,4,C,-0.2622,-0.18523518,-0.22003166,True,
TS,JPCA_2004_108_5197.txt-ts18,5,O,-0.2451,-0.35319002,-0.29922651,True,
TS,JPCA_2004_108_5197.txt-ts18,6,O,-0.2545,-0.33164193,-0.22864470,True,
TS,JPCA_2004_108_5197.txt-ts18,7,H,0.1636,0.15862137,0.14795793,True,
TS,JPCA_2004_108_5197.txt-ts18,8,O,-0.6161,-0.57622097,-0.54972731,True,
TS,JPCA_2004_108_5197.txt-ts18,9,C,-0.5369,-0.41067837,-0.40666352,True,
TS,JPCA_2004_108_5197.txt-ts18,10,H,0.1615,0.17698612,0.15649943,True,
TS,JPCA_2004_108_5197.txt-ts18,11,H,0.1820,0.19642203,0.16774304,True,
TS,JPCA_2004_108_5197.txt-ts18,12,H,0.1350,0.16772738,0.16472299,True,
TS,JPCA_2004_108_5197.txt-ts18,13,H,0.1643,0.16601804,0.16378105,True,
TS,JPCA_2004_108_5197.txt-ts18,14,H,0.1660,0.18272528,0.15814315,True,
TS,JPCA_2004_108_5197.txt-ts18,15,H,0.1604,0.18459849,0.15218210,True,
TS,JPCA_2004_108_5197.txt-ts18,16,H,0.1756,0.18837260,0.16015851,True,
TS,JPCA_2004_108_5197.txt-ts18,17,H,0.3956,0.29120535,0.30322389,True,
TS,JPCA_2004_108_5197.txt-ts19,1,C,-0.0290,-0.02356984,0.00320758,True,
TS,JPCA_2004_108_5197.txt-ts19,2,C,0.0642,0.06179255,0.05376130,True,
TS,JPCA_2004_108_5197.txt-ts19,3,C,0.1754,0.11651933,0.08598389,True,
TS,JPCA_2004_108_5197.txt-ts19,4,C,-0.2621,-0.19293801,-0.22855562,True,
TS,JPCA_2004_108_5197.txt-ts19,5,O,-0.2490,-0.35577141,-0.30099027,True,
TS,JPCA_2004_108_5197.txt-ts19,6,O,-0.2547,-0.33224349,-0.22748708,True,
TS,JPCA_2004_108_5197.txt-ts19,7,H,0.1379,0.14084965,0.13077776,True,
TS,JPCA_2004_108_5197.txt-ts19,8,O,-0.6250,-0.58197750,-0.55085883,True,
TS,JPCA_2004_108_5197.txt-ts19,9,C,-0.4972,-0.39682924,-0.39646082,True,
TS,JPCA_2004_108_5197.txt-ts19,10,H,0.1618,0.17639662,0.15612718,True,
TS,JPCA_2004_108_5197.txt-ts19,11,H,0.1779,0.19422862,0.16540340,True,
TS,JPCA_2004_108_5197.txt-ts19,12,H,0.1602,0.17510234,0.17357119,True,
TS,JPCA_2004_108_5197.txt-ts19,13,H,0.1381,0.15482613,0.15326126,True,
TS,JPCA_2004_108_5197.txt-ts19,14,H,0.1515,0.18008165,0.15419882,True,
TS,JPCA_2004_108_5197.txt-ts19,15,H,0.1720,0.19580027,0.16184897,True,
TS,JPCA_2004_108_5197.txt-ts19,16,H,0.1786,0.19637809,0.16686721,True,
TS,JPCA_2004_108_5197.txt-ts19,17,H,0.3996,0.29135424,0.29934406,True,
TS,JPCA_2004_108_5197.txt-ts2,1,C,-0.0102,0.00553237,0.02474291,True,
TS,JPCA_2004_108_5197.txt-ts2,2,C,-0.3230,-0.23810204,-0.24228528,True,
TS,JPCA_2004_108_5197.txt-ts2,3,C,-0.0703,-0.04382058,-0.06869625,True,
TS,JPCA_2004_108_5197.txt-ts2,4,C,-0.2114,-0.14682780,-0.18602951,True,
TS,JPCA_2004_108_5197.txt-ts2,5,O,-0.2415,-0.35593131,-0.30192622,True,
TS,JPCA_2004_108_5197.txt-ts2,6,O,-0.2495,-0.33433776,-0.23523846,True,
TS,JPCA_2004_108_5197.txt-ts2,7,H,0.1485,0.14736589,0.13384382,True,
TS,JPCA_2004_108_5197.txt-ts2,8,H,0.1611,0.16815166,0.15189233,True,
TS,JPCA_2004_108_5197.txt-ts2,9,H,0.1441,0.13896262,0.12075799,True,
TS,JPCA_2004_108_5197.txt-ts2,10,H,0.1653,0.16689394,0.14509194,True,
TS,JPCA_2004_108_5197.txt-ts2,11,H,0.1815,0.18884044,0.16192517,True,
TS,JPCA_2004_108_5197.txt-ts2,12,H,0.1534,0.15929678,0.15417381,True,
TS,JPCA_2004_108_5197.txt-ts2,13,H,0.1520,0.14397580,0.14174775,True,
TS,JPCA_2004_108_5197.txt-ts20,1,C,-0.0441,-0.03645051,-0.01416430,True,
TS,JPCA_2004_108_5197.txt-ts20,2,C,0.0618,0.06845745,0.05889851,True,
TS,JPCA_2004_108_5197.txt-ts20,3,C,0.2118,0.10718070,0.07518184,True,
TS,JPCA_2004_108_5197.txt-ts20,4,C,-0.2641,-0.17017895,-0.20886920,True,
TS,JPCA_2004_108_5197.txt-ts20,5,O,-0.2626,-0.35018717,-0.29594311,True,
TS,JPCA_2004_108_5197.txt-ts20,6,O,-0.2580,-0.33326483,-0.22835193,True,
TS,JPCA_2004_108_5197.txt-ts20,7,H,0.1444,0.13759051,0.13163585,True,
TS,JPCA_2004_108_5197.txt-ts20,8,O,-0.6314,-0.56562177,-0.54251732,True,
TS,JPCA_2004_108_5197.txt-ts20,9,C,-0.5162,-0.43139257,-0.42184508,True,
TS,JPCA_2004_108_5197.txt-ts20,10,H,0.1656,0.17503216,0.15503528,True,
TS,JPCA_2004_108_5197.txt-ts20,11,H,0.1749,0.19884678,0.16979511,True,
TS,JPCA_2004_108_5197.txt-ts20,12,H,0.1527,0.16137498,0.16108904,True,
TS,JPCA_2004_108_5197.txt-ts20,13,H,0.1644,0.16581516,0.16317873,True,
TS,JPCA_2004_108_5197.txt-ts20,14,H,0.1631,0.18632539,0.16193759,True,
TS,JPCA_2004_108_5197.txt-ts20,15,H,0.1663,0.18153061,0.15206370,True,
TS,JPCA_2004_108_5197.txt-ts20,16,H,0.1698,0.17980400,0.15504675,True,
TS,JPCA_2004_108_5197.txt-ts20,17,H,0.4018,0.32513804,0.32782853,True,
TS,JPCA_2004_108_5197.txt-ts21,1,C,-0.0015,-0.02784321,-0.00314925,True,
TS,JPCA_2004_108_5197.txt-ts21,2,C,0.2616,0.25853597,0.23007330,True,
TS,JPCA_2004_108_5197.txt-ts21,3,C,-0.1132,-0.11979844,-0.13711866,True,
TS,JPCA_2004_108_5197.txt-ts21,4,C,-0.2180,-0.11316548,-0.15407698,True,
TS,JPCA_2004_108_5197.txt-ts21,5,O,-0.2346,-0.33433683,-0.28473621,True,
TS,JPCA_2004_108_5197.txt-ts21,6,O,-0.2452,-0.33069890,-0.23522786,True,
TS,JPCA_2004_108_5197.txt-ts21,7,H,0.1384,0.14931609,0.13243754,True,
TS,JPCA_2004_108_5197.txt-ts21,8,O,-0.6340,-0.57206469,-0.54881660,True,
TS,JPCA_2004_108_5197.txt-ts21,9,C,-0.4707,-0.46026717,-0.44251994,True,
TS,JPCA_2004_108_5197.txt-ts21,10,H,0.1660,0.16693479,0.14624443,True,
TS,JPCA_2004_108_5197.txt-ts21,11,H,0.1963,0.20339092,0.17512858,True,
TS,JPCA_2004_108_5197.txt-ts21,12,H,0.1467,0.16084293,0.15715025,True,
TS,JPCA_2004_108_5197.txt-ts21,13,H,0.1626,0.17205787,0.16771480,True,
TS,JPCA_2004_108_5197.txt-ts21,14,H,0.1615,0.19150353,0.16855535,True,
TS,JPCA_2004_108_5197.txt-ts21,15,H,0.1467,0.18419895,0.16494948,True,
TS,JPCA_2004_108_5197.txt-ts21,16,H,0.1484,0.17555475,0.15599434,True,
TS,JPCA_2004_108_5197.txt-ts21,17,H,0.3891,0.29583892,0.30739743,True,
TS,JPCA_2004_108_5197.txt-ts22,1,C,-0.0376,-0.06513521,-0.03410197,True,
TS,JPCA_2004_108_5197.txt-ts22,2,C,0.2558,0.26675209,0.23570124,True,
TS,JPCA_2004_108_5197.txt-ts22,3,C,-0.0532,-0.10814641,-0.12482551,True,
TS,JPCA_2004_108_5197.txt-ts22,4,C,-0.2332,-0.11928663,-0.16288267,True,
TS,JPCA_2004_108_5197.txt-ts22,5,O,-0.2623,-0.35138864,-0.29559233,True,
TS,JPCA_2004_108_5197.txt-ts22,6,O,-0.2459,-0.33380447,-0.22939651,True,
TS,JPCA_2004_108_5197.txt-ts22,7,H,0.1416,0.14916261,0.13183341,True,
TS,JPCA_2004_108_5197.txt-ts22,8,O,-0.6482,-0.57909058,-0.55455017,True,
TS,JPCA_2004_108_5197.txt-ts22,9,C,-0.4625,-0.44317453,-0.42934762,True,
TS,JPCA_2004_108_5197.txt-ts22,10,H,0.1720,0.16892987,0.14799475,True,
TS,JPCA_2004_108_5197.txt-ts22,11,H,0.1786,0.19093511,0.16409351,True,
TS,JPCA_2004_108_5197.txt-ts22,12,H,0.1550,0.16675967,0.16427069,True,
TS,JPCA_2004_108_5197.txt-ts22,13,H,0.1616,0.16491286,0.16321969,True,
TS,JPCA_2004_108_5197.txt-ts22,14,H,0.1585,0.19298278,0.16804482,True,
TS,JPCA_2004_108_5197.txt-ts22,15,H,0.1716,0.19847695,0.17745705,True,
TS,JPCA_2004_108_5197.txt-ts22,16,H,0.1441,0.17395496,0.15285718,True,
TS,JPCA_2004_108_5197.txt-ts22,17,H,0.4042,0.32715958,0.32522444,True,
TS,JPCA_2004_108_5197.txt-ts23,1,C,-0.0306,-0.05369808,-0.01960005,True,
TS,JPCA_2004_108_5197.txt-ts23,2,C,0.2638,0.26048989,0.22957179,True,
TS,JPCA_2004_108_5197.txt-ts23,3,C,-0.0702,-0.08994735,-0.11138094,True,
TS,JPCA_2004_108_5197.txt-ts23,4,C,-0.2197,-0.10993516,-0.15452709,True,
TS,JPCA_2004_108_5197.txt-ts23,5,O,-0.2369,-0.33887023,-0.28758673,True,
TS,JPCA_2004_108_5197.txt-ts23,6,O,-0.2501,-0.33127565,-0.23093626,True,
TS,JPCA_2004_108_5197.txt-ts23,7,H,0.1399,0.14738311,0.12930110,True,
TS,JPCA_2004_108_5197.txt-ts23,8,O,-0.6313,-0.57354003,-0.54725157,True,
TS,JPCA_2004_108_5197.txt-ts23,9,C,-0.4691,-0.45970541,-0.44207941,True,
TS,JPCA_2004_108_5197.txt-ts23,10,H,0.1648,0.16866210,0.14649401,True,
TS,JPCA_2004_108_5197.txt-ts23,11,H,0.2039,0.20914774,0.17939398,True,
TS,JPCA_2004_108_5197.txt-ts23,12,H,0.1513,0.16314968,0.16134195,True,
TS,JPCA_2004_108_5197.txt-ts23,13,H,0.1369,0.15471621,0.15301815,True,
TS,JPCA_2004_108_5197.txt-ts23,14,H,0.1383,0.18180694,0.15843998,True,
TS,JPCA_2004_108_5197.txt-ts23,15,H,0.1720,0.19558680,0.17628786,True,
TS,JPCA_2004_108_5197.txt-ts23,16,H,0.1474,0.17519970,0.15521411,True,
TS,JPCA_2004_108_5197.txt-ts23,17,H,0.3897,0.30082974,0.30429911,True,
TS,JPCA_2004_108_5197.txt-ts24,1,C,-0.0182,-0.02749695,-0.00253813,True,
TS,JPCA_2004_108_5197.txt-ts24,2,C,0.2662,0.25790029,0.23135039,True,
TS,JPCA_2004_108_5197.txt-ts24,3,C,-0.1047,-0.11264586,-0.12899269,True,
TS,JPCA_2004_108_5197.txt-ts24,4,C,-0.2240,-0.13007516,-0.16692652,True,
TS,JPCA_2004_108_5197.txt-ts24,5,O,-0.2456,-0.35534545,-0.30091641,True,
TS,JPCA_2004_108_5197.txt-ts24,6,O,-0.2436,-0.33156070,-0.23386283,True,
TS,JPCA_2004_108_5197.txt-ts24,7,H,0.1506,0.16623208,0.14536798,True,
TS,JPCA_2004_108_5197.txt-ts24,8,O,-0.6481,-0.59692829,-0.57086469,True,
TS,JPCA_2004_108_5197.txt-ts24,9,C,-0.4753,-0.43555448,-0.42649430,True,
TS,JPCA_2004_108_5197.txt-ts24,10,H,0.1687,0.16903736,0.14847691,True,
TS,JPCA_2004_108_5197.txt-ts24,11,H,0.1852,0.18243089,0.15953494,True,
TS,JPCA_2004_108_5197.txt-ts24,12,H,0.1675,0.18594249,0.17802936,True,
TS,JPCA_2004_108_5197.txt-ts24,13,H,0.1585,0.16475821,0.16214826,True,
TS,JPCA_2004_108_5197.txt-ts24,14,H,0.1595,0.19215220,0.16693335,True,
TS,JPCA_2004_108_5197.txt-ts24,15,H,0.1429,0.18102818,0.16075467,True,
TS,JPCA_2004_108_5197.txt-ts24,16,H,0.1671,0.19701661,0.17289042,True,
TS,JPCA_2004_108_5197.txt-ts24,17,H,0.3933,0.29310856,0.30510929,True,
TS,JPCA_2004_108_5197.txt-ts25,1,C,-0.0266,-0.04700722,-0.01473476,True,
TS,JPCA_2004_108_5197.txt-ts25,2,C,0.2635,0.25912211,0.23091251,True,
TS,JPCA_2004_108_5197.txt-ts25,3,C,-0.0949,-0.11404175,-0.12910420,True,
TS,JPCA_2004_108_5197.txt-ts25,4,C,-0.2243,-0.12915249,-0.16728156,True,
TS,JPCA_2004_108_5197.txt-ts25,5,O,-0.2413,-0.35391659,-0.29785628,True,
TS,JPCA_2004_108_5197.txt-ts25,6,O,-0.2477,-0.33335692,-0.23308749,True,
TS,JPCA_2004_108_5197.txt-ts25,7,H,0.1338,0.15818028,0.13791441,True,
TS,JPCA_2004_108_5197.txt-ts25,8,O,-0.6392,-0.59404260,-0.56607035,True,
TS,JPCA_2004_108_5197.txt-ts25,9,C,-0.4531,-0.41283155,-0.40887500,True,
TS,JPCA_2004_108_5197.txt-ts25,10,H,0.1680,0.16869254,0.14836763,True,
TS,JPCA_2004_108_5197.txt-ts25,11,H,0.1893,0.18503129,0.16198842,True,
TS,JPCA_2004_108_5197.txt-ts25,12,H,0.1381,0.17331116,0.16680228,True,
TS,JPCA_2004_108_5197.txt-ts25,13,H,0.1606,0.16404443,0.16367905,True,
TS,JPCA_2004_108_5197.txt-ts25,14,H,0.1597,0.19679686,0.16944198,True,
TS,JPCA_2004_108_5197.txt-ts25,15,H,0.1636,0.19420076,0.17226758,True,
TS,JPCA_2004_108_5197.txt-ts25,16,H,0.1602,0.19390516,0.16803153,True,
TS,JPCA_2004_108_5197.txt-ts25,17,H,0.3901,0.29106455,0.29760426,True,
TS,JPCA_2004_108_5197.txt-ts26,1,C,-0.0308,-0.04727775,-0.01599420,True,
TS,JPCA_2004_108_5197.txt-ts26,2,C,0.2666,0.25783372,0.22876271,True,
TS,JPCA_2004_108_5197.txt-ts26,3,C,-0.0800,-0.08973898,-0.10844127,True,
TS,JPCA_2004_108_5197.txt-ts26,4,C,-0.2272,-0.13368076,-0.17323692,True,
TS,JPCA_2004_108_5197.txt-ts26,5,O,-0.2450,-0.35378545,-0.29802355,True,
TS,JPCA_2004_108_5197.txt-ts26,6,O,-0.2469,-0.33120801,-0.23076783,True,
TS,JPCA_2004_108_5197.txt-ts26,7,H,0.1602,0.17356808,0.15172206,True,
TS,JPCA_2004_108_5197.txt-ts26,8,O,-0.6438,-0.59480552,-0.56701309,True,
TS,JPCA_2004_108_5197.txt-ts26,9,C,-0.4718,-0.43561453,-0.42617838,True,
TS,JPCA_2004_108_5197.txt-ts26,10,H,0.1691,0.17084738,0.14945298,True,
TS,JPCA_2004_108_5197.txt-ts26,11,H,0.1848,0.18456221,0.16034070,True,
TS,JPCA_2004_108_5197.txt-ts26,12,H,0.1656,0.18320800,0.17676214,True,
TS,JPCA_2004_108_5197.txt-ts26,13,H,0.1377,0.15600687,0.15473216,True,
TS,JPCA_2004_108_5197.txt-ts26,14,H,0.1335,0.18101968,0.15543510,True,
TS,JPCA_2004_108_5197.txt-ts26,15,H,0.1676,0.19156708,0.17125494,True,
TS,JPCA_2004_108_5197.txt-ts26,16,H,0.1683,0.19662127,0.17233691,True,
TS,JPCA_2004_108_5197.txt-ts26,17,H,0.3921,0.29087671,0.29885550,True,
TS,JPCA_2004_108_5197.txt-ts27,1,C,0.3298,0.29740890,0.28281169,True,
TS,JPCA_2004_108_5197.txt-ts27,2,C,-0.0980,-0.02499115,-0.06287671,True,
TS,JPCA_2004_108_5197.txt-ts27,3,C,0.2234,0.05827057,0.04195229,True,
TS,JPCA_2004_108_5197.txt-ts27,4,C,0.0585,0.09347450,0.08360884,True,
TS,JPCA_2004_108_5197.txt-ts27,5,C,-0.2949,-0.24193682,-0.23711648,True,
TS,JPCA_2004_108_5197.txt-ts27,6,C,-0.1217,-0.10385688,-0.10351575,True,
TS,JPCA_2004_108_5197.txt-ts27,7,C,-0.2756,-0.22411585,-0.22290026,True,
TS,JPCA_2004_108_5197.txt-ts27,8,C,-0.5360,-0.42050422,-0.40987989,True,
TS,JPCA_2004_108_5197.txt-ts27,9,C,-0.4640,-0.44920977,-0.42902558,True,
TS,JPCA_2004_108_5197.txt-ts27,10,C,-0.4726,-0.45812689,-0.43164407,True,
TS,JPCA_2004_108_5197.txt-ts27,11,H,0.1393,0.13709976,0.12386787,True,
TS,JPCA_2004_108_5197.txt-ts27,12,H,0.1510,0.14104705,0.12242424,True,
TS,JPCA_2004_108_5197.txt-ts27,13,H,0.1517,0.16136094,0.14867705,True,
TS,JPCA_2004_108_5197.txt-ts27,14,H,0.1454,0.14838425,0.13394421,True,
TS,JPCA_2004_108_5197.txt-ts27,15,H,0.1270,0.11575337,0.10989276,True,
TS,JPCA_2004_108_5197.txt-ts27,16,H,0.1444,0.13653442,0.12611065,True,
TS,JPCA_2004_108_5197.txt-ts27,17,H,0.1505,0.14823005,0.13063886,True,
TS,JPCA_2004_108_5197.txt-ts27,18,H,0.1618,0.16842558,0.14838396,True,
TS,JPCA_2004_108_5197.txt-ts27,19,H,0.1609,0.17355004,0.14871589,True,
TS,JPCA_2004_108_5197.txt-ts27,20,H,0.1633,0.17133941,0.15015800,True,
TS,JPCA_2004_108_5197.txt-ts27,21,H,0.1375,0.15522630,0.14860985,True,
TS,JPCA_2004_108_5197.txt-ts27,22,H,0.1726,0.19358625,0.17771485,True,
TS,JPCA_2004_108_5197.txt-ts27,23,H,0.1515,0.18070682,0.16645943,True,
TS,JPCA_2004_108_5197.txt-ts27,24,H,0.1593,0.18078905,0.16752800,True,
TS,JPCA_2004_108_5197.txt-ts27,25,H,0.1596,0.17876758,0.16837195,True,
TS,JPCA_2004_108_5197.txt-ts27,26,H,0.1490,0.15713968,0.15071174,True,
TS,JPCA_2004_108_5197.txt-ts27,27,O,-0.6306,-0.59744055,-0.56493315,True,
TS,JPCA_2004_108_5197.txt-ts27,28,H,0.3947,0.27563595,0.28978536,True,
TS,JPCA_2004_108_5197.txt-ts27,29,O,-0.2825,-0.39123468,-0.31410014,True,
TS,JPCA_2004_108_5197.txt-ts27,30,O,-0.2552,-0.36131366,-0.24437546,True,
TS,JPCA_2004_108_5197.txt-ts28,1,C,0.3314,0.29715289,0.28314701,True,
TS,JPCA_2004_108_5197.txt-ts28,2,C,-0.0987,-0.02948238,-0.06907201,True,
TS,JPCA_2004_108_5197.txt-ts28,3,C,0.2073,0.07219111,0.05584459,True,
TS,JPCA_2004_108_5197.txt-ts28,4,C,0.0774,0.09196187,0.08178625,True,
TS,JPCA_2004_108_5197.txt-ts28,5,C,-0.3105,-0.25829906,-0.24971116,True,
TS,JPCA_2004_108_5197.txt-ts28,6,C,-0.1185,-0.10137808,-0.10132784,True,
TS,JPCA_2004_108_5197.txt-ts28,7,C,-0.2757,-0.22346543,-0.22261223,True,
TS,JPCA_2004_108_5197.txt-ts28,8,C,-0.5061,-0.41004498,-0.40282283,True,
TS,JPCA_2004_108_5197.txt-ts28,9,C,-0.4639,-0.44958877,-0.42895005,True,
TS,JPCA_2004_108_5197.txt-ts28,10,C,-0.4712,-0.45904829,-0.43180217,True,
TS,JPCA_2004_108_5197.txt-ts28,11,H,0.1409,0.13768665,0.12437332,True,
TS,JPCA_2004_108_5197.txt-ts28,12,H,0.1531,0.14253787,0.12389599,True,
TS,JPCA_2004_108_5197.txt-ts28,13,H,0.1498,0.15664433,0.14536719,True,
TS,JPCA_2004_108_5197.txt-ts28,14,H,0.1264,0.13931436,0.12566932,True,
TS,JPCA_2004_108_5197.txt-ts28,15,H,0.1258,0.11461429,0.10903439,True,
TS,JPCA_2004_108_5197.txt-ts28,16,H,0.1438,0.13600489,0.12548475,True,
TS,JPCA_2004_108_5197.txt-ts28,17,H,0.1509,0.14794900,0.13024664,True,
TS,JPCA_2004_108_5197.txt-ts28,18,H,0.1493,0.16734837,0.14581647,True,
TS,JPCA_2004_108_5197.txt-ts28,19,H,0.1640,0.18009534,0.15364857,True,
TS,JPCA_2004_108_5197.txt-ts28,20,H,0.1791,0.18385906,0.16079208,True,
TS,JPCA_2004_108_5197.txt-ts28,21,H,0.1369,0.15478327,0.14853078,True,
TS,JPCA_2004_108_5197.txt-ts28,22,H,0.1736,0.19344857,0.17817372,True,
TS,JPCA_2004_108_5197.txt-ts28,23,H,0.1516,0.18037653,0.16652650,True,
TS,JPCA_2004_108_5197.txt-ts28,24,H,0.1609,0.18012767,0.16758497,True,
TS,JPCA_2004_108_5197.txt-ts28,25,H,0.1535,0.17634588,0.16648288,True,
TS,JPCA_2004_108_5197.txt-ts28,26,H,0.1484,0.15600147,0.15009682,True,
TS,JPCA_2004_108_5197.txt-ts28,27,O,-0.6323,-0.59781573,-0.56398883,True,
TS,JPCA_2004_108_5197.txt-ts28,28,H,0.3909,0.27347698,0.28560543,True,
TS,JPCA_2004_108_5197.txt-ts28,29,O,-0.2826,-0.39151895,-0.31446973,True,
TS,JPCA_2004_108_5197.txt-ts28,30,O,-0.2555,-0.36127874,-0.24335083,True,
TS,JPCA_2004_108_5197.txt-ts29,1,C,0.3297,0.29800181,0.28333446,True,
TS,JPCA_2004_108_5197.txt-ts29,2,C,-0.0909,-0.02683928,-0.06525028,True,
TS,JPCA_2004_108_5197.txt-ts29,3,C,0.1596,0.05023321,0.03525008,True,
TS,JPCA_2004_108_5197.txt-ts29,4,C,0.0862,0.09180525,0.08056185,True,
TS,JPCA_2004_108_5197.txt-ts29,5,C,-0.3052,-0.25771193,-0.24896368,True,
TS,JPCA_2004_108_5197.txt-ts29,6,C,-0.1181,-0.10142411,-0.10120315,True,
TS,JPCA_2004_108_5197.txt-ts29,7,C,-0.2774,-0.22675238,-0.22495385,True,
TS,JPCA_2004_108_5197.txt-ts29,8,C,-0.4994,-0.41226928,-0.40419157,True,
TS,JPCA_2004_108_5197.txt-ts29,9,C,-0.4641,-0.44928582,-0.42905128,True,
TS,JPCA_2004_108_5197.txt-ts29,10,C,-0.4742,-0.45721708,-0.43126430,True,
TS,JPCA_2004_108_5197.txt-ts29,11,H,0.1410,0.13685788,0.12392469,True,
TS,JPCA_2004_108_5197.txt-ts29,12,H,0.1737,0.15863940,0.14040414,True,
TS,JPCA_2004_108_5197.txt-ts29,13,H,0.1216,0.14556196,0.13412732,True,
TS,JPCA_2004_108_5197.txt-ts29,14,H,0.1511,0.14880968,0.13547631,True,
TS,JPCA_2004_108_5197.txt-ts29,15,H,0.1266,0.11466552,0.10924548,True,
TS,JPCA_2004_108_5197.txt-ts29,16,H,0.1384,0.13311347,0.12292049,True,
TS,JPCA_2004_108_5197.txt-ts29,17,H,0.1528,0.14830578,0.13118903,True,
TS,JPCA_2004_108_5197.txt-ts29,18,H,0.1494,0.16609225,0.14557129,True,
TS,JPCA_2004_108_5197.txt-ts29,19,H,0.1754,0.18378663,0.15742293,True,
TS,JPCA_2004_108_5197.txt-ts29,20,H,0.1618,0.17757349,0.15530097,True,
TS,JPCA_2004_108_5197.txt-ts29,21,H,0.1375,0.15511691,0.14845057,True,
TS,JPCA_2004_108_5197.txt-ts29,22,H,0.1725,0.19351733,0.17769989,True,
TS,JPCA_2004_108_5197.txt-ts29,23,H,0.1530,0.18107109,0.16697612,True,
TS,JPCA_2004_108_5197.txt-ts29,24,H,0.1608,0.18125145,0.16806767,True,
TS,JPCA_2004_108_5197.txt-ts29,25,H,0.1633,0.18096899,0.17023017,True,
TS,JPCA_2004_108_5197.txt-ts29,26,H,0.1484,0.15713674,0.15048094,True,
TS,JPCA_2004_108_5197.txt-ts29,27,O,-0.6241,-0.59722468,-0.56546901,True,
TS,JPCA_2004_108_5197.txt-ts29,28,H,0.3811,0.27602544,0.28995498,True,
TS,JPCA_2004_108_5197.txt-ts29,29,O,-0.2787,-0.38942935,-0.31236526,True,
TS,JPCA_2004_108_5197.txt-ts29,30,O,-0.2517,-0.36038032,-0.24387699,True,
TS,JPCA_2004_108_5197.txt-ts3,1,C,-0.0123,0.00716171,0.02905300,True,
TS,JPCA_2004_108_5197.txt-ts3,2,C,-0.3356,-0.23931812,-0.24413544,True,
TS,JPCA_2004_108_5197.txt-ts3,3,C,-0.0668,-0.03298202,-0.05895424,True,
TS,JPCA_2004_108_5197.txt-ts3,4,C,-0.2105,-0.15038760,-0.19011433,True,
TS,JPCA_2004_108_5197.txt-ts3,5,O,-0.2395,-0.34866798,-0.29712498,True,
TS,JPCA_2004_108_5197.txt-ts3,6,O,-0.2550,-0.33431539,-0.23635640,True,
TS,JPCA_2004_108_5197.txt-ts3,7,H,0.1563,0.15738568,0.14234715,True,
TS,JPCA_2004_108_5197.txt-ts3,8,H,0.1594,0.15056342,0.13685243,True,
TS,JPCA_2004_108_5197.txt-ts3,9,H,0.1521,0.14564993,0.12663142,True,
TS,JPCA_2004_108_5197.txt-ts3,10,H,0.1704,0.16971493,0.14767528,True,
TS,JPCA_2004_108_5197.txt-ts3,11,H,0.1737,0.17369743,0.14891122,True,
TS,JPCA_2004_108_5197.txt-ts3,12,H,0.1559,0.14523806,0.14309594,True,
TS,JPCA_2004_108_5197.txt-ts3,13,H,0.1519,0.15625996,0.15211895,True,
TS,JPCA_2004_108_5197.txt-ts30,1,C,0.3470,0.30019518,0.28693096,True,
TS,JPCA_2004_108_5197.txt-ts30,2,C,-0.0991,-0.13160995,-0.13774452,True,
TS,JPCA_2004_108_5197.txt-ts30,3,C,0.1592,0.15206883,0.10472351,True,
TS,JPCA_2004_108_5197.txt-ts30,4,C,0.1315,0.09138684,0.08086401,True,
TS,JPCA_2004_108_5197.txt-ts30,5,C,-0.3076,-0.24081745,-0.23827427,True,
TS,JPCA_2004_108_5197.txt-ts30,6,C,-0.1231,-0.10465575,-0.10374462,True,
TS,JPCA_2004_108_5197.txt-ts30,7,C,-0.3146,-0.22457049,-0.22292805,True,
TS,JPCA_2004_108_5197.txt-ts30,8,C,-0.4779,-0.41967606,-0.41126421,True,
TS,JPCA_2004_108_5197.txt-ts30,9,C,-0.4695,-0.44764171,-0.42714535,True,
TS,JPCA_2004_108_5197.txt-ts30,10,C,-0.4745,-0.46041735,-0.43348624,True,
TS,JPCA_2004_108_5197.txt-ts30,11,H,0.1351,0.13349095,0.12148132,True,
TS,JPCA_2004_108_5197.txt-ts30,12,H,0.1732,0.16673500,0.14661261,True,
TS,JPCA_2004_108_5197.txt-ts30,13,H,0.1232,0.14646220,0.13487930,True,
TS,JPCA_2004_108_5197.txt-ts30,14,H,0.1532,0.14894546,0.13461865,True,
TS,JPCA_2004_108_5197.txt-ts30,15,H,0.1269,0.11460831,0.10918264,True,
TS,JPCA_2004_108_5197.txt-ts30,16,H,0.1439,0.13188846,0.12099139,True,
TS,JPCA_2004_108_5197.txt-ts30,17,H,0.1566,0.13619187,0.12250186,True,
TS,JPCA_2004_108_5197.txt-ts30,18,H,0.1508,0.17354533,0.14978816,True,
TS,JPCA_2004_108_5197.txt-ts30,19,H,0.1716,0.19242064,0.16383098,True,
TS,JPCA_2004_108_5197.txt-ts30,20,H,0.1607,0.17616991,0.15427446,True,
TS,JPCA_2004_108_5197.txt-ts30,21,H,0.1364,0.15429925,0.14832936,True,
TS,JPCA_2004_108_5197.txt-ts30,22,H,0.1742,0.19791768,0.18216208,True,
TS,JPCA_2004_108_5197.txt-ts30,23,H,0.1515,0.18005765,0.16634216,True,
TS,JPCA_2004_108_5197.txt-ts30,24,H,0.1631,0.18381905,0.17066409,True,
TS,JPCA_2004_108_5197.txt-ts30,25,H,0.1577,0.17552502,0.16607913,True,
TS,JPCA_2004_108_5197.txt-ts30,26,H,0.1480,0.15622681,0.15026777,True,
TS,JPCA_2004_108_5197.txt-ts30,27,O,-0.6240,-0.59705620,-0.56482180,True,
TS,JPCA_2004_108_5197.txt-ts30,28,H,0.3799,0.27622012,0.29064775,True,
TS,JPCA_2004_108_5197.txt-ts30,29,O,-0.2894,-0.39551821,-0.31971786,True,
TS,JPCA_2004_108_5197.txt-ts30,30,O,-0.2638,-0.36621140,-0.24604525,True,
TS,JPCA_2004_108_5197.txt-ts31,1,C,0.3485,0.29932534,0.28637139,True,
TS,JPCA_2004_108_5197.txt-ts31,2,C,-0.0820,-0.12086310,-0.12678214,True,
TS,JPCA_2004_108_5197.txt-ts31,3,C,0.1996,0.15549929,0.10642648,True,
TS,JPCA_2004_108_5197.txt-ts31,4,C,0.1113,0.09247234,0.08318026,True,
TS,JPCA_2004_108_5197.txt-ts31,5,C,-0.3025,-0.22620141,-0.22730929,True,
TS,JPCA_2004_108_5197.txt-ts31,6,C,-0.1287,-0.10608501,-0.10527680,True,
TS,JPCA_2004_108_5197.txt-ts31,7,C,-0.3157,-0.22238543,-0.22136714,True,
TS,JPCA_2004_108_5197.txt-ts31,8,C,-0.5138,-0.42920723,-0.41812418,True,
TS,JPCA_2004_108_5197.txt-ts31,9,C,-0.4687,-0.44751315,-0.42699051,True,
TS,JPCA_2004_108_5197.txt-ts31,10,C,-0.4744,-0.46081877,-0.43357673,True,
TS,JPCA_2004_108_5197.txt-ts31,11,H,0.1326,0.13351118,0.12090448,True,
TS,JPCA_2004_108_5197.txt-ts31,12,H,0.1532,0.14960940,0.12882901,True,
TS,JPCA_2004_108_5197.txt-ts31,13,H,0.1559,0.16388295,0.15094560,True,
TS,JPCA_2004_108_5197.txt-ts31,14,H,0.1458,0.14678250,0.13137850,True,
TS,JPCA_2004_108_5197.txt-ts31,15,H,0.1267,0.11545816,0.10950303,True,
TS,JPCA_2004_108_5197.txt-ts31,16,H,0.1517,0.13656237,0.12520060,True,
TS,JPCA_2004_108_5197.txt-ts31,17,H,0.1530,0.13573359,0.12144479,True,
TS,JPCA_2004_108_5197.txt-ts31,18,H,0.1633,0.17512680,0.15195478,True,
TS,JPCA_2004_108_5197.txt-ts31,19,H,0.1626,0.18245792,0.15493727,True,
TS,JPCA_2004_108_5197.txt-ts31,20,H,0.1587,0.16974948,0.14886593,True,
TS,JPCA_2004_108_5197.txt-ts31,21,H,0.1362,0.15420647,0.14842585,True,
TS,JPCA_2004_108_5197.txt-ts31,22,H,0.1733,0.19755900,0.18184237,True,
TS,JPCA_2004_108_5197.txt-ts31,23,H,0.1499,0.17969537,0.16583926,True,
TS,JPCA_2004_108_5197.txt-ts31,24,H,0.1613,0.18318370,0.16993859,True,
TS,JPCA_2004_108_5197.txt-ts31,25,H,0.1566,0.17458197,0.16545852,True,
TS,JPCA_2004_108_5197.txt-ts31,26,H,0.1478,0.15608763,0.15032568,True,
TS,JPCA_2004_108_5197.txt-ts31,27,O,-0.6346,-0.59778295,-0.56418823,True,
TS,JPCA_2004_108_5197.txt-ts31,28,H,0.3948,0.27527273,0.28966331,True,
TS,JPCA_2004_108_5197.txt-ts31,29,O,-0.2923,-0.39757315,-0.32105268,True,
TS,JPCA_2004_108_5197.txt-ts31,30,O,-0.2702,-0.36832800,-0.24676799,True,
TS,JPCA_2004_108_5197.txt-ts32,1,C,0.3490,0.29914759,0.28649135,True,
TS,JPCA_2004_108_5197.txt-ts32,2,C,-0.0782,-0.12309078,-0.13060854,True,
TS,JPCA_2004_108_5197.txt-ts32,3,C,0.1861,0.17055183,0.12061856,True,
TS,JPCA_2004_108_5197.txt-ts32,4,C,0.1253,0.08899205,0.07956437,True,
TS,JPCA_2004_108_5197.txt-ts32,5,C,-0.3161,-0.24188090,-0.23941686,True,
TS,JPCA_2004_108_5197.txt-ts32,6,C,-0.1253,-0.10359207,-0.10288501,True,
TS,JPCA_2004_108_5197.txt-ts32,7,C,-0.3156,-0.22242812,-0.22184289,True,
TS,JPCA_2004_108_5197.txt-ts32,8,C,-0.4846,-0.41915432,-0.41145451,True,
TS,JPCA_2004_108_5197.txt-ts32,9,C,-0.4687,-0.44793417,-0.42693848,True,
TS,JPCA_2004_108_5197.txt-ts32,10,C,-0.4737,-0.46178607,-0.43394503,True,
TS,JPCA_2004_108_5197.txt-ts32,11,H,0.1343,0.13399977,0.12131263,True,
TS,JPCA_2004_108_5197.txt-ts32,12,H,0.1523,0.15046369,0.13003896,True,
TS,JPCA_2004_108_5197.txt-ts32,13,H,0.1469,0.15595167,0.14447412,True,
TS,JPCA_2004_108_5197.txt-ts32,14,H,0.1341,0.14089422,0.12628925,True,
TS,JPCA_2004_108_5197.txt-ts32,15,H,0.1257,0.11425230,0.10858342,True,
TS,JPCA_2004_108_5197.txt-ts32,16,H,0.1512,0.13590804,0.12438312,True,
TS,JPCA_2004_108_5197.txt-ts32,17,H,0.1533,0.13527507,0.12096147,True,
TS,JPCA_2004_108_5197.txt-ts32,18,H,0.1498,0.17366144,0.14906546,True,
TS,JPCA_2004_108_5197.txt-ts32,19,H,0.1629,0.18846786,0.15920190,True,
TS,JPCA_2004_108_5197.txt-ts32,20,H,0.1767,0.18298031,0.16010381,True,
TS,JPCA_2004_108_5197.txt-ts32,21,H,0.1357,0.15376460,0.14829995,True,
TS,JPCA_2004_108_5197.txt-ts32,22,H,0.1743,0.19739387,0.18230156,True,
TS,JPCA_2004_108_5197.txt-ts32,23,H,0.1501,0.17934426,0.16585194,True,
TS,JPCA_2004_108_5197.txt-ts32,24,H,0.1621,0.18258053,0.16989993,True,
TS,JPCA_2004_108_5197.txt-ts32,25,H,0.1537,0.17290642,0.16411537,True,
TS,JPCA_2004_108_5197.txt-ts32,26,H,0.1478,0.15537719,0.15002840,True,
TS,JPCA_2004_108_5197.txt-ts32,27,O,-0.6366,-0.59871275,-0.56276152,True,
TS,JPCA_2004_108_5197.txt-ts32,28,H,0.3925,0.27392004,0.28661366,True,
TS,JPCA_2004_108_5197.txt-ts32,29,O,-0.2945,-0.39811798,-0.32192758,True,
TS,JPCA_2004_108_5197.txt-ts32,30,O,-0.2706,-0.36913560,-0.24641881,True,
TS,JPCA_2004_108_5197.txt-ts33,1,C,0.3473,0.29858259,0.28643522,False,SQE residual 2.73e-09 Hartree/e
TS,JPCA_2004_108_5197.txt-ts33,2,C,-0.0821,-0.10791401,-0.11737564,False,SQE residual 2.73e-09 Hartree/e
TS,JPCA_2004_108_5197.txt-ts33,3,C,0.1983,0.17166103,0.11996338,False,SQE residual 2.73e-09 Hartree/e
TS,JPCA_2004_108_5197.txt-ts33,4,C,0.1356,0.07741120,0.07265365,False,SQE residual 2.73e-09 Hartree/e
TS,JPCA_2004_108_5197.txt-ts33,5,C,-0.3174,-0.25479914,-0.24774125,False,SQE residual 2.73e-09 Hartree/e
TS,JPCA_2004_108_5197.txt-ts33,6,C,-0.1260,-0.10244594,-0.10195443,False,SQE residual 2.73e-09 Hartree/e
TS,JPCA_2004_108_5197.txt-ts33,7,C,-0.3195,-0.20909927,-0.21352988,False,SQE residual 2.73e-09 Hartree/e
TS,JPCA_2004_108_5197.txt-ts33,8,C,-0.4903,-0.41974677,-0.41188681,False,SQE residual 2.73e-09 Hartree/e
TS,JPCA_2004_108_5197.txt-ts33,9,C,-0.4740,-0.46098199,-0.43310308,False,SQE residual 2.73e-09 Hartree/e
TS,JPCA_2004_108_5197.txt-ts33,10,C,-0.4689,-0.44846534,-0.42743911,False,SQE residual 2.73e-09 Hartree/e
TS,JPCA_2004_108_5197.txt-ts33,11,H,0.1380,0.13800395,0.12426403,False,SQE residual 2.73e-09 Hartree/e
TS,JPCA_2004_108_5197.txt-ts33,12,H,0.1330,0.13105987,0.11587694,False,SQE residual 2.73e-09 Hartree/e
TS,JPCA_2004_108_5197.txt-ts33,13,H,0.1471,0.15754759,0.14606039,False,SQE residual 2.73e-09 Hartree/e
TS,JPCA_2004_108_5197.txt-ts33,14,H,0.1357,0.13579360,0.12333947,False,SQE residual 2.73e-09 Hartree/e
TS,JPCA_2004_108_5197.txt-ts33,15,H,0.1263,0.11457250,0.10880171,False,SQE residual 2.73e-09 Hartree/e
TS,JPCA_2004_108_5197.txt-ts33,16,H,0.1542,0.13498770,0.12294167,False,SQE residual 2.73e-09 Hartree/e
TS,JPCA_2004_108_5197.txt-ts33,17,H,0.1589,0.14492021,0.12740118,False,SQE residual 2.73e-09 Hartree/e
TS,JPCA_2004_108_5197.txt-ts33,18,H,0.1606,0.18765413,0.15744343,False,SQE residual 2.73e-09 Hartree/e
TS,JPCA_2004_108_5197.txt-ts33,19,H,0.1521,0.17514466,0.15090019,False,SQE residual 2.73e-09 Hartree/e
TS,JPCA_2004_108_5197.txt-ts33,20,H,0.1769,0.18416185,0.16059061,False,SQE residual 2.73e-09 Hartree/e
TS,JPCA_2004_108_5197.txt-ts33,21,H,0.1629,0.18367724,0.17068161,False,SQE residual 2.73e-09 Hartree/e
TS,JPCA_2004_108_5197.txt-ts33,22,H,0.1541,0.17290922,0.16494898,False,SQE residual 2.73e-09 Hartree/e
TS,JPCA_2004_108_5197.txt-ts33,23,H,0.1468,0.15554111,0.14982509,False,SQE residual 2.73e-09 Hartree/e
TS,JPCA_2004_108_5197.txt-ts33,24,H,0.1361,0.15379187,0.14794769,False,SQE residual 2.73e-09 Hartree/e
TS,JPCA_2004_108_5197.txt-ts33,25,H,0.1678,0.19143969,0.17671117,False,SQE residual 2.73e-09 Hartree/e
TS,JPCA_2004_108_5197.txt-ts33,26,H,0.1518,0.17960205,0.16644380,False,SQE residual 2.73e-09 Hartree/e
TS,JPCA_2004_108_5197.txt-ts33,27,O,-0.6364,-0.59818458,-0.56100816,False,SQE residual 2.73e-09 Hartree/e
TS,JPCA_2004_108_5197.txt-ts33,28,H,0.3912,0.27216195,0.28620418,False,SQE residual 2.73e-09 Hartree/e
TS,JPCA_2004_108_5197.txt-ts33,29,O,-0.2833,-0.38855682,-0.31388328,False,SQE residual 2.73e-09 Hartree/e
TS,JPCA_2004_108_5197.txt-ts33,30,O,-0.2768,-0.37043018,-0.25151276,False,SQE residual 2.73e-09 Hartree/e
TS,JPCA_2004_108_5197.txt-ts34,1,C,0.3466,0.30742055,0.29408044,True,
TS,JPCA_2004_108_5197.txt-ts34,2,C,0.0780,0.08278205,0.08231997,True,
TS,JPCA_2004_108_5197.txt-ts34,3,C,0.1512,0.04071314,0.03274511,True,
TS,JPCA_2004_108_5197.txt-ts34,4,C,0.0928,0.10061098,0.09256672,True,
TS,JPCA_2004_108_5197.txt-ts34,5,C,-0.3087,-0.25836979,-0.24832618,True,
TS,JPCA_2004_108_5197.txt-ts34,6,C,-0.1140,-0.09680942,-0.09428130,True,
TS,JPCA_2004_108_5197.txt-ts34,7,C,-0.2981,-0.25802203,-0.24444209,True,
TS,JPCA_2004_108_5197.txt-ts34,8,C,-0.4923,-0.40640123,-0.39200630,True,
TS,JPCA_2004_108_5197.txt-ts34,9,C,-0.4607,-0.45562657,-0.43506373,True,
TS,JPCA_2004_108_5197.txt-ts34,10,C,-0.4627,-0.45653216,-0.43454343,True,
TS,JPCA_2004_108_5197.txt-ts34,11,H,0.1349,0.11804588,0.11594300,True,
TS,JPCA_2004_108_5197.txt-ts34,12,H,0.2108,0.17199965,0.15846077,True,
TS,JPCA_2004_108_5197.txt-ts34,13,H,0.1152,0.14282154,0.13125400,True,
TS,JPCA_2004_108_5197.txt-ts34,14,H,0.1581,0.15085622,0.14106921,True,
TS,JPCA_2004_108_5197.txt-ts34,15,H,0.1240,0.11446869,0.11036294,True,
TS,JPCA_2004_108_5197.txt-ts34,16,H,0.1329,0.13570628,0.12909058,True,
TS,JPCA_2004_108_5197.txt-ts34,17,H,0.1543,0.14608683,0.13860249,True,
TS,JPCA_2004_108_5197.txt-ts34,18,H,0.1646,0.16717729,0.15092220,True,
TS,JPCA_2004_108_5197.txt-ts34,19,H,0.1945,0.18609896,0.16721906,True,
TS,JPCA_2004_108_5197.txt-ts34,20,H,0.1645,0.16834141,0.15113853,True,
TS,JPCA_2004_108_5197.txt-ts34,21,H,0.1261,0.15559130,0.14353107,True,
TS,JPCA_2004_108_5197.txt-ts34,22,H,0.1551,0.18819814,0.17056602,True,
TS,JPCA_2004_108_5197.txt-ts34,23,H,0.1492,0.17952444,0.16461061,True,
TS,JPCA_2004_108_5197.txt-ts34,24,H,0.1588,0.18258068,0.16727666,True,
TS,JPCA_2004_108_5197.txt-ts34,25,H,0.1544,0.18070625,0.16541104,True,
TS,JPCA_2004_108_5197.txt-ts34,26,H,0.1372,0.15703656,0.14504865,True,
TS,JPCA_2004_108_5197.txt-ts34,27,O,-0.6208,-0.59541494,-0.56264421,True,
TS,JPCA_2004_108_5197.txt-ts34,28,H,0.3834,0.27526310,0.29031669,True,
TS,JPCA_2004_108_5197.txt-ts34,29,O,-0.3891,-0.42167208,-0.38307760,True,
TS,JPCA_2004_108_5197.txt-ts34,30,O,-0.3402,-0.40318176,-0.34815093,True,
TS,JPCA_2004_108_5197.txt-ts36,1,C,0.3389,0.30834663,0.29154639,True,
TS,JPCA_2004_108_5197.txt-ts36,2,C,-0.0971,-0.02245174,-0.05851820,True,
TS,JPCA_2004_108_5197.txt-ts36,3,C,0.2101,0.07125868,0.05442654,True,
TS,JPCA_2004_108_5197.txt-ts36,4,C,0.0724,0.08480578,0.07813980,True,
TS,JPCA_2004_108_5197.txt-ts36,5,C,-0.2977,-0.26089467,-0.24821890,True,
TS,JPCA_2004_108_5197.txt-ts36,6,C,-0.1181,-0.09039916,-0.09160594,True,
TS,JPCA_2004_108_5197.txt-ts36,7,C,-0.2801,-0.22912930,-0.22615109,True,
TS,JPCA_2004_108_5197.txt-ts36,8,C,-0.5020,-0.41242394,-0.40366714,True,
TS,JPCA_2004_108_5197.txt-ts36,9,C,-0.4624,-0.45393004,-0.43238255,True,
TS,JPCA_2004_108_5197.txt-ts36,10,C,-0.4790,-0.45167471,-0.42968408,True,
TS,JPCA_2004_108_5197.txt-ts36,11,H,0.1412,0.13556107,0.12325790,True,
TS,JPCA_2004_108_5197.txt-ts36,12,H,0.1183,0.10044662,0.09601613,True,
TS,JPCA_2004_108_5197.txt-ts36,13,H,0.1324,0.12920627,0.12234633,True,
TS,JPCA_2004_108_5197.txt-ts36,14,H,0.1342,0.14450477,0.13223980,True,
TS,JPCA_2004_108_5197.txt-ts36,15,H,0.1243,0.11059855,0.10588447,True,
TS,JPCA_2004_108_5197.txt-ts36,16,H,0.1356,0.12953245,0.11987634,True,
TS,JPCA_2004_108_5197.txt-ts36,17,H,0.1526,0.14827346,0.13185981,True,
TS,JPCA_2004_108_5197.txt-ts36,18,H,0.1500,0.16652744,0.14619388,True,
TS,JPCA_2004_108_5197.txt-ts36,19,H,0.1963,0.19991730,0.17206735,True,
TS,JPCA_2004_108_5197.txt-ts36,20,H,0.1423,0.15952000,0.13999384,True,
TS,JPCA_2004_108_5197.txt-ts36,21,H,0.1346,0.15351588,0.14622343,True,
TS,JPCA_2004_108_5197.txt-ts36,22,H,0.1672,0.18987267,0.17430175,True,
TS,JPCA_2004_108_5197.txt-ts36,23,H,0.1527,0.18190856,0.16737027,True,
TS,JPCA_2004_108_5197.txt-ts36,24,H,0.1550,0.18021666,0.16581395,True,
TS,JPCA_2004_108_5197.txt-ts36,25,H,0.1721,0.20016420,0.18341106,True,
TS,JPCA_2004_108_5197.txt-ts36,26,H,0.1392,0.15430900,0.14597095,True,
TS,JPCA_2004_108_5197.txt-ts36,27,O,-0.6072,-0.57350169,-0.54418582,True,
TS,JPCA_2004_108_5197.txt-ts36,28,H,0.3872,0.26818731,0.28256681,True,
TS,JPCA_2004_108_5197.txt-ts36,29,O,-0.2648,-0.36761912,-0.29829115,True,
TS,JPCA_2004_108_5197.txt-ts36,30,O,-0.2484,-0.35464892,-0.24680194,True,
TS,JPCA_2004_108_5197.txt-ts37,1,C,0.3211,0.29747365,0.28019667,True,
TS,JPCA_2004_108_5197.txt-ts37,2,C,-0.0978,-0.02710902,-0.06618977,True,
TS,JPCA_2004_108_5197.txt-ts37,3,C,0.1772,0.04727870,0.03349919,True,
TS,JPCA_2004_108_5197.txt-ts37,4,C,0.0895,0.08782287,0.07639717,True,
TS,JPCA_2004_108_5197.txt-ts37,5,C,-0.3069,-0.26152340,-0.25054669,True,
TS,JPCA_2004_108_5197.txt-ts37,6,C,-0.1195,-0.09474940,-0.09618162,True,
TS,JPCA_2004_108_5197.txt-ts37,7,C,-0.2793,-0.22867993,-0.22610771,True,
TS,JPCA_2004_108_5197.txt-ts37,8,C,-0.5075,-0.41877367,-0.40807788,True,
TS,JPCA_2004_108_5197.txt-ts37,9,C,-0.4612,-0.44979683,-0.42907131,True,
TS,JPCA_2004_108_5197.txt-ts37,10,C,-0.4849,-0.45685517,-0.43235324,True,
TS,JPCA_2004_108_5197.txt-ts37,11,H,0.1447,0.13621771,0.12346706,True,
TS,JPCA_2004_108_5197.txt-ts37,12,H,0.1348,0.11968218,0.11361360,True,
TS,JPCA_2004_108_5197.txt-ts37,13,H,0.1338,0.13407969,0.12621495,True,
TS,JPCA_2004_108_5197.txt-ts37,14,H,0.1553,0.15204689,0.13896314,True,
TS,JPCA_2004_108_5197.txt-ts37,15,H,0.1285,0.11268478,0.10796324,True,
TS,JPCA_2004_108_5197.txt-ts37,16,H,0.1428,0.13122040,0.12197475,True,
TS,JPCA_2004_108_5197.txt-ts37,17,H,0.1532,0.14783944,0.13087476,True,
TS,JPCA_2004_108_5197.txt-ts37,18,H,0.1556,0.16924967,0.14837141,True,
TS,JPCA_2004_108_5197.txt-ts37,19,H,0.1870,0.19059223,0.16501097,True,
TS,JPCA_2004_108_5197.txt-ts37,20,H,0.1549,0.15935029,0.14111462,True,
TS,JPCA_2004_108_5197.txt-ts37,21,H,0.1403,0.15428600,0.14795559,True,
TS,JPCA_2004_108_5197.txt-ts37,22,H,0.1725,0.19214317,0.17633649,True,
TS,JPCA_2004_108_5197.txt-ts37,23,H,0.1547,0.18131948,0.16709899,True,
TS,JPCA_2004_108_5197.txt-ts37,24,H,0.1595,0.18069622,0.16701453,True,
TS,JPCA_2004_108_5197.txt-ts37,25,H,0.1742,0.19045780,0.17737314,True,
TS,JPCA_2004_108_5197.txt-ts37,26,H,0.1502,0.15690601,0.15013992,True,
TS,JPCA_2004_108_5197.txt-ts37,27,O,-0.6501,-0.58690676,-0.56085054,True,
TS,JPCA_2004_108_5197.txt-ts37,28,H,0.4278,0.33900643,0.33296371,True,
TS,JPCA_2004_108_5197.txt-ts37,29,O,-0.3050,-0.39651759,-0.31753455,True,
TS,JPCA_2004_108_5197.txt-ts37,30,O,-0.2454,-0.35944184,-0.23963058,True,
TS,JPCA_2004_108_5197.txt-ts38,1,C,-0.0808,0.00128520,-0.03842397,True,
TS,JPCA_2004_108_5197.txt-ts38,2,C,0.1326,0.03761977,0.02160525,True,
TS,JPCA_2004_108_5197.txt-ts38,3,C,-0.3320,-0.22975651,-0.22804392,True,
TS,JPCA_2004_108_5197.txt-ts38,4,C,-0.2847,-0.21922801,-0.21589873,True,
TS,JPCA_2004_108_5197.txt-ts38,5,C,-0.1113,-0.10135908,-0.10125937,True,
TS,JPCA_2004_108_5197.txt-ts38,6,C,-0.2784,-0.22664676,-0.22410698,True,
TS,JPCA_2004_108_5197.txt-ts38,7,C,-0.0726,-0.07622616,-0.07135678,True,
TS,JPCA_2004_108_5197.txt-ts38,8,C,0.3313,0.30029909,0.28524056,True,
TS,JPCA_2004_108_5197.txt-ts38,9,H,0.1237,0.11322796,0.10710284,True,
TS,JPCA_2004_108_5197.txt-ts38,10,O,-0.2796,-0.38693777,-0.31193560,True,
TS,JPCA_2004_108_5197.txt-ts38,11,C,-0.4636,-0.44866691,-0.42945355,True,
TS,JPCA_2004_108_5197.txt-ts38,12,C,-0.4729,-0.45898380,-0.43211505,True,
TS,JPCA_2004_108_5197.txt-ts38,13,O,-0.2518,-0.35269476,-0.24098298,True,
TS,JPCA_2004_108_5197.txt-ts38,14,H,0.1528,0.15600266,0.13843365,True,
TS,JPCA_2004_108_5197.txt-ts38,15,H,0.1766,0.16832431,0.14440445,True,
TS,JPCA_2004_108_5197.txt-ts38,16,H,0.1361,0.13348801,0.12286208,True,
TS,JPCA_2004_108_5197.txt-ts38,17,H,0.1395,0.12996769,0.11727194,True,
TS,JPCA_2004_108_5197.txt-ts38,18,H,0.1372,0.13443812,0.12357944,True,
TS,JPCA_2004_108_5197.txt-ts38,19,H,0.1522,0.14952622,0.13178418,True,
TS,JPCA_2004_108_5197.txt-ts38,20,H,0.1379,0.13132725,0.11827951,True,
TS,JPCA_2004_108_5197.txt-ts38,21,H,0.1365,0.15529359,0.14777239,True,
TS,JPCA_2004_108_5197.txt-ts38,22,H,0.1729,0.19450353,0.17778091,True,
TS,JPCA_2004_108_5197.txt-ts38,23,H,0.1523,0.18231575,0.16704325,True,
TS,JPCA_2004_108_5197.txt-ts38,24,H,0.1476,0.15577521,0.14909548,True,
TS,JPCA_2004_108_5197.txt-ts38,25,H,0.1600,0.18078892,0.16714914,True,
TS,JPCA_2004_108_5197.txt-ts38,26,H,0.1585,0.17682830,0.16690012,True,
TS,JPCA_2004_108_5197.txt-ts38,27,O,-0.6064,-0.57240754,-0.54922045,True,
TS,JPCA_2004_108_5197.txt-ts38,28,H,0.1778,0.16496848,0.14804309,True,
TS,JPCA_2004_108_5197.txt-ts38,29,H,0.1234,0.12753121,0.11796660,True,
TS,JPCA_2004_108_5197.txt-ts38,30,H,0.3851,0.27939602,0.29048251,True,
TS,JPCA_2004_108_5197.txt-ts39,1,C,-0.0878,-0.00592162,-0.04525803,True,
TS,JPCA_2004_108_5197.txt-ts39,2,C,0.1545,0.03558146,0.02085938,True,
TS,JPCA_2004_108_5197.txt-ts39,3,C,-0.3392,-0.23029618,-0.22820982,True,
TS,JPCA_2004_108_5197.txt-ts39,4,C,-0.2859,-0.21977092,-0.21605904,True,
TS,JPCA_2004_108_5197.txt-ts39,5,C,-0.1137,-0.10171383,-0.10185414,True,
TS,JPCA_2004_108_5197.txt-ts39,6,C,-0.2844,-0.22683524,-0.22397228,True,
TS,JPCA_2004_108_5197.txt-ts39,7,C,-0.0708,-0.07219893,-0.06907033,True,
TS,JPCA_2004_108_5197.txt-ts39,8,C,0.3303,0.30090361,0.28627477,True,
TS,JPCA_2004_108_5197.txt-ts39,9,H,0.1258,0.11300158,0.10721435,True,
TS,JPCA_2004_108_5197.txt-ts39,10,O,-0.2857,-0.38883928,-0.31282205,True,
TS,JPCA_2004_108_5197.txt-ts39,11,C,-0.4627,-0.44914686,-0.42948681,True,
TS,JPCA_2004_108_5197.txt-ts39,12,C,-0.4729,-0.45890848,-0.43161073,True,
TS,JPCA_2004_108_5197.txt-ts39,13,O,-0.2756,-0.36556699,-0.24842993,True,
TS,JPCA_2004_108_5197.txt-ts39,14,H,0.1661,0.15235403,0.13635842,True,
TS,JPCA_2004_108_5197.txt-ts39,15,H,0.1744,0.16464391,0.14156601,True,
TS,JPCA_2004_108_5197.txt-ts39,16,H,0.1394,0.13288857,0.12294848,True,
TS,JPCA_2004_108_5197.txt-ts39,17,H,0.1414,0.12961452,0.11713858,True,
TS,JPCA_2004_108_5197.txt-ts39,18,H,0.1445,0.13433987,0.12425736,True,
TS,JPCA_2004_108_5197.txt-ts39,19,H,0.1538,0.14831426,0.13077454,True,
TS,JPCA_2004_108_5197.txt-ts39,20,H,0.1485,0.13096130,0.11874377,True,
TS,JPCA_2004_108_5197.txt-ts39,21,H,0.1378,0.15486556,0.14816859,True,
TS,JPCA_2004_108_5197.txt-ts39,22,H,0.1720,0.19342137,0.17742213,True,
TS,JPCA_2004_108_5197.txt-ts39,23,H,0.1533,0.18213085,0.16735285,True,
TS,JPCA_2004_108_5197.txt-ts39,24,H,0.1490,0.15528072,0.14932996,True,
TS,JPCA_2004_108_5197.txt-ts39,25,H,0.1608,0.18032459,0.16722914,True,
TS,JPCA_2004_108_5197.txt-ts39,26,H,0.1590,0.17669811,0.16737147,True,
TS,JPCA_2004_108_5197.txt-ts39,27,O,-0.6276,-0.56925067,-0.55020334,True,
TS,JPCA_2004_108_5197.txt-ts39,28,H,0.1317,0.13695161,0.12414658,True,
TS,JPCA_2004_108_5197.txt-ts39,29,H,0.1551,0.14075456,0.13043506,True,
TS,JPCA_2004_108_5197.txt-ts39,30,H,0.4089,0.32541851,0.31938505,True,
TS,JPCA_2004_108_5197.txt-ts40,1,C,-0.0803,0.00569780,-0.03529478,True,
TS,JPCA_2004_108_5197.txt-ts40,2,C,0.1669,0.05840188,0.03969426,True,
TS,JPCA_2004_108_5197.txt-ts40,3,C,-0.3320,-0.23419444,-0.23195822,True,
TS,JPCA_2004_108_5197.txt-ts40,4,C,-0.2847,-0.21840940,-0.21531902,True,
TS,JPCA_2004_108_5197.txt-ts40,5,C,-0.1118,-0.10199797,-0.10202237,True,
TS,JPCA_2004_108_5197.txt-ts40,6,C,-0.2798,-0.22586798,-0.22403105,True,
TS,JPCA_2004_108_5197.txt-ts40,7,C,-0.0763,-0.07479125,-0.06868857,True,
TS,JPCA_2004_108_5197.txt-ts40,8,C,0.3332,0.30018763,0.28574857,True,
TS,JPCA_2004_108_5197.txt-ts40,9,H,0.1222,0.11307314,0.10673927,True,
TS,JPCA_2004_108_5197.txt-ts40,10,O,-0.2839,-0.38886721,-0.31357505,True,
TS,JPCA_2004_108_5197.txt-ts40,11,C,-0.4631,-0.44935756,-0.42964866,True,
TS,JPCA_2004_108_5197.txt-ts40,12,C,-0.4726,-0.45983215,-0.43239496,True,
TS,JPCA_2004_108_5197.txt-ts40,13,O,-0.2600,-0.35541692,-0.24193947,True,
TS,JPCA_2004_108_5197.txt-ts40,14,H,0.1685,0.16471769,0.14613351,True,
TS,JPCA_2004_108_5197.txt-ts40,15,H,0.1715,0.16641834,0.14214435,True,
TS,JPCA_2004_108_5197.txt-ts40,16,H,0.1380,0.13419238,0.12356445,True,
TS,JPCA_2004_108_5197.txt-ts40,17,H,0.1375,0.12934033,0.11629659,True,
TS,JPCA_2004_108_5197.txt-ts40,18,H,0.1410,0.13678147,0.12555362,True,
TS,JPCA_2004_108_5197.txt-ts40,19,H,0.1502,0.14955270,0.13113762,True,
TS,JPCA_2004_108_5197.txt-ts40,20,H,0.1387,0.13225281,0.11889252,True,
TS,JPCA_2004_108_5197.txt-ts40,21,H,0.1356,0.15474150,0.14765423,True,
TS,JPCA_2004_108_5197.txt-ts40,22,H,0.1728,0.19395782,0.17769909,True,
TS,JPCA_2004_108_5197.txt-ts40,23,H,0.1501,0.18135914,0.16632862,True,
TS,JPCA_2004_108_5197.txt-ts40,24,H,0.1469,0.15517517,0.14892983,True,
TS,JPCA_2004_108_5197.txt-ts40,25,H,0.1583,0.17979664,0.16644745,True,
TS,JPCA_2004_108_5197.txt-ts40,26,H,0.1575,0.17598038,0.16658143,True,
TS,JPCA_2004_108_5197.txt-ts40,27,O,-0.6175,-0.57672208,-0.55160477,True,
TS,JPCA_2004_108_5197.txt-ts40,28,H,0.1477,0.14208402,0.12612288,True,
TS,JPCA_2004_108_5197.txt-ts40,29,H,0.1267,0.12888913,0.11957572,True,
TS,JPCA_2004_108_5197.txt-ts40,30,H,0.3985,0.28285701,0.29123290,True,
TS,JPCA_2004_108_5197.txt-ts41,1,C,-0.0917,-0.02144880,-0.05770574,True,
TS,JPCA_2004_108_5197.txt-ts41,2,C,0.2123,0.05324464,0.03740920,True,
TS,JPCA_2004_108_5197.txt-ts41,3,C,-0.3486,-0.21398946,-0.21742289,True,
TS,JPCA_2004_108_5197.txt-ts41,4,C,-0.2865,-0.22018192,-0.21709901,True,
TS,JPCA_2004_108_5197.txt-ts41,5,C,-0.1131,-0.10166174,-0.10185276,True,
TS,JPCA_2004_108_5197.txt-ts41,6,C,-0.2779,-0.22070057,-0.21926202,True,
TS,JPCA_2004_108_5197.txt-ts41,7,C,-0.1184,-0.07811503,-0.07462280,True,
TS,JPCA_2004_108_5197.txt-ts41,8,C,0.3319,0.30020618,0.28563114,True,
TS,JPCA_2004_108_5197.txt-ts41,9,H,0.1245,0.11387593,0.10751494,True,
TS,JPCA_2004_108_5197.txt-ts41,10,O,-0.2822,-0.38870225,-0.31261183,True,
TS,JPCA_2004_108_5197.txt-ts41,11,C,-0.4627,-0.44915186,-0.42967117,True,
TS,JPCA_2004_108_5197.txt-ts41,12,C,-0.4724,-0.45853593,-0.43164322,True,
TS,JPCA_2004_108_5197.txt-ts41,13,O,-0.2585,-0.36169338,-0.24695571,True,
TS,JPCA_2004_108_5197.txt-ts41,14,H,0.1405,0.13647965,0.12211847,True,
TS,JPCA_2004_108_5197.txt-ts41,15,H,0.1652,0.16640008,0.14104015,True,
TS,JPCA_2004_108_5197.txt-ts41,16,H,0.1411,0.13718126,0.12561396,True,
TS,JPCA_2004_108_5197.txt-ts41,17,H,0.1389,0.13115699,0.11753996,True,
TS,JPCA_2004_108_5197.txt-ts41,18,H,0.1428,0.13591470,0.12532556,True,
TS,JPCA_2004_108_5197.txt-ts41,19,H,0.1512,0.14831502,0.13044490,True,
TS,JPCA_2004_108_5197.txt-ts41,20,H,0.1477,0.14770968,0.13077689,True,
TS,JPCA_2004_108_5197.txt-ts41,21,H,0.1368,0.15543795,0.14825659,True,
TS,JPCA_2004_108_5197.txt-ts41,22,H,0.1719,0.19348189,0.17706736,True,
TS,JPCA_2004_108_5197.txt-ts41,23,H,0.1517,0.18193298,0.16684443,True,
TS,JPCA_2004_108_5197.txt-ts41,24,H,0.1480,0.15616100,0.14962842,True,
TS,JPCA_2004_108_5197.txt-ts41,25,H,0.1594,0.18066167,0.16697384,True,
TS,JPCA_2004_108_5197.txt-ts41,26,H,0.1575,0.17718499,0.16747684,True,
TS,JPCA_2004_108_5197.txt-ts41,27,O,-0.6121,-0.57781261,-0.55038907,True,
TS,JPCA_2004_108_5197.txt-ts41,28,H,0.1536,0.14930103,0.13730689,True,
TS,JPCA_2004_108_5197.txt-ts41,29,H,0.1535,0.14865403,0.13140937,True,
TS,JPCA_2004_108_5197.txt-ts41,30,H,0.3958,0.27869390,0.29085733,True,
TS,JPCA_2004_108_5197.txt-ts42,1,C,-0.0979,-0.02056237,-0.05711936,True,
TS,JPCA_2004_108_5197.txt-ts42,2,C,0.1654,0.04467671,0.02990955,True,
TS,JPCA_2004_108_5197.txt-ts42,3,C,-0.3266,-0.21103360,-0.21524982,True,
TS,JPCA_2004_108_5197.txt-ts42,4,C,-0.2880,-0.22123806,-0.21801303,True,
TS,JPCA_2004_108_5197.txt-ts42,5,C,-0.1121,-0.10160506,-0.10168814,True,
TS,JPCA_2004_108_5197.txt-ts42,6,C,-0.2767,-0.22213544,-0.22010805,True,
TS,JPCA_2004_108_5197.txt-ts42,7,C,-0.0904,-0.08217556,-0.07916906,True,
TS,JPCA_2004_108_5197.txt-ts42,8,C,0.3302,0.29999487,0.28514509,True,
TS,JPCA_2004_108_5197.txt-ts42,9,H,0.1246,0.11363010,0.10730609,True,
TS,JPCA_2004_108_5197.txt-ts42,10,O,-0.2760,-0.38728409,-0.31128911,True,
TS,JPCA_2004_108_5197.txt-ts42,11,C,-0.4631,-0.44918215,-0.42972281,True,
TS,JPCA_2004_108_5197.txt-ts42,12,C,-0.4736,-0.45823192,-0.43161342,True,
TS,JPCA_2004_108_5197.txt-ts42,13,O,-0.2525,-0.36040524,-0.24728664,True,
TS,JPCA_2004_108_5197.txt-ts42,14,H,0.1398,0.13454625,0.12040753,True,
TS,JPCA_2004_108_5197.txt-ts42,15,H,0.1726,0.17064051,0.14543947,True,
TS,JPCA_2004_108_5197.txt-ts42,16,H,0.1352,0.13576120,0.12394372,True,
TS,JPCA_2004_108_5197.txt-ts42,17,H,0.1404,0.13172002,0.11820703,True,
TS,JPCA_2004_108_5197.txt-ts42,18,H,0.1391,0.13400795,0.12354001,True,
TS,JPCA_2004_108_5197.txt-ts42,19,H,0.1515,0.14800665,0.13041000,True,
TS,JPCA_2004_108_5197.txt-ts42,20,H,0.1581,0.15258500,0.13550139,True,
TS,JPCA_2004_108_5197.txt-ts42,21,H,0.1375,0.15529419,0.14796014,True,
TS,JPCA_2004_108_5197.txt-ts42,22,H,0.1708,0.19275939,0.17632749,True,
TS,JPCA_2004_108_5197.txt-ts42,23,H,0.1531,0.18228427,0.16708613,True,
TS,JPCA_2004_108_5197.txt-ts42,24,H,0.1481,0.15625840,0.14949768,True,
TS,JPCA_2004_108_5197.txt-ts42,25,H,0.1601,0.18122554,0.16732854,True,
TS,JPCA_2004_108_5197.txt-ts42,26,H,0.1611,0.17803618,0.16825179,True,
TS,JPCA_2004_108_5197.txt-ts42,27,O,-0.6108,-0.57901818,-0.55067212,True,
TS,JPCA_2004_108_5197.txt-ts42,28,H,0.1298,0.13897243,0.12600551,True,
TS,JPCA_2004_108_5197.txt-ts42,29,H,0.1664,0.16204201,0.14661609,True,
TS,JPCA_2004_108_5197.txt-ts42,30,H,0.3837,0.28043000,0.29304833,True,
TS,JPCA_2004_108_5197.txt-ts43,1,C,-0.0973,-0.02467592,-0.06148692,True,
TS,JPCA_2004_108_5197.txt-ts43,2,C,0.2117,0.06848228,0.05180470,True,
TS,JPCA_2004_108_5197.txt-ts43,3,C,-0.3304,-0.20971783,-0.21467166,True,
TS,JPCA_2004_108_5197.txt-ts43,4,C,-0.2888,-0.22067882,-0.21778841,True,
TS,JPCA_2004_108_5197.txt-ts43,5,C,-0.1126,-0.10217871,-0.10238896,True,
TS,JPCA_2004_108_5197.txt-ts43,6,C,-0.2776,-0.22022906,-0.21879505,True,
TS,JPCA_2004_108_5197.txt-ts43,7,C,-0.1011,-0.08058076,-0.07564438,True,
TS,JPCA_2004_108_5197.txt-ts43,8,C,0.3318,0.29995562,0.28564590,True,
TS,JPCA_2004_108_5197.txt-ts43,9,H,0.1231,0.11349388,0.10696962,True,
TS,JPCA_2004_108_5197.txt-ts43,10,O,-0.2805,-0.38906784,-0.31280388,True,
TS,JPCA_2004_108_5197.txt-ts43,11,C,-0.4627,-0.44977290,-0.42994052,True,
TS,JPCA_2004_108_5197.txt-ts43,12,C,-0.4729,-0.45896625,-0.43177628,True,
TS,JPCA_2004_108_5197.txt-ts43,13,O,-0.2597,-0.36264330,-0.24797198,True,
TS,JPCA_2004_108_5197.txt-ts43,14,H,0.1399,0.13612762,0.12145868,True,
TS,JPCA_2004_108_5197.txt-ts43,15,H,0.1649,0.16839918,0.14254229,True,
TS,JPCA_2004_108_5197.txt-ts43,16,H,0.1391,0.13755080,0.12554712,True,
TS,JPCA_2004_108_5197.txt-ts43,17,H,0.1379,0.13127773,0.11727482,True,
TS,JPCA_2004_108_5197.txt-ts43,18,H,0.1429,0.13564572,0.12498360,True,
TS,JPCA_2004_108_5197.txt-ts43,19,H,0.1497,0.14767919,0.12957650,True,
TS,JPCA_2004_108_5197.txt-ts43,20,H,0.1699,0.15890801,0.14091662,True,
TS,JPCA_2004_108_5197.txt-ts43,21,H,0.1366,0.15475773,0.14778694,True,
TS,JPCA_2004_108_5197.txt-ts43,22,H,0.1708,0.19242202,0.17634683,True,
TS,JPCA_2004_108_5197.txt-ts43,23,H,0.1512,0.18140704,0.16642479,True,
TS,JPCA_2004_108_5197.txt-ts43,24,H,0.1475,0.15565576,0.14928902,True,
TS,JPCA_2004_108_5197.txt-ts43,25,H,0.1584,0.18017178,0.16652984,True,
TS,JPCA_2004_108_5197.txt-ts43,26,H,0.1600,0.17717215,0.16786526,True,
TS,JPCA_2004_108_5197.txt-ts43,27,O,-0.6188,-0.58087155,-0.55095725,True,
TS,JPCA_2004_108_5197.txt-ts43,28,H,0.1286,0.13741224,0.12522473,True,
TS,JPCA_2004_108_5197.txt-ts43,29,H,0.1446,0.14497216,0.12902743,True,
TS,JPCA_2004_108_5197.txt-ts43,30,H,0.3938,0.27789204,0.28901062,True,
TS,JPCA_2004_108_5197.txt-ts44,1,C,-0.0724,-0.01880381,-0.05647615,True,
TS,JPCA_2004_108_5197.txt-ts44,2,C,0.1403,0.03378962,0.02279316,True,
TS,JPCA_2004_108_5197.txt-ts44,3,C,-0.3222,-0.21455851,-0.21737929,True,
TS,JPCA_2004_108_5197.txt-ts44,4,C,-0.2883,-0.22147835,-0.21759195,True,
TS,JPCA_2004_108_5197.txt-ts44,5,C,-0.1139,-0.10115111,-0.10132397,True,
TS,JPCA_2004_108_5197.txt-ts44,6,C,-0.2847,-0.22649944,-0.22276409,True,
TS,JPCA_2004_108_5197.txt-ts44,7,C,-0.0701,-0.07948265,-0.07851292,True,
TS,JPCA_2004_108_5197.txt-ts44,8,C,0.3293,0.30117074,0.28673846,True,
TS,JPCA_2004_108_5197.txt-ts44,9,H,0.1263,0.11234590,0.10672662,True,
TS,JPCA_2004_108_5197.txt-ts44,10,O,-0.2800,-0.38801790,-0.31270892,True,
TS,JPCA_2004_108_5197.txt-ts44,11,C,-0.4639,-0.45023285,-0.43011459,True,
TS,JPCA_2004_108_5197.txt-ts44,12,C,-0.4731,-0.45825100,-0.43136033,True,
TS,JPCA_2004_108_5197.txt-ts44,13,O,-0.2752,-0.36787650,-0.25107809,True,
TS,JPCA_2004_108_5197.txt-ts44,14,H,0.1480,0.13318895,0.11995565,True,
TS,JPCA_2004_108_5197.txt-ts44,15,H,0.1903,0.18086319,0.15525357,True,
TS,JPCA_2004_108_5197.txt-ts44,16,H,0.1376,0.13237697,0.12208335,True,
TS,JPCA_2004_108_5197.txt-ts44,17,H,0.1421,0.13075924,0.11799725,True,
TS,JPCA_2004_108_5197.txt-ts44,18,H,0.1466,0.13219924,0.12285916,True,
TS,JPCA_2004_108_5197.txt-ts44,19,H,0.1535,0.14606157,0.12927324,True,
TS,JPCA_2004_108_5197.txt-ts44,20,H,0.1453,0.13424836,0.12115866,True,
TS,JPCA_2004_108_5197.txt-ts44,21,H,0.1390,0.15437918,0.14782132,True,
TS,JPCA_2004_108_5197.txt-ts44,22,H,0.1709,0.19264216,0.17668565,True,
TS,JPCA_2004_108_5197.txt-ts44,23,H,0.1543,0.18138766,0.16696317,True,
TS,JPCA_2004_108_5197.txt-ts44,24,H,0.1491,0.15520961,0.14910849,True,
TS,JPCA_2004_108_5197.txt-ts44,25,H,0.1615,0.18091433,0.16762467,True,
TS,JPCA_2004_108_5197.txt-ts44,26,H,0.1634,0.17860372,0.16911168,True,
TS,JPCA_2004_108_5197.txt-ts44,27,O,-0.6244,-0.56417254,-0.54438328,True,
TS,JPCA_2004_108_5197.txt-ts44,28,H,0.1404,0.14105621,0.13139894,True,
TS,JPCA_2004_108_5197.txt-ts44,29,H,0.1193,0.13448414,0.12259206,True,
TS,JPCA_2004_108_5197.txt-ts44,30,H,0.4111,0.33484389,0.32754850,True,
TS,JPCA_2004_108_5197.txt-ts45,1,C,-0.1028,-0.01552537,-0.05077408,True,
TS,JPCA_2004_108_5197.txt-ts45,2,C,0.2211,0.04428764,0.03005792,True,
TS,JPCA_2004_108_5197.txt-ts45,3,C,-0.3523,-0.21465470,-0.21760789,True,
TS,JPCA_2004_108_5197.txt-ts45,4,C,-0.2857,-0.22282549,-0.21837611,True,
TS,JPCA_2004_108_5197.txt-ts45,5,C,-0.1125,-0.10054860,-0.10055518,True,
TS,JPCA_2004_108_5197.txt-ts45,6,C,-0.2764,-0.22450485,-0.22159705,True,
TS,JPCA_2004_108_5197.txt-ts45,7,C,-0.1190,-0.07914865,-0.07446610,True,
TS,JPCA_2004_108_5197.txt-ts45,8,C,0.3315,0.30106135,0.28575042,True,
TS,JPCA_2004_108_5197.txt-ts45,9,H,0.1243,0.11283534,0.10683121,True,
TS,JPCA_2004_108_5197.txt-ts45,10,O,-0.2750,-0.38010280,-0.30745928,True,
TS,JPCA_2004_108_5197.txt-ts45,11,C,-0.4634,-0.44933779,-0.43006777,True,
TS,JPCA_2004_108_5197.txt-ts45,12,C,-0.4727,-0.45733446,-0.43134647,True,
TS,JPCA_2004_108_5197.txt-ts45,13,O,-0.2486,-0.35026234,-0.24152516,True,
TS,JPCA_2004_108_5197.txt-ts45,14,H,0.1404,0.13518594,0.12150840,True,
TS,JPCA_2004_108_5197.txt-ts45,15,H,0.1878,0.18016364,0.15368877,True,
TS,JPCA_2004_108_5197.txt-ts45,16,H,0.1371,0.13285928,0.12210222,True,
TS,JPCA_2004_108_5197.txt-ts45,17,H,0.1396,0.13087156,0.11800853,True,
TS,JPCA_2004_108_5197.txt-ts45,18,H,0.1388,0.13222706,0.12232577,True,
TS,JPCA_2004_108_5197.txt-ts45,19,H,0.1515,0.14823057,0.13117505,True,
TS,JPCA_2004_108_5197.txt-ts45,20,H,0.1279,0.13262362,0.11779953,True,
TS,JPCA_2004_108_5197.txt-ts45,21,H,0.1363,0.15510899,0.14738259,True,
TS,JPCA_2004_108_5197.txt-ts45,22,H,0.1719,0.19393335,0.17701378,True,
TS,JPCA_2004_108_5197.txt-ts45,23,H,0.1527,0.18245908,0.16708699,True,
TS,JPCA_2004_108_5197.txt-ts45,24,H,0.1470,0.15574450,0.14857911,True,
TS,JPCA_2004_108_5197.txt-ts45,25,H,0.1607,0.18182204,0.16761151,True,
TS,JPCA_2004_108_5197.txt-ts45,26,H,0.1585,0.17886346,0.16809722,True,
TS,JPCA_2004_108_5197.txt-ts45,27,O,-0.6001,-0.56293099,-0.54034108,True,
TS,JPCA_2004_108_5197.txt-ts45,28,H,0.1272,0.12529663,0.11631883,True,
TS,JPCA_2004_108_5197.txt-ts45,29,H,0.1616,0.15439008,0.14149732,True,
TS,JPCA_2004_108_5197.txt-ts45,30,H,0.3926,0.27921195,0.29128101,True,
TS,JPCA_2004_108_5197.txt-ts46,1,C,-0.1012,-0.02229308,-0.05785804,True,
TS,JPCA_2004_108_5197.txt-ts46,2,C,0.2032,0.06005550,0.04525374,True,
TS,JPCA_2004_108_5197.txt-ts46,3,C,-0.3201,-0.20405778,-0.21016177,True,
TS,JPCA_2004_108_5197.txt-ts46,4,C,-0.2891,-0.22491245,-0.22038153,True,
TS,JPCA_2004_108_5197.txt-ts46,5,C,-0.1124,-0.10093817,-0.10099322,True,
TS,JPCA_2004_108_5197.txt-ts46,6,C,-0.2759,-0.22424710,-0.22119660,True,
TS,JPCA_2004_108_5197.txt-ts46,7,C,-0.0986,-0.08036641,-0.07341742,True,
TS,JPCA_2004_108_5197.txt-ts46,8,C,0.3328,0.30114727,0.28618990,True,
TS,JPCA_2004_108_5197.txt-ts46,9,H,0.1221,0.11219478,0.10601591,True,
TS,JPCA_2004_108_5197.txt-ts46,10,O,-0.2745,-0.38004450,-0.30712753,True,
TS,JPCA_2004_108_5197.txt-ts46,11,C,-0.4629,-0.45032385,-0.43051459,True,
TS,JPCA_2004_108_5197.txt-ts46,12,C,-0.4729,-0.45767648,-0.43141165,True,
TS,JPCA_2004_108_5197.txt-ts46,13,O,-0.2525,-0.35240489,-0.24318734,True,
TS,JPCA_2004_108_5197.txt-ts46,14,H,0.1367,0.13363296,0.11964106,True,
TS,JPCA_2004_108_5197.txt-ts46,15,H,0.1959,0.18901901,0.16126696,True,
TS,JPCA_2004_108_5197.txt-ts46,16,H,0.1335,0.13258630,0.12132051,True,
TS,JPCA_2004_108_5197.txt-ts46,17,H,0.1383,0.13139565,0.11799147,True,
TS,JPCA_2004_108_5197.txt-ts46,18,H,0.1375,0.13113558,0.12130636,True,
TS,JPCA_2004_108_5197.txt-ts46,19,H,0.1496,0.14726168,0.12996328,True,
TS,JPCA_2004_108_5197.txt-ts46,20,H,0.1408,0.14336567,0.12725769,True,
TS,JPCA_2004_108_5197.txt-ts46,21,H,0.1354,0.15419853,0.14682060,True,
TS,JPCA_2004_108_5197.txt-ts46,22,H,0.1703,0.19267064,0.17613760,True,
TS,JPCA_2004_108_5197.txt-ts46,23,H,0.1514,0.18153643,0.16639771,True,
TS,JPCA_2004_108_5197.txt-ts46,24,H,0.1457,0.15507308,0.14813338,True,
TS,JPCA_2004_108_5197.txt-ts46,25,H,0.1586,0.18107202,0.16695468,True,
TS,JPCA_2004_108_5197.txt-ts46,26,H,0.1617,0.17954161,0.16919506,True,
TS,JPCA_2004_108_5197.txt-ts46,27,O,-0.6077,-0.56777832,-0.54249644,True,
TS,JPCA_2004_108_5197.txt-ts46,28,H,0.1246,0.12229159,0.11404839,True,
TS,JPCA_2004_108_5197.txt-ts46,29,H,0.1364,0.13875719,0.12625152,True,
TS,JPCA_2004_108_5197.txt-ts46,30,H,0.3933,0.27810756,0.28860030,True,
TS,JPCA_2004_108_5197.txt-ts5,1,C,-0.0096,0.00459755,0.02310771,True,
TS,JPCA_2004_108_5197.txt-ts5,2,C,-0.3232,-0.23959378,-0.24414888,True,
TS,JPCA_2004_108_5197.txt-ts5,3,C,-0.0705,-0.04309835,-0.06725965,True,
TS,JPCA_2004_108_5197.txt-ts5,4,C,-0.2058,-0.14655383,-0.18560856,True,
TS,JPCA_2004_108_5197.txt-ts5,5,O,-0.2439,-0.35580740,-0.30303803,True,
TS,JPCA_2004_108_5197.txt-ts5,6,O,-0.2535,-0.33441885,-0.23679609,True,
TS,JPCA_2004_108_5197.txt-ts5,7,H,0.1489,0.14781658,0.13458594,True,
TS,JPCA_2004_108_5197.txt-ts5,8,H,0.1612,0.16852763,0.15264358,True,
TS,JPCA_2004_108_5197.txt-ts5,9,H,0.1440,0.13884949,0.12115060,True,
TS,JPCA_2004_108_5197.txt-ts5,10,H,0.1660,0.16737728,0.14619367,True,
TS,JPCA_2004_108_5197.txt-ts5,11,H,0.1815,0.18876671,0.16272485,True,
TS,JPCA_2004_108_5197.txt-ts5,12,H,0.1523,0.15909946,0.15417125,True,
TS,JPCA_2004_108_5197.txt-ts5,13,H,0.1524,0.14443751,0.14227363,True,
TS,JPCA_2004_108_5197.txt-ts6,1,C,-0.0136,0.00606930,0.02676633,True,
TS,JPCA_2004_108_5197.txt-ts6,2,C,-0.3345,-0.24036985,-0.24521561,True,
TS,JPCA_2004_108_5197.txt-ts6,3,C,-0.0660,-0.03242986,-0.05775080,True,
TS,JPCA_2004_108_5197.txt-ts6,4,C,-0.2072,-0.15092392,-0.19044950,True,
TS,JPCA_2004_108_5197.txt-ts6,5,O,-0.2422,-0.34869450,-0.29839295,True,
TS,JPCA_2004_108_5197.txt-ts6,6,O,-0.2580,-0.33434176,-0.23736313,True,
TS,JPCA_2004_108_5197.txt-ts6,7,H,0.1571,0.15856618,0.14373272,True,
TS,JPCA_2004_108_5197.txt-ts6,8,H,0.1595,0.15067990,0.13728596,True,
TS,JPCA_2004_108_5197.txt-ts6,9,H,0.1519,0.14520560,0.12683093,True,
TS,JPCA_2004_108_5197.txt-ts6,10,H,0.1713,0.17041888,0.14897591,True,
TS,JPCA_2004_108_5197.txt-ts6,11,H,0.1742,0.17407589,0.14998278,True,
TS,JPCA_2004_108_5197.txt-ts6,12,H,0.1565,0.14569832,0.14351450,True,
TS,JPCA_2004_108_5197.txt-ts6,13,H,0.1510,0.15604582,0.15208286,True,
TS,JPCA_2004_108_5197.txt-ts7,1,C,0.0044,0.03461480,0.05431460,True,
TS,JPCA_2004_108_5197.txt-ts7,2,C,-0.3306,-0.24458845,-0.24312279,True,
TS,JPCA_2004_108_5197.txt-ts7,3,C,-0.0639,-0.06381459,-0.07125731,True,
TS,JPCA_2004_108_5197.txt-ts7,4,C,-0.0177,-0.01133240,-0.00660576,True,
TS,JPCA_2004_108_5197.txt-ts7,5,O,-0.3355,-0.39104401,-0.37338130,True,
TS,JPCA_2004_108_5197.txt-ts7,6,O,-0.3454,-0.38174618,-0.34938676,True,
TS,JPCA_2004_108_5197.txt-ts7,7,H,0.1564,0.14909562,0.13801617,True,
TS,JPCA_2004_108_5197.txt-ts7,8,H,0.1691,0.16863429,0.15477756,True,
TS,JPCA_2004_108_5197.txt-ts7,9,H,0.1689,0.14491136,0.13478348,True,
TS,JPCA_2004_108_5197.txt-ts7,10,H,0.1511,0.14703599,0.13798751,True,
TS,JPCA_2004_108_5197.txt-ts7,11,H,0.1485,0.15939235,0.14925280,True,
TS,JPCA_2004_108_5197.txt-ts7,12,H,0.1316,0.15015418,0.14214398,True,
TS,JPCA_2004_108_5197.txt-ts7,13,H,0.1629,0.13868705,0.13247780,True,
TS,JPCA_2004_108_5197.txt-ts8,1,C,-0.2372,-0.17073199,-0.20760723,True,
TS,JPCA_2004_108_5197.txt-ts8,2,C,0.1349,0.10616169,0.07267429,True,
TS,JPCA_2004_108_5197.txt-ts8,3,C,0.0656,0.05530353,0.04886162,True,
TS,JPCA_2004_108_5197.txt-ts8,4,C,-0.0201,-0.00693967,0.01498921,True,
TS,JPCA_2004_108_5197.txt-ts8,5,O,-0.2506,-0.35379634,-0.29731730,True,
TS,JPCA_2004_108_5197.txt-ts8,6,O,-0.2535,-0.32718721,-0.22710168,True,
TS,JPCA_2004_108_5197.txt-ts8,7,H,0.1261,0.12776019,0.12128779,True,
TS,JPCA_2004_108_5197.txt-ts8,8,O,-0.6279,-0.57539404,-0.54974435,True,
TS,JPCA_2004_108_5197.txt-ts8,9,C,-0.5074,-0.41967997,-0.41292307,True,
TS,JPCA_2004_108_5197.txt-ts8,10,H,0.1627,0.17488342,0.15431378,True,
TS,JPCA_2004_108_5197.txt-ts8,11,H,0.1842,0.19640895,0.16795241,True,
TS,JPCA_2004_108_5197.txt-ts8,12,H,0.1537,0.15194753,0.15166883,True,
TS,JPCA_2004_108_5197.txt-ts8,13,H,0.1797,0.19127187,0.18368820,True,
TS,JPCA_2004_108_5197.txt-ts8,14,H,0.1599,0.18347815,0.15851751,True,
TS,JPCA_2004_108_5197.txt-ts8,15,H,0.1843,0.20127182,0.16701407,True,
TS,JPCA_2004_108_5197.txt-ts8,16,H,0.1532,0.17273635,0.14684717,True,
TS,JPCA_2004_108_5197.txt-ts8,17,H,0.3924,0.29250570,0.30687873,True,
TS,JPCA_2004_108_5197.txt-ts9,1,C,-0.2467,-0.17164339,-0.21069767,True,
TS,JPCA_2004_108_5197.txt-ts9,2,C,0.1814,0.11313914,0.08011836,True,
TS,JPCA_2004_108_5197.txt-ts9,3,C,0.0550,0.07010366,0.05832284,True,
TS,JPCA_2004_108_5197.txt-ts9,4,C,-0.0395,-0.03582455,-0.00915224,True,
TS,JPCA_2004_108_5197.txt-ts9,5,O,-0.2509,-0.35140105,-0.29100558,True,
TS,JPCA_2004_108_5197.txt-ts9,6,O,-0.2804,-0.33596429,-0.22923164,True,
TS,JPCA_2004_108_5197.txt-ts9,7,H,0.1492,0.13690637,0.13089291,True,
TS,JPCA_2004_108_5197.txt-ts9,8,O,-0.6305,-0.56856080,-0.54537612,True,
TS,JPCA_2004_108_5197.txt-ts9,9,C,-0.5118,-0.42346948,-0.41634207,True,
TS,JPCA_2004_108_5197.txt-ts9,10,H,0.1656,0.17524054,0.15478497,True,
TS,JPCA_2004_108_5197.txt-ts9,11,H,0.1799,0.18993581,0.16241172,True,
TS,JPCA_2004_108_5197.txt-ts9,12,H,0.1553,0.14872008,0.15265939,True,
TS,JPCA_2004_108_5197.txt-ts9,13,H,0.1608,0.17228464,0.16716634,True,
TS,JPCA_2004_108_5197.txt-ts9,14,H,0.1645,0.18291331,0.15867099,True,
TS,JPCA_2004_108_5197.txt-ts9,15,H,0.1837,0.19725304,0.16289188,True,
TS,JPCA_2004_108_5197.txt-ts9,16,H,0.1613,0.17551614,0.14949057,True,
TS,JPCA_2004_108_5197.txt-ts9,17,H,0.4033,0.32485083,0.32439535,True,
TS,JPCA_2005_109_10794-TS2,1,C,0.0404,0.23666371,0.22606097,True,
TS,JPCA_2005_109_10794-TS2,2,H,0.1589,0.18249150,0.15693280,True,
TS,JPCA_2005_109_10794-TS2,3,O,-0.2451,-0.38317337,-0.40171041,True,
TS,JPCA_2005_109_10794-TS2,4,H,0.3424,0.28610827,0.24355161,True,
TS,JPCA_2005_109_10794-TS2,5,O,-0.3537,-0.32531017,-0.26958532,True,
TS,JPCA_2005_109_10794-TS2,6,O,-0.3626,-0.37955756,-0.35247168,True,
TS,JPCA_2005_109_10794-TS2,7,H,0.4197,0.38277763,0.39722202,True,
TS,JPCA_2005_109_10794-TS3,1,O,-0.3751,-0.39360340,-0.36097753,True,
TS,JPCA_2005_109_10794-TS3,2,O,-0.3455,-0.31812188,-0.25694848,True,
TS,JPCA_2005_109_10794-TS3,3,H,0.4195,0.37829174,0.39610260,True,
TS,JPCA_2005_109_10794-TS3,4,H,0.3378,0.28439366,0.23901614,True,
TS,JPCA_2005_109_10794-TS3,5,C,0.0463,0.24280671,0.22620200,True,
TS,JPCA_2005_109_10794-TS3,6,O,-0.2455,-0.38140590,-0.40129629,True,
TS,JPCA_2005_109_10794-TS3,7,H,0.1625,0.18763905,0.15790156,True,
TS,JPCA_2005_109_4829-TS1,1,C,0.0090,0.06187445,0.03695648,True,
TS,JPCA_2005_109_4829-TS1,2,C,0.0022,0.05268013,0.02826002,True,
TS,JPCA_2005_109_4829-TS1,3,N,-0.4923,-0.46992794,-0.52168658,True,
TS,JPCA_2005_109_4829-TS1,4,H,0.1916,0.15889948,0.11871842,True,
TS,JPCA_2005_109_4829-TS1,5,H,0.1886,0.15441990,0.11444940,True,
TS,JPCA_2005_109_4829-TS1,6,C,-0.4755,-0.42415658,-0.42122037,True,
TS,JPCA_2005_109_4829-TS1,7,C,-0.4751,-0.42457756,-0.42137926,True,
TS,JPCA_2005_109_4829-TS1,8,H,0.1808,0.18535226,0.14873419,True,
TS,JPCA_2005_109_4829-TS1,9,H,0.1763,0.17375941,0.14306121,True,
TS,JPCA_2005_109_4829-TS1,10,H,0.1530,0.17406599,0.14629547,True,
TS,JPCA_2005_109_4829-TS1,11,H,0.1548,0.17379951,0.14644129,True,
TS,JPCA_2005_109_4829-TS1,12,H,0.1775,0.17340751,0.14298194,True,
TS,JPCA_2005_109_4829-TS1,13,H,0.1780,0.18259358,0.14598295,True,
TS,JPCA_2005_109_4829-TS1,14,H,0.3480,0.26288059,0.24804658,True,
TS,JPCA_2005_109_4829-TS1,15,N,-0.0010,-0.20275781,-0.04958690,True,
TS,JPCA_2005_109_4829-TS1,16,F,-0.2185,-0.24765590,-0.17596248,True,
TS,JPCA_2005_109_4829-TS1,17,F,-0.5012,-0.27981559,-0.12304999,True,
TS,JPCA_2005_109_4829-TS1,18,H,0.4038,0.29515857,0.29295763,True,
TS,JPCA_2005_109_4829-TS2,1,C,-0.0026,0.01562698,-0.00490579,True,
TS,JPCA_2005_109_4829-TS2,2,C,0.0004,0.05337584,0.03276910,True,
TS,JPCA_2005_109_4829-TS2,3,N,-0.3412,-0.44574293,-0.41189121,True,
TS,JPCA_2005_109_4829-TS2,4,H,0.1899,0.14397929,0.12778784,True,
TS,JPCA_2005_109_4829-TS2,5,H,0.2161,0.15787404,0.13814648,True,
TS,JPCA_2005_109_4829-TS2,6,C,-0.4789,-0.42336171,-0.40741671,True,
TS,JPCA_2005_109_4829-TS2,7,C,-0.4778,-0.42825404,-0.41268228,True,
TS,JPCA_2005_109_4829-TS2,8,H,0.1788,0.17319049,0.15162140,True,
TS,JPCA_2005_109_4829-TS2,9,H,0.1749,0.16480308,0.14685968,True,
TS,JPCA_2005_109_4829-TS2,10,H,0.1491,0.16710531,0.14757095,True,
TS,JPCA_2005_109_4829-TS2,11,H,0.1512,0.16841912,0.15010515,True,
TS,JPCA_2005_109_4829-TS2,12,H,0.1743,0.16654720,0.14892206,True,
TS,JPCA_2005_109_4829-TS2,13,H,0.1859,0.18000362,0.15702311,True,
TS,JPCA_2005_109_4829-TS2,14,H,0.3561,0.25288047,0.25535666,True,
TS,JPCA_2005_109_4829-TS2,15,N,-0.1552,-0.07586800,-0.01907352,True,
TS,JPCA_2005_109_4829-TS2,16,F,-0.3209,-0.27057876,-0.20019290,True,
TS,JPCA_2005_109_4829-TS3,1,C,0.0112,0.03314679,0.02146568,True,
TS,JPCA_2005_109_4829-TS3,2,C,0.0111,0.03312780,0.02143762,True,
TS,JPCA_2005_109_4829-TS3,3,N,-0.3722,-0.36713444,-0.32183764,True,
TS,JPCA_2005_109_4829-TS3,4,H,0.1720,0.13368447,0.12400979,True,
TS,JPCA_2005_109_4829-TS3,5,H,0.1720,0.13369450,0.12403773,True,
TS,JPCA_2005_109_4829-TS3,6,C,-0.4671,-0.41991295,-0.40390478,True,
TS,JPCA_2005_109_4829-TS3,7,C,-0.4671,-0.41994106,-0.40392955,True,
TS,JPCA_2005_109_4829-TS3,8,H,0.1754,0.17819892,0.15838496,True,
TS,JPCA_2005_109_4829-TS3,9,H,0.1635,0.16507608,0.14925330,True,
TS,JPCA_2005_109_4829-TS3,10,H,0.1579,0.17469069,0.15714267,True,
TS,JPCA_2005_109_4829-TS3,11,H,0.1579,0.17472232,0.15718473,True,
TS,JPCA_2005_109_4829-TS3,12,H,0.1635,0.16503734,0.14917423,True,
TS,JPCA_2005_109_4829-TS3,13,H,0.1755,0.17823996,0.15845920,True,
TS,JPCA_2005_109_4829-TS3,14,H,0.4612,0.29083455,0.26672553,True,
TS,JPCA_2005_109_4829-TS3,15,N,-0.1449,-0.14287567,-0.10545734,True,
TS,JPCA_2005_109_4829-TS3,16,F,-0.3699,-0.31058930,-0.25214612,True,
TS,JPCA_2005_109_4829-TS4,1,C,0.1158,0.02630128,0.03216155,True,
TS,JPCA_2005_109_4829-TS4,2,C,-0.1299,-0.07070299,-0.08255843,True,
TS,JPCA_2005_109_4829-TS4,3,N,-0.1383,-0.17928666,-0.11317271,True,
TS,JPCA_2005_109_4829-TS4,4,H,0.1246,0.12707086,0.12430399,True,
TS,JPCA_2005_109_4829-TS4,5,H,0.1579,0.13469062,0.12693865,True,
TS,JPCA_2005_109_4829-TS4,6,C,-0.4503,-0.41555282,-0.39822685,True,
TS,JPCA_2005_109_4829-TS4,7,C,-0.4575,-0.38155190,-0.36899610,True,
TS,JPCA_2005_109_4829-TS4,8,H,0.1529,0.17600648,0.16160052,True,
TS,JPCA_2005_109_4829-TS4,9,H,0.1375,0.16208230,0.15161422,True,
TS,JPCA_2005_109_4829-TS4,10,H,0.1473,0.17837249,0.16584634,True,
TS,JPCA_2005_109_4829-TS4,11,H,0.1668,0.18262277,0.15967009,True,
TS,JPCA_2005_109_4829-TS4,12,H,0.1540,0.16209314,0.14491261,True,
TS,JPCA_2005_109_4829-TS4,13,H,0.1510,0.15917979,0.14351444,True,
TS,JPCA_2005_109_4829-TS4,14,F,-0.1318,-0.26132535,-0.24760831,True,
