variant,column,draw,fit_chi,fit_J,S
V0,experimental,0,4.5260261,13.898612,1.44579e-07
V0,experimental,1,4.5266247,13.899897,2.0845e-07
V0,experimental,2,4.5322193,13.88188,9.89834e-08
V0,experimental,3,4.5241715,13.901724,1.94652e-07
V0,experimental,4,4.5282343,13.882877,1.39433e-07
V0,experimental,5,4.5235815,13.905375,2.21697e-07
V0,experimental,6,4.5245844,13.907343,1.13232e-07
V0,experimental,7,4.5272368,13.89556,1.17517e-07
V0,experimental,8,4.5301925,13.894126,5.7323e-08
V0,experimental,9,4.5226562,13.907156,2.61565e-07
V0,experimental,10,4.5292269,13.883054,7.89046e-08
V0,experimental,11,4.5267159,13.896739,1.60691e-07
V0,experimental,12,4.5331134,13.877652,2.88236e-07
V0,experimental,13,4.5289741,13.901944,2.84612e-08
V0,experimental,14,4.525889,13.888286,4.84652e-07
V0,experimental,15,4.5262312,13.905721,1.27909e-07
V0,experimental,16,4.5275022,13.880879,1.31362e-07
V0,experimental,17,4.5277146,13.893122,2.69338e-07
V0,experimental,18,4.5271533,13.898668,7.28013e-08
V0,experimental,19,4.5287743,13.884003,1.86005e-07
V0,experimental,20,4.526632,13.899426,1.41895e-07
V0,experimental,21,4.5331232,13.876014,5.69933e-07
V0,experimental,22,4.5308836,13.890608,1.92355e-07
V0,experimental,23,4.5292087,13.893163,5.53883e-09
V0,experimental,24,4.5313958,13.888409,1.89158e-07
V0,experimental,25,4.5302218,13.884932,2.11231e-07
V0,experimental,26,4.529082,13.891382,4.57378e-07
V0,experimental,27,4.523357,13.908287,8.21015e-08
V0,experimental,28,4.5317191,13.878774,3.16693e-07
V0,experimental,29,4.5329241,13.878472,1.21588e-08
V0,experimental,30,4.5271757,13.894346,5.82787e-08
V0,experimental,31,4.5319886,13.873456,5.93682e-08
V0,experimental,32,4.5218791,13.913944,1.81136e-07
V0,experimental,33,4.5293088,13.883752,3.16199e-07
V0,experimental,34,4.5249235,13.895276,2.31107e-07
V0,experimental,35,4.5251357,13.903627,1.43545e-07
V0,experimental,36,4.5286774,13.891663,1.40355e-07
V0,experimental,37,4.5332236,13.869399,3.21469e-08
V0,experimental,38,4.5278874,13.893228,3.84843e-07
V0,experimental,39,4.5290213,13.888025,4.7581e-07
V0,experimental,40,4.5269905,13.892294,8.01634e-08
V0,experimental,41,4.5316843,13.875771,1.86697e-07
V0,experimental,42,4.528826,13.883972,1.06103e-07
V0,experimental,43,4.5257007,13.897834,2.77978e-07
V0,experimental,44,4.5291281,13.899255,8.60439e-08
V0,experimental,45,4.5339078,13.872205,1.29855e-07
V0,experimental,46,4.5314118,13.882323,2.51734e-07
V0,experimental,47,4.5297813,13.87852,4.29465e-08
V0,experimental,48,4.5334155,13.876408,1.02124e-07
V0,experimental,49,4.5251152,13.891242,1.76771e-07
V0,experimental,50,4.5239866,13.901237,1.13815e-07
V0,experimental,51,4.5241889,13.90081,9.69554e-08
V0,experimental,52,4.529755,13.894174,1.76196e-08
V0,experimental,53,4.5311461,13.879183,3.49561e-07
V0,experimental,54,4.5286894,13.883567,2.33654e-07
V0,experimental,55,4.5294758,13.886218,3.61775e-07
V0,experimental,56,4.5252428,13.90123,1.51508e-07
V0,experimental,57,4.5298899,13.889142,4.95607e-07
V0,experimental,58,4.5282711,13.890441,2.96872e-07
V0,experimental,59,4.5226965,13.908794,1.12253e-07
V0,experimental,60,4.5246346,13.904026,2.37301e-07
V0,experimental,61,4.5274746,13.893148,1.20342e-07
V0,experimental,62,4.52866,13.896723,2.09375e-07
V0,experimental,63,4.5312549,13.884582,3.91883e-07
V0,experimental,64,4.5297076,13.891653,1.9664e-07
V0,experimental,65,4.522886,13.902234,3.32119e-08
V0,experimental,66,4.5318203,13.877098,1.65395e-07
V0,experimental,67,4.521549,13.91358,4.39112e-08
V0,experimental,68,4.5280106,13.886342,1.00909e-07
V0,experimental,69,4.5270245,13.899228,7.10407e-08
V0,experimental,70,4.5305553,13.885004,1.69966e-07
V0,experimental,71,4.5227293,13.906455,1.8621e-07
V0,experimental,72,4.5232938,13.912502,1.19948e-07
V0,experimental,73,4.5301951,13.888068,3.86717e-07
V0,experimental,74,4.5312701,13.881393,8.5006e-08
V0,experimental,75,4.5240511,13.899824,5.33568e-07
V0,experimental,76,4.5240985,13.90894,8.4367e-08
V0,experimental,77,4.5312329,13.874872,1.35436e-07
V0,experimental,78,4.5318968,13.880667,3.76606e-07
V0,experimental,79,4.5239018,13.899418,2.01037e-07
V0,experimental,80,4.5256054,13.897921,1.43854e-07
V0,experimental,81,4.5307999,13.883428,3.75185e-07
V0,experimental,82,4.5274856,13.8923,3.35324e-07
V0,experimental,83,4.5250733,13.909904,5.37842e-08
V0,experimental,84,4.5266003,13.893282,2.81258e-07
V0,experimental,85,4.5234061,13.903772,1.73574e-07
V0,experimental,86,4.5317787,13.874163,2.27028e-07
V0,experimental,87,4.5291537,13.885477,2.44616e-07
V0,experimental,88,4.5276611,13.890011,2.16646e-07
V0,experimental,89,4.5224073,13.904822,9.61495e-08
V0,experimental,90,4.5290145,13.888551,2.13605e-07
V0,experimental,91,4.5257688,13.893699,2.03502e-07
V0,experimental,92,4.5289543,13.889065,7.30891e-08
V0,experimental,93,4.5316843,13.874731,2.18024e-07
V0,experimental,94,4.5283928,13.885967,3.91658e-08
V0,experimental,95,4.5293064,13.887357,1.45552e-07
V0,experimental,96,4.5275364,13.889974,5.40908e-07
V0,experimental,97,4.5310681,13.874691,4.19998e-08
V0,experimental,98,4.5270376,13.892889,1.71448e-07
V0,experimental,99,4.5266928,13.890136,2.97736e-07
V0,experimental,100,4.5290167,13.893554,1.62714e-07
V0,experimental,101,4.5265133,13.89375,4.75367e-07
V0,experimental,102,4.5322562,13.883026,9.08145e-08
V0,experimental,103,4.5250703,13.897122,1.56968e-07
V0,experimental,104,4.5283212,13.8857,5.54769e-08
V0,experimental,105,4.5259156,13.89731,1.37909e-07
V0,experimental,106,4.5252058,13.891567,3.69028e-07
V0,experimental,107,4.5262247,13.902149,1.2422e-07
V0,experimental,108,4.5277938,13.895481,2.3306e-07
V0,experimental,109,4.523532,13.90175,2.38962e-07
V0,experimental,110,4.5276432,13.892565,1.06783e-07
V0,experimental,111,4.5256643,13.892792,2.21455e-07
V0,experimental,112,4.5311183,13.88353,6.12949e-07
V0,experimental,113,4.5347285,13.869401,5.66502e-08
V0,experimental,114,4.5267275,13.892263,1.09801e-07
V0,experimental,115,4.5237832,13.900516,2.07906e-07
V0,experimental,116,4.5261117,13.89005,2.45619e-07
V0,experimental,117,4.5286245,13.900028,3.30873e-08
V0,experimental,118,4.5260468,13.897082,3.58637e-08
V0,experimental,119,4.5252284,13.904755,3.31147e-08
V0,experimental,120,4.5291855,13.885093,2.39194e-07
V0,experimental,121,4.5305477,13.87666,4.28443e-07
V0,experimental,122,4.5344199,13.86897,3.13099e-07
V0,experimental,123,4.5300967,13.882643,1.03646e-07
V0,experimental,124,4.5268117,13.892546,3.28143e-07
V0,experimental,125,4.5333992,13.876482,1.9665e-07
V0,experimental,126,4.5298308,13.882724,2.46341e-07
V0,experimental,127,4.5307998,13.871195,1.26559e-07
V0,experimental,128,4.5268037,13.895318,5.26383e-07
V0,experimental,129,4.5331385,13.877248,2.53729e-07
V0,experimental,130,4.5267582,13.879733,4.24408e-08
V0,experimental,131,4.5289956,13.878872,1.43579e-07
V0,experimental,132,4.5302374,13.893947,1.01593e-07
V0,experimental,133,4.5323438,13.882987,2.65519e-07
V0,experimental,134,4.524892,13.892164,4.67129e-08
V0,experimental,135,4.524262,13.899761,4.469e-07
V0,experimental,136,4.5249871,13.893256,1.7606e-07
V0,experimental,137,4.5230901,13.900956,1.05506e-07
V0,experimental,138,4.5298162,13.883956,3.54064e-07
V0,experimental,139,4.5340242,13.869433,4.0323e-07
V0,experimental,140,4.5296736,13.890023,2.86933e-07
V0,experimental,141,4.5313078,13.885978,1.84404e-08
V0,experimental,142,4.5336175,13.871125,2.34575e-08
V0,experimental,143,4.5315185,13.881947,1.79355e-07
V0,experimental,144,4.5252549,13.894343,5.86524e-07
V0,experimental,145,4.5308135,13.879519,2.97965e-07
V0,experimental,146,4.534764,13.868562,1.53328e-07
V0,experimental,147,4.5277332,13.889361,3.70532e-07
V0,experimental,148,4.5329973,13.874661,4.55374e-07
V0,experimental,149,4.5274648,13.901171,4.74861e-08
V0,experimental,150,4.534945,13.866388,7.83019e-08
V0,experimental,151,4.5306139,13.879177,1.51084e-07
V0,experimental,152,4.5335301,13.873172,1.1047e-07
V0,experimental,153,4.5250109,13.900649,2.04313e-07
V0,experimental,154,4.5278242,13.898766,1.74989e-07
V0,experimental,155,4.531292,13.883451,4.36846e-08
V0,experimental,156,4.5250815,13.896448,5.81416e-08
V0,experimental,157,4.5283606,13.886586,5.3793e-07
V0,experimental,158,4.527548,13.892751,4.19687e-07
V0,experimental,159,4.5316068,13.885464,1.46165e-08
V0,experimental,160,4.5223822,13.907467,2.93437e-08
V0,experimental,161,4.5266715,13.89825,1.02339e-07
V0,experimental,162,4.5274049,13.898556,1.06826e-07
V0,experimental,163,4.5242947,13.909661,1.09192e-07
V0,experimental,164,4.520776,13.915555,1.69172e-07
V0,experimental,165,4.5236818,13.909078,7.94739e-08
V0,experimental,166,4.5262066,13.896777,2.34029e-07
V0,experimental,167,4.5317404,13.876687,1.44129e-07
V0,experimental,168,4.5256272,13.893048,3.11097e-07
V0,experimental,169,4.5288095,13.885238,3.39069e-07
V0,experimental,170,4.5251266,13.897333,2.85603e-07
V0,experimental,171,4.5274122,13.899727,1.53641e-07
V0,experimental,172,4.5225413,13.905612,1.43643e-07
V0,experimental,173,4.5287158,13.895054,5.82492e-08
V0,experimental,174,4.521488,13.911079,1.91566e-07
V0,experimental,175,4.530776,13.884498,4.07197e-07
V0,experimental,176,4.525958,13.893766,7.77177e-08
V0,experimental,177,4.5305656,13.885048,1.37978e-07
V0,experimental,178,4.5303884,13.887092,9.18013e-08
V0,experimental,179,4.528848,13.882692,1.4165e-07
V0,experimental,180,4.5290895,13.886691,1.7165e-07
V0,experimental,181,4.5270674,13.897937,5.57912e-08
V0,experimental,182,4.5261873,13.888515,3.48575e-07
V0,experimental,183,4.5276115,13.895093,3.22407e-07
V0,experimental,184,4.5335397,13.874473,1.60322e-08
V0,experimental,185,4.5289912,13.88321,7.60678e-08
V0,experimental,186,4.5285407,13.891437,3.44478e-08
V0,experimental,187,4.530232,13.891577,1.74326e-08
V0,experimental,188,4.5303228,13.886898,1.77025e-07
V0,experimental,189,4.5319981,13.88458,2.37969e-07
V0,experimental,190,4.5300038,13.883547,3.2644e-07
V0,experimental,191,4.5278769,13.881349,9.67503e-08
V0,experimental,192,4.5236913,13.89983,2.20177e-07
V0,experimental,193,4.5325594,13.87612,3.54806e-07
V0,experimental,194,4.5291334,13.899651,6.80201e-08
V0,experimental,195,4.5274082,13.883765,1.0169e-07
V0,experimental,196,4.5254082,13.901286,1.98709e-07
V0,experimental,197,4.5279428,13.890615,1.98331e-07
V0,experimental,198,4.5265225,13.887926,5.11482e-08
V0,experimental,199,4.5252238,13.897364,1.46028e-07
V0,hf,0,4.7158181,13.479872,1.40569e-07
V0,hf,1,4.7164593,13.480608,2.16225e-07
V0,hf,2,4.72086,13.465428,9.66331e-08
V0,hf,3,4.7142883,13.482369,1.87766e-07
V0,hf,4,4.7174177,13.465955,1.42303e-07
V0,hf,5,4.7137639,13.486071,1.9199e-07
V0,hf,6,4.7147385,13.487553,1.11778e-07
V0,hf,7,4.7168946,13.476771,1.21086e-07
V0,hf,8,4.7193265,13.476335,5.68368e-08
V0,hf,9,4.7131666,13.486717,2.74701e-07
V0,hf,10,4.7182806,13.466201,8.30747e-08
V0,hf,11,4.7163993,13.47816,1.59805e-07
V0,hf,12,4.7215663,13.461634,2.82138e-07
V0,hf,13,4.7184225,13.48324,2.92294e-08
V0,hf,14,4.7154704,13.470686,4.7406e-07
V0,hf,15,4.7161342,13.486296,1.29683e-07
V0,hf,16,4.7168356,13.463594,1.30786e-07
V0,hf,17,4.7172061,13.474903,2.69757e-07
V0,hf,18,4.7168302,13.479824,7.52111e-08
V0,hf,19,4.7179262,13.466901,1.87888e-07
V0,hf,20,4.7163523,13.48069,1.39975e-07
V0,hf,21,4.7216245,13.459744,5.43542e-07
V0,hf,22,4.7198878,13.473059,1.87477e-07
V0,hf,23,4.7184403,13.475393,5.90048e-09
V0,hf,24,4.7202088,13.471507,1.93192e-07
V0,hf,25,4.7191389,13.46817,2.17755e-07
V0,hf,26,4.7183202,13.473666,4.57746e-07
V0,hf,27,4.7137351,13.488095,8.39223e-08
V0,hf,28,4.7205201,13.461798,2.88288e-07
V0,hf,29,4.721388,13.462481,1.31795e-08
V0,hf,30,4.7167096,13.476238,5.57297e-08
V0,hf,31,4.7205213,13.457637,6.06014e-08
V0,hf,32,4.7124695,13.493514,1.50325e-07
V0,hf,33,4.7183797,13.466754,3.18578e-07
V0,hf,34,4.7148397,13.476527,2.27875e-07
V0,hf,35,4.7150974,13.484551,1.29972e-07
V0,hf,36,4.7178987,13.474304,1.42044e-07
V0,hf,37,4.7215574,13.453917,2.14471e-08
V0,hf,38,4.7173953,13.474867,3.85398e-07
V0,hf,39,4.7183091,13.470081,4.70624e-07
V0,hf,40,4.7165168,13.474329,7.75484e-08
V0,hf,41,4.7202999,13.4597,1.86836e-07
V0,hf,42,4.7180133,13.466664,1.05597e-07
V0,hf,43,4.7156777,13.478341,2.92e-07
V0,hf,44,4.718553,13.480565,8.55981e-08
V0,hf,45,4.7221908,13.456553,1.09709e-07
V0,hf,46,4.7202094,13.465541,2.45083e-07
V0,hf,47,4.7187799,13.461626,3.72674e-08
V0,hf,48,4.7217966,13.460555,9.7195e-08
V0,hf,49,4.7148996,13.473037,1.67372e-07
V0,hf,50,4.714152,13.481769,1.1122e-07
V0,hf,51,4.7143128,13.481456,9.26796e-08
V0,hf,52,4.7188995,13.476546,1.95396e-08
V0,hf,53,4.7199983,13.462242,3.30781e-07
V0,hf,54,4.7178488,13.466512,2.35898e-07
V0,hf,55,4.7185452,13.46915,3.64988e-07
V0,hf,56,4.7151215,13.482516,1.33442e-07
V0,hf,57,4.7191265,13.470967,4.8144e-07
V0,hf,58,4.7176398,13.472516,2.9679e-07
V0,hf,59,4.7131164,13.488755,9.54896e-08
V0,hf,60,4.7147487,13.484436,2.37262e-07
V0,hf,61,4.7169695,13.475046,1.19702e-07
V0,hf,62,4.7181311,13.478078,2.08717e-07
V0,hf,63,4.7201056,13.467627,3.86227e-07
V0,hf,64,4.7187797,13.474441,2.01645e-07
V0,hf,65,4.713219,13.482529,2.74431e-08
V0,hf,66,4.7205453,13.46043,1.42559e-07
V0,hf,67,4.7122642,13.492741,3.86607e-08
V0,hf,68,4.7174046,13.468476,9.99369e-08
V0,hf,69,4.7166841,13.48059,6.92463e-08
V0,hf,70,4.7194372,13.468243,1.75136e-07
V0,hf,71,4.7131325,13.486507,1.74419e-07
V0,hf,72,4.7136541,13.492463,9.42566e-08
V0,hf,73,4.7191619,13.471114,3.93184e-07
V0,hf,74,4.7200108,13.464972,8.99611e-08
V0,hf,75,4.7140677,13.481101,5.04971e-07
V0,hf,76,4.7142752,13.489326,6.43011e-08
V0,hf,77,4.7199099,13.458791,1.36514e-07
V0,hf,78,4.7206157,13.46397,3.62869e-07
V0,hf,79,4.71408,13.479914,2.05981e-07
V0,hf,80,4.7154722,13.479039,1.42497e-07
V0,hf,81,4.7196609,13.466625,3.75734e-07
V0,hf,82,4.7169635,13.474278,3.34682e-07
V0,hf,83,4.7152022,13.489998,5.34581e-08
V0,hf,84,4.7162687,13.474861,2.81817e-07
V0,hf,85,4.7136868,13.48408,1.66732e-07
V0,hf,86,4.720469,13.457673,2.01449e-07
V0,hf,87,4.7183844,13.467805,2.39636e-07
V0,hf,88,4.7170779,13.472187,2.16279e-07
V0,hf,89,4.7128777,13.484722,9.57504e-08
V0,hf,90,4.718327,13.47054,2.08926e-07
V0,hf,91,4.7154768,13.475532,1.93756e-07
V0,hf,92,4.7181482,13.47167,7.48264e-08
V0,hf,93,4.720334,13.458491,2.06864e-07
V0,hf,94,4.7176796,13.468387,3.84666e-08
V0,hf,95,4.7185267,13.469613,1.40841e-07
V0,hf,96,4.7170896,13.471564,5.42196e-07
V0,hf,97,4.719823,13.45829,3.11869e-08
V0,hf,98,4.7165489,13.474983,1.6727e-07
V0,hf,99,4.7162069,13.472436,2.92228e-07
V0,hf,100,4.7183717,13.47532,1.60536e-07
V0,hf,101,4.7160512,13.475993,4.64615e-07
V0,hf,102,4.7208557,13.466744,9.84491e-08
V0,hf,103,4.715044,13.478004,1.60564e-07
V0,hf,104,4.7176635,13.467901,5.32763e-08
V0,hf,105,4.7157201,13.478537,1.36805e-07
V0,hf,106,4.7150042,13.473271,3.61663e-07
V0,hf,107,4.7160135,13.483287,1.18192e-07
V0,hf,108,4.7173662,13.476824,2.34735e-07
V0,hf,109,4.7137831,13.482113,2.37395e-07
V0,hf,110,4.7171097,13.474515,1.06429e-07
V0,hf,111,4.7153579,13.474731,2.10367e-07
V0,hf,112,4.7200498,13.466208,5.94143e-07
V0,hf,113,4.7228252,13.454258,4.60594e-08
V0,hf,114,4.7163097,13.474162,1.07451e-07
V0,hf,115,4.7139665,13.48109,2.04904e-07
V0,hf,116,4.7157304,13.47213,2.39647e-07
V0,hf,117,4.7180721,13.481554,3.28002e-08
V0,hf,118,4.7158332,13.47837,3.38698e-08
V0,hf,119,4.7152375,13.48537,2.85581e-08
V0,hf,120,4.7183653,13.467603,2.35716e-07
V0,hf,121,4.7192987,13.460551,4.37024e-07
V0,hf,122,4.7226608,13.453264,2.63312e-07
V0,hf,123,4.7190475,13.465806,1.05218e-07
V0,hf,124,4.7165331,13.473679,3.3402e-07
V0,hf,125,4.7217471,13.460802,2.01713e-07
V0,hf,126,4.7189129,13.465396,2.38421e-07
V0,hf,127,4.7195879,13.454765,1.063e-07
V0,hf,128,4.7164609,13.476799,5.26451e-07
V0,hf,129,4.7216016,13.46116,2.41861e-07
V0,hf,130,4.7161468,13.462629,4.23975e-08
V0,hf,131,4.7181804,13.461478,1.33351e-07
V0,hf,132,4.7194253,13.475831,9.46941e-08
V0,hf,133,4.7209277,13.466724,2.73255e-07
V0,hf,134,4.7148174,13.473402,4.93069e-08
V0,hf,135,4.7143025,13.480777,4.31555e-07
V0,hf,136,4.7149384,13.474279,1.81683e-07
V0,hf,137,4.7133969,13.481281,1.05249e-07
V0,hf,138,4.718813,13.467036,3.57006e-07
V0,hf,139,4.722327,13.453602,3.53793e-07
V0,hf,140,4.7188766,13.472139,2.81065e-07
V0,hf,141,4.7200976,13.469241,2.27941e-08
V0,hf,142,4.7218689,13.455829,2.67144e-08
V0,hf,143,4.720337,13.464979,1.64521e-07
V0,hf,144,4.7150079,13.476231,5.686e-07
V0,hf,145,4.7196575,13.462803,2.91402e-07
V0,hf,146,4.7228555,13.453421,1.37703e-07
V0,hf,147,4.7170434,13.472097,3.689e-07
V0,hf,148,4.7214628,13.458627,4.3753e-07
V0,hf,149,4.7170794,13.482465,4.67516e-08
V0,hf,150,4.7229839,13.451379,5.46718e-08
V0,hf,151,4.7195103,13.462306,1.40497e-07
V0,hf,152,4.7218297,13.457668,1.10004e-07
V0,hf,153,4.7150027,13.481456,2.02453e-07
V0,hf,154,4.717314,13.480511,1.72576e-07
V0,hf,155,4.7201198,13.466573,3.87411e-08
V0,hf,156,4.7150005,13.477577,5.57222e-08
V0,hf,157,4.7177003,13.468805,5.36588e-07
V0,hf,158,4.7171306,13.474184,4.2173e-07
V0,hf,159,4.720346,13.468811,1.84989e-08
V0,hf,160,4.7129348,13.486981,3.9864e-08
V0,hf,161,4.7164521,13.479196,1.07674e-07
V0,hf,162,4.7170653,13.479676,1.09984e-07
V0,hf,163,4.7144736,13.48996,9.20725e-08
V0,hf,164,4.7116032,13.49459,1.47764e-07
V0,hf,165,4.7139901,13.489064,7.22801e-08
V0,hf,166,4.7159535,13.478146,2.3174e-07
V0,hf,167,4.7204625,13.460049,1.21549e-07
V0,hf,168,4.7153848,13.474687,3.05404e-07
V0,hf,169,4.7179835,13.46801,3.40407e-07
V0,hf,170,4.7150417,13.478483,2.80937e-07
V0,hf,171,4.7170771,13.480812,1.56094e-07
V0,hf,172,4.7129787,13.485596,1.37103e-07
V0,hf,173,4.7180141,13.477256,5.85846e-08
V0,hf,174,4.7121407,13.490579,1.7354e-07
V0,hf,175,4.7196853,13.467516,4.04878e-07
V0,hf,176,4.7157318,13.475124,7.89294e-08
V0,hf,177,4.7194622,13.468246,1.42238e-07
V0,hf,178,4.7193968,13.469782,8.87245e-08
V0,hf,179,4.7179721,13.465692,1.43723e-07
V0,hf,180,4.7182419,13.469401,1.72967e-07
V0,hf,181,4.7166912,13.479439,5.38103e-08
V0,hf,182,4.7157549,13.470832,3.42703e-07
V0,hf,183,4.7172292,13.476329,3.25229e-07
V0,hf,184,4.7218634,13.458865,1.59504e-08
V0,hf,185,4.7181168,13.466155,7.7999e-08
V0,hf,186,4.717828,13.473772,3.49746e-08
V0,hf,187,4.7193208,13.473976,1.58824e-08
V0,hf,188,4.7193064,13.469775,1.77991e-07
V0,hf,189,4.720711,13.467836,2.33894e-07
V0,hf,190,4.7189409,13.466848,3.32611e-07
V0,hf,191,4.7172322,13.463723,9.40291e-08
V0,hf,192,4.7139621,13.480029,2.33732e-07
V0,hf,193,4.7210354,13.460253,3.57632e-07
V0,hf,194,4.7184954,13.48126,6.83956e-08
V0,hf,195,4.7167557,13.466456,1.02067e-07
V0,hf,196,4.715304,13.482345,1.89971e-07
V0,hf,197,4.7173244,13.472847,1.98143e-07
V0,hf,198,4.716137,13.46979,5.2342e-08
V0,hf,199,4.7151554,13.478366,1.46291e-07
H-a6,experimental,0,4.5278936,13.889859,2.29842e-07
H-a6,experimental,1,4.5281886,13.892637,2.39111e-07
H-a6,experimental,2,4.5295237,13.894484,2.41244e-07
H-a6,experimental,3,4.5270225,13.88846,3.59464e-07
H-a6,experimental,4,4.527373,13.886872,1.50887e-07
H-a6,experimental,5,4.5274488,13.887269,5.59587e-07
H-a6,experimental,6,4.5279243,13.891763,3.76339e-07
H-a6,experimental,7,4.5280694,13.891678,1.26396e-07
H-a6,experimental,8,4.5295328,13.897298,5.14164e-08
H-a6,experimental,9,4.5269618,13.887029,7.16315e-07
H-a6,experimental,10,4.5279096,13.889201,1.15389e-07
H-a6,experimental,11,4.5281328,13.890061,1.9606e-07
H-a6,experimental,12,4.529471,13.894734,6.02701e-07
H-a6,experimental,13,4.5296893,13.898697,1.02292e-08
H-a6,experimental,14,4.526714,13.884376,4.87857e-07
H-a6,experimental,15,4.5286313,13.894553,2.46635e-07
H-a6,experimental,16,4.5265731,13.885206,1.46099e-07
H-a6,experimental,17,4.5279947,13.891859,2.40034e-07
H-a6,experimental,18,4.5284213,13.892744,1.13679e-07
H-a6,experimental,19,4.5276739,13.889148,2.16696e-07
H-a6,experimental,20,4.5284217,13.891002,1.87387e-07
H-a6,experimental,21,4.5290969,13.894951,9.57824e-07
H-a6,experimental,22,4.5294871,13.897221,2.22297e-07
H-a6,experimental,23,4.5290091,13.894107,1.78268e-09
H-a6,experimental,24,4.5297725,13.895996,2.18679e-07
H-a6,experimental,25,4.5285626,13.892737,2.78018e-07
H-a6,experimental,26,4.5287665,13.892824,4.52363e-07
H-a6,experimental,27,4.5273098,13.889884,4.2487e-07
H-a6,experimental,28,4.528592,13.89346,5.31345e-07
H-a6,experimental,29,4.5294006,13.895001,3.15272e-07
H-a6,experimental,30,4.5281059,13.889968,6.11371e-08
H-a6,experimental,31,4.5282371,13.89103,4.1252e-07
H-a6,experimental,32,4.5273003,13.888628,9.09361e-07
H-a6,experimental,33,4.5281217,13.889259,3.09101e-07
H-a6,experimental,34,4.5270389,13.885312,2.96013e-07
H-a6,experimental,35,4.5279972,13.890258,3.45293e-07
H-a6,experimental,36,4.5286762,13.891649,1.07736e-07
H-a6,experimental,37,4.528552,13.891248,5.76802e-07
H-a6,experimental,38,4.5282968,13.89131,3.87942e-07
H-a6,experimental,39,4.5280957,13.892431,4.54661e-07
H-a6,experimental,40,4.5278231,13.888342,5.39851e-08
H-a6,experimental,41,4.5282653,13.891807,4.71408e-07
H-a6,experimental,42,4.5278262,13.888581,1.12349e-07
H-a6,experimental,43,4.5274475,13.889675,3.24376e-07
H-a6,experimental,44,4.5294272,13.897947,4.38452e-08
H-a6,experimental,45,4.529156,13.894503,6.93503e-07
H-a6,experimental,46,4.5291252,13.892988,3.45306e-07
H-a6,experimental,47,4.5275544,13.888931,1.61185e-07
H-a6,experimental,48,4.5293569,13.895467,5.11427e-07
H-a6,experimental,49,4.5265272,13.884624,2.25623e-07
H-a6,experimental,50,4.5269883,13.887204,3.30535e-07
H-a6,experimental,51,4.5270063,13.887688,2.74849e-07
H-a6,experimental,52,4.52943,13.895727,1.53407e-08
H-a6,experimental,53,4.528327,13.892424,5.28267e-07
H-a6,experimental,54,4.5277013,13.88814,2.50266e-07
H-a6,experimental,55,4.528447,13.891032,3.69775e-07
H-a6,experimental,56,4.5278941,13.888795,2.92206e-07
H-a6,experimental,57,4.5287487,13.894516,5.0791e-07
H-a6,experimental,58,4.527968,13.891914,2.58577e-07
H-a6,experimental,59,4.5272213,13.887624,6.14073e-07
H-a6,experimental,60,4.5275793,13.890291,4.30238e-07
H-a6,experimental,61,4.5279589,13.890903,1.22278e-07
H-a6,experimental,62,4.5289719,13.895318,1.99122e-07
H-a6,experimental,63,4.5292718,13.893856,4.63593e-07
H-a6,experimental,64,4.5291827,13.894139,1.86282e-07
H-a6,experimental,65,4.5265363,13.88516,3.57628e-07
H-a6,experimental,66,4.5284837,13.892749,4.28312e-07
H-a6,experimental,67,4.5270774,13.887763,7.97173e-07
H-a6,experimental,68,4.5274364,13.889056,8.96058e-08
H-a6,experimental,69,4.5285857,13.89189,1.17028e-07
H-a6,experimental,70,4.528832,13.8931,2.36582e-07
H-a6,experimental,71,4.5270057,13.886429,6.28127e-07
H-a6,experimental,72,4.5279992,13.890503,6.69229e-07
H-a6,experimental,73,4.529106,13.893128,3.77679e-07
H-a6,experimental,74,4.5289182,13.892395,1.96366e-07
H-a6,experimental,75,4.5270276,13.885915,7.42949e-07
H-a6,experimental,76,4.5280594,13.890396,4.5658e-07
H-a6,experimental,77,4.5281231,13.889389,3.62314e-07
H-a6,experimental,78,4.5290456,13.894041,5.77065e-07
H-a6,experimental,79,4.5267076,13.886317,3.89317e-07
H-a6,experimental,80,4.5275427,13.888872,2.37025e-07
H-a6,experimental,81,4.5286939,13.893306,4.84398e-07
H-a6,experimental,82,4.5278296,13.890753,3.26518e-07
H-a6,experimental,83,4.5284632,13.89412,3.10456e-07
H-a6,experimental,84,4.5277662,13.887744,2.63609e-07
H-a6,experimental,85,4.526924,13.88738,4.6429e-07
H-a6,experimental,86,4.5280398,13.891716,5.31641e-07
H-a6,experimental,87,4.5280674,13.890563,2.72971e-07
H-a6,experimental,88,4.5276084,13.890319,1.87266e-07
H-a6,experimental,89,4.5265058,13.885705,4.97879e-07
H-a6,experimental,90,4.5283205,13.891796,2.23727e-07
H-a6,experimental,91,4.5273114,13.886422,2.28858e-07
H-a6,experimental,92,4.5285217,13.891042,4.41387e-08
H-a6,experimental,93,4.5283251,13.890388,4.8308e-07
H-a6,experimental,94,4.527695,13.889209,5.12708e-08
H-a6,experimental,95,4.5282318,13.892444,1.46477e-07
H-a6,experimental,96,4.5277345,13.888976,5.36621e-07
H-a6,experimental,97,4.5278452,13.889762,3.00582e-07
H-a6,experimental,98,4.5277973,13.88934,1.84834e-07
H-a6,experimental,99,4.5273151,13.887232,3.0783e-07
H-a6,experimental,100,4.5288991,13.89413,1.62755e-07
H-a6,experimental,101,4.5277205,13.888086,4.73284e-07
H-a6,experimental,102,4.5296166,13.89542,2.40579e-07
H-a6,experimental,103,4.527057,13.887872,2.35956e-07
H-a6,experimental,104,4.5275682,13.889219,6.23157e-08
H-a6,experimental,105,4.5275978,13.889468,2.06928e-07
H-a6,experimental,106,4.5265147,13.885491,3.97466e-07
H-a6,experimental,107,4.528323,13.892362,2.3426e-07
H-a6,experimental,108,4.528447,13.892425,2.44975e-07
H-a6,experimental,109,4.5267618,13.886662,4.80913e-07
H-a6,experimental,110,4.5280189,13.890815,1.09478e-07
H-a6,experimental,111,4.5271021,13.886026,2.54306e-07
H-a6,experimental,112,4.5289273,13.89376,7.34841e-07
H-a6,experimental,113,4.5293033,13.894869,7.91775e-07
H-a6,experimental,114,4.5276521,13.88787,1.00518e-07
H-a6,experimental,115,4.5270096,13.885351,4.22979e-07
H-a6,experimental,116,4.5269024,13.886368,2.61405e-07
H-a6,experimental,117,4.5294545,13.896183,5.15975e-08
H-a6,experimental,118,4.5276511,13.889608,9.42663e-08
H-a6,experimental,119,4.5281116,13.891278,2.41774e-07
H-a6,experimental,120,4.5281117,13.890057,2.56145e-07
H-a6,experimental,121,4.5277687,13.889684,6.1958e-07
H-a6,experimental,122,4.5290009,13.894397,1.03449e-06
H-a6,experimental,123,4.5282598,13.891243,1.87985e-07
H-a6,experimental,124,4.5274431,13.889591,3.12152e-07
H-a6,experimental,125,4.5293267,13.895649,6.02085e-07
H-a6,experimental,126,4.5279959,13.891365,2.9955e-07
H-a6,experimental,127,4.5272156,13.887953,4.27531e-07
H-a6,experimental,128,4.5277627,13.890868,5.20102e-07
H-a6,experimental,129,4.5294821,13.894359,5.5617e-07
H-a6,experimental,130,4.5263047,13.881737,4.8545e-09
H-a6,experimental,131,4.5270809,13.887823,2.04834e-07
H-a6,experimental,132,4.5294825,13.897568,8.75809e-08
H-a6,experimental,133,4.5295892,13.895957,4.44509e-07
H-a6,experimental,134,4.5265153,13.884543,1.08591e-07
H-a6,experimental,135,4.5269038,13.887481,5.96423e-07
H-a6,experimental,136,4.526508,13.886158,1.90915e-07
H-a6,experimental,137,4.5264168,13.885442,3.63809e-07
H-a6,experimental,138,4.5281061,13.892045,3.91601e-07
H-a6,experimental,139,4.5287389,13.894254,1.06375e-06
H-a6,experimental,140,4.5289,13.893625,3.007e-07
H-a6,experimental,141,4.5293762,13.895035,9.70181e-08
H-a6,experimental,142,4.5289565,13.892969,5.63871e-07
H-a6,experimental,143,4.5287915,13.894814,3.1091e-07
H-a6,experimental,144,4.52696,13.886398,6.61064e-07
H-a6,experimental,145,4.5284472,13.890512,4.00349e-07
H-a6,experimental,146,4.5291655,13.894851,9.27101e-07
H-a6,experimental,147,4.5278871,13.888629,3.48852e-07
H-a6,experimental,148,4.5289175,13.893819,8.67766e-07
H-a6,experimental,149,4.5288722,13.894622,9.71845e-08
H-a6,experimental,150,4.5291124,13.893714,9.29315e-07
H-a6,experimental,151,4.5280236,13.891342,2.97718e-07
H-a6,experimental,152,4.529167,13.893622,5.73231e-07
H-a6,experimental,153,4.5276329,13.888321,3.51699e-07
H-a6,experimental,154,4.5289486,13.893487,1.9354e-07
H-a6,experimental,155,4.5289309,13.894573,1.65763e-07
H-a6,experimental,156,4.5269884,13.887558,1.34424e-07
H-a6,experimental,157,4.5279353,13.888467,5.0007e-07
H-a6,experimental,158,4.5279975,13.890614,4.24671e-07
H-a6,experimental,159,4.529504,13.895326,1.03411e-07
H-a6,experimental,160,4.5267359,13.887169,4.62829e-07
H-a6,experimental,161,4.52805,13.891829,1.30016e-07
H-a6,experimental,162,4.5285154,13.893383,1.31467e-07
H-a6,experimental,163,4.5281643,13.891593,4.84003e-07
H-a6,experimental,164,4.526768,13.887632,1.02266e-06
H-a6,experimental,165,4.5276771,13.890436,4.65288e-07
H-a6,experimental,166,4.5276,13.890313,2.53042e-07
H-a6,experimental,167,4.5283423,13.892633,4.0809e-07
H-a6,experimental,168,4.5269437,13.886896,3.48145e-07
H-a6,experimental,169,4.5277002,13.8905,3.32257e-07
H-a6,experimental,170,4.5273066,13.887081,3.89759e-07
H-a6,experimental,171,4.5287446,13.89349,2.00492e-07
H-a6,experimental,172,4.5268212,13.885562,5.8173e-07
H-a6,experimental,173,4.5289899,13.893788,5.12353e-08
H-a6,experimental,174,4.5266481,13.887042,8.1893e-07
H-a6,experimental,175,4.5287995,13.89383,4.92465e-07
H-a6,experimental,176,4.5271742,13.888082,1.04064e-07
H-a6,experimental,177,4.5288939,13.892888,1.95205e-07
H-a6,experimental,178,4.5288489,13.894341,1.42378e-07
H-a6,experimental,179,4.5275611,13.888712,1.83386e-07
H-a6,experimental,180,4.5283128,13.89026,1.52918e-07
H-a6,experimental,181,4.5283318,13.892052,9.56774e-08
H-a6,experimental,182,4.527004,13.884632,3.14307e-07
H-a6,experimental,183,4.5282267,13.892249,3.19397e-07
H-a6,experimental,184,4.529291,13.89441,4.63487e-07
H-a6,experimental,185,4.5279144,13.888177,6.33773e-08
H-a6,experimental,186,4.5285259,13.891472,5.82217e-09
H-a6,experimental,187,4.5293426,13.89579,3.51411e-08
H-a6,experimental,188,4.5289587,13.893263,2.12907e-07
H-a6,experimental,189,4.5293797,13.896965,3.77283e-07
H-a6,experimental,190,4.5284674,13.890726,3.56491e-07
H-a6,experimental,191,4.526773,13.886504,1.10358e-07
H-a6,experimental,192,4.5267133,13.885672,4.38221e-07
H-a6,experimental,193,4.5287984,13.893776,7.02116e-07
H-a6,experimental,194,4.5295823,13.897609,6.99668e-08
H-a6,experimental,195,4.5269831,13.885713,1.01489e-07
H-a6,experimental,196,4.5277403,13.89042,3.27441e-07
H-a6,experimental,197,4.5279364,13.890671,1.92592e-07
H-a6,experimental,198,4.5269487,13.88588,5.18e-08
H-a6,experimental,199,4.5271263,13.888529,2.0292e-07
H-a6,hf,0,4.7169097,13.474526,2.11599e-07
H-a6,hf,1,4.7167459,13.479238,1.96992e-07
H-a6,hf,2,4.7194549,13.472331,1.77181e-07
H-a6,hf,3,4.7156205,13.475886,2.6079e-07
H-a6,hf,4,4.7174668,13.465699,1.39163e-07
H-a6,hf,5,4.7163595,13.47342,5.71827e-07
H-a6,hf,6,4.7161377,13.480746,2.21578e-07
H-a6,hf,7,4.717023,13.476129,1.16307e-07
H-a6,hf,8,4.7182204,13.481843,1.15659e-07
H-a6,hf,9,4.7155893,13.474857,6.23208e-07
H-a6,hf,10,4.7178751,13.468191,8.88562e-08
H-a6,hf,11,4.71736,13.473432,2.02057e-07
H-a6,hf,12,4.7195184,13.471721,5.19041e-07
H-a6,hf,13,4.7177991,13.486413,2.69821e-08
H-a6,hf,14,4.7166486,13.464882,5.46855e-07
H-a6,hf,15,4.7167509,13.483339,1.36054e-07
H-a6,hf,16,4.7166334,13.464516,1.23419e-07
H-a6,hf,17,4.7169427,13.476202,2.47407e-07
H-a6,hf,18,4.7172076,13.477987,8.62419e-08
H-a6,hf,19,4.7174594,13.469168,2.01702e-07
H-a6,hf,20,4.7175367,13.474898,1.93188e-07
H-a6,hf,21,4.7189378,13.47296,9.67845e-07
H-a6,hf,22,4.718377,13.480514,3.11596e-07
H-a6,hf,23,4.7181462,13.476881,4.4086e-09
H-a6,hf,24,4.7192433,13.476274,2.10132e-07
H-a6,hf,25,4.718098,13.473316,2.80824e-07
H-a6,hf,26,4.7181285,13.474583,4.52203e-07
H-a6,hf,27,4.7154604,13.479712,2.25306e-07
H-a6,hf,28,4.7183204,13.472555,5.59153e-07
H-a6,hf,29,4.7193225,13.47264,2.64199e-07
H-a6,hf,30,4.7174656,13.472558,7.39205e-08
H-a6,hf,31,4.7185173,13.467446,3.08583e-07
H-a6,hf,32,4.715429,13.479098,6.80512e-07
H-a6,hf,33,4.7182048,13.46761,2.85091e-07
H-a6,hf,34,4.7166896,13.467438,3.94153e-07
H-a6,hf,35,4.7166958,13.476794,2.8385e-07
H-a6,hf,36,4.7181395,13.473169,1.15146e-07
H-a6,hf,37,4.7191787,13.465529,3.69098e-07
H-a6,hf,38,4.7175593,13.474076,3.85867e-07
H-a6,hf,39,4.7172866,13.475123,4.95901e-07
H-a6,hf,40,4.7174779,13.469616,9.60082e-08
H-a6,hf,41,4.7182945,13.46952,4.26294e-07
H-a6,hf,42,4.7178674,13.467315,9.03244e-08
H-a6,hf,43,4.7163063,13.475215,2.90357e-07
H-a6,hf,44,4.7176961,13.48484,9.63424e-08
H-a6,hf,45,4.7193727,13.470384,5.93893e-07
H-a6,hf,46,4.7191172,13.470881,2.82191e-07
H-a6,hf,47,4.7176051,13.467322,1.16208e-07
H-a6,hf,48,4.7192611,13.473012,4.8641e-07
H-a6,hf,49,4.7161563,13.466861,2.6038e-07
H-a6,hf,50,4.7158689,13.473347,2.81237e-07
H-a6,hf,51,4.7157725,13.474342,2.02795e-07
H-a6,hf,52,4.7184074,13.479036,2.52145e-08
H-a6,hf,53,4.7181043,13.471519,5.32327e-07
H-a6,hf,54,4.7177002,13.467192,2.30938e-07
H-a6,hf,55,4.7181936,13.470918,3.56268e-07
H-a6,hf,56,4.7169708,13.473496,3.11192e-07
H-a6,hf,57,4.7178858,13.477026,5.61232e-07
H-a6,hf,58,4.7170336,13.475491,2.83837e-07
H-a6,hf,59,4.7158032,13.47562,5.25992e-07
H-a6,hf,60,4.7160301,13.478176,3.18728e-07
H-a6,hf,61,4.717087,13.474484,1.17261e-07
H-a6,hf,62,4.7176437,13.480513,2.13894e-07
H-a6,hf,63,4.7190401,13.472876,4.28207e-07
H-a6,hf,64,4.7184293,13.476253,1.8887e-07
H-a6,hf,65,4.7155399,13.47115,3.43338e-07
H-a6,hf,66,4.718391,13.470961,4.13642e-07
H-a6,hf,67,4.7152731,13.478058,5.81874e-07
H-a6,hf,68,4.7169613,13.47063,9.30885e-08
H-a6,hf,69,4.7175812,13.47621,1.03927e-07
H-a6,hf,70,4.7184609,13.47309,2.24191e-07
H-a6,hf,71,4.7158179,13.473346,5.97463e-07
H-a6,hf,72,4.7162009,13.480069,4.88046e-07
H-a6,hf,73,4.7187414,13.473178,3.65989e-07
H-a6,hf,74,4.718908,13.470405,1.38862e-07
H-a6,hf,75,4.7162053,13.470704,7.75248e-07
H-a6,hf,76,4.7165839,13.478081,3.71929e-07
H-a6,hf,77,4.7186143,13.465114,2.2951e-07
H-a6,hf,78,4.7188617,13.472591,5.46598e-07
H-a6,hf,79,4.7157354,13.471811,3.62592e-07
H-a6,hf,80,4.7165907,13.473589,2.18338e-07
H-a6,hf,81,4.7182961,13.473308,4.8812e-07
H-a6,hf,82,4.7169405,13.474454,3.23289e-07
H-a6,hf,83,4.7163417,13.484507,1.11731e-07
H-a6,hf,84,4.7174433,13.469064,3.19041e-07
H-a6,hf,85,4.7155563,13.474977,3.61882e-07
H-a6,hf,86,4.7180406,13.469546,5.21953e-07
H-a6,hf,87,4.7177161,13.471057,2.65992e-07
H-a6,hf,88,4.7167897,13.473632,1.93818e-07
H-a6,hf,89,4.7152023,13.473366,4.05308e-07
H-a6,hf,90,4.7177356,13.473406,2.29289e-07
H-a6,hf,91,4.7169372,13.468355,2.93302e-07
H-a6,hf,92,4.7181986,13.471416,4.39204e-08
H-a6,hf,93,4.7188161,13.465849,3.33646e-07
H-a6,hf,94,4.7174198,13.469618,4.23509e-08
H-a6,hf,95,4.7175013,13.474657,1.80061e-07
H-a6,hf,96,4.7173706,13.470091,5.40513e-07
H-a6,hf,97,4.7181115,13.466617,2.10261e-07
H-a6,hf,98,4.7171174,13.472225,1.86394e-07
H-a6,hf,99,4.7168928,13.469106,3.22824e-07
H-a6,hf,100,4.7179151,13.477585,1.73048e-07
H-a6,hf,101,4.7172471,13.470199,5.21281e-07
H-a6,hf,102,4.7193315,13.474292,2.1178e-07
H-a6,hf,103,4.7160315,13.473184,2.00686e-07
H-a6,hf,104,4.7172042,13.470105,5.89278e-08
H-a6,hf,105,4.7165965,13.474281,1.82223e-07
H-a6,hf,106,4.7158973,13.46892,3.93754e-07
H-a6,hf,107,4.7169044,13.478982,1.67672e-07
H-a6,hf,108,4.7174761,13.476288,2.37301e-07
H-a6,hf,109,4.7155815,13.473283,4.14376e-07
H-a6,hf,110,4.7172276,13.473942,1.06715e-07
H-a6,hf,111,4.7167215,13.468042,3.07468e-07
H-a6,hf,112,4.7186293,13.473108,7.2012e-07
H-a6,hf,113,4.7196126,13.470028,6.76343e-07
H-a6,hf,114,4.7172904,13.469321,1.38214e-07
H-a6,hf,115,4.7163632,13.469306,5.10511e-07
H-a6,hf,116,4.716437,13.468681,2.69363e-07
H-a6,hf,117,4.7180304,13.481846,3.14037e-08
H-a6,hf,118,4.7166056,13.474614,6.49747e-08
H-a6,hf,119,4.7166497,13.478492,1.52642e-07
H-a6,hf,120,4.7180002,13.469325,2.32757e-07
H-a6,hf,121,4.7178566,13.467608,5.62976e-07
H-a6,hf,122,4.7192909,13.46976,9.49197e-07
H-a6,hf,123,4.7180503,13.47068,1.66131e-07
H-a6,hf,124,4.7166164,13.473201,3.11239e-07
H-a6,hf,125,4.7191424,13.473656,6.03859e-07
H-a6,hf,126,4.717568,13.471991,3.20495e-07
H-a6,hf,127,4.7176476,13.464178,3.17428e-07
H-a6,hf,128,4.7166471,13.475879,5.03741e-07
H-a6,hf,129,4.7196618,13.470677,4.39795e-07
H-a6,hf,130,4.7169997,13.458355,5.18248e-08
H-a6,hf,131,4.7170714,13.466822,1.784e-07
H-a6,hf,132,4.7181318,13.482241,1.73518e-07
H-a6,hf,133,4.7191657,13.475468,4.45998e-07
H-a6,hf,134,4.716133,13.466906,1.46586e-07
H-a6,hf,135,4.715685,13.474073,5.23785e-07
H-a6,hf,136,4.7157308,13.470338,1.7516e-07
H-a6,hf,137,4.7153304,13.471827,3.12202e-07
H-a6,hf,138,4.7175114,13.473468,4.26695e-07
H-a6,hf,139,4.7189125,13.470332,1.03486e-06
H-a6,hf,140,4.7182638,13.475124,3.02275e-07
H-a6,hf,141,4.7189251,13.475034,8.89383e-08
H-a6,hf,142,4.7193679,13.4681,4.06955e-07
H-a6,hf,143,4.7181653,13.475668,4.03747e-07
H-a6,hf,144,4.716276,13.470076,6.69087e-07
H-a6,hf,145,4.7187374,13.467237,3.09197e-07
H-a6,hf,146,4.7194385,13.470183,8.44069e-07
H-a6,hf,147,4.7175752,13.469541,3.69351e-07
H-a6,hf,148,4.7189822,13.47082,8.09403e-07
H-a6,hf,149,4.7173874,13.481021,5.35431e-08
H-a6,hf,150,4.7197901,13.467016,6.805e-07
H-a6,hf,151,4.7178308,13.470528,2.93722e-07
H-a6,hf,152,4.7195046,13.469096,4.27375e-07
H-a6,hf,153,4.7167725,13.472756,3.69778e-07
H-a6,hf,154,4.7178719,13.477816,1.77769e-07
H-a6,hf,155,4.7183536,13.475269,2.13151e-07
H-a6,hf,156,4.7160354,13.472511,1.05949e-07
H-a6,hf,157,4.7179543,13.467457,5.00454e-07
H-a6,hf,158,4.7172793,13.473391,4.2341e-07
H-a6,hf,159,4.7190948,13.475001,8.86983e-08
H-a6,hf,160,4.7151288,13.476259,2.95888e-07
H-a6,hf,161,4.7167806,13.477583,9.94252e-08
H-a6,hf,162,4.7172149,13.478954,1.08864e-07
H-a6,hf,163,4.7163973,13.480627,3.20304e-07
H-a6,hf,164,4.7146518,13.479747,6.76541e-07
H-a6,hf,165,4.7158766,13.479879,2.80846e-07
H-a6,hf,166,4.7164157,13.475908,2.18587e-07
H-a6,hf,167,4.7182337,13.470947,4.04139e-07
H-a6,hf,168,4.7162635,13.470365,3.44424e-07
H-a6,hf,169,4.7171023,13.47236,3.5238e-07
H-a6,hf,170,4.7166257,13.470681,4.18464e-07
H-a6,hf,171,4.7175182,13.478674,1.70672e-07
H-a6,hf,172,4.7157479,13.472014,5.82279e-07
H-a6,hf,173,4.7180472,13.477167,4.76173e-08
H-a6,hf,174,4.71482,13.477538,5.76216e-07
H-a6,hf,175,4.7182196,13.474773,5.22344e-07
H-a6,hf,176,4.7163873,13.471883,9.39334e-08
H-a6,hf,177,4.7185829,13.472607,1.76137e-07
H-a6,hf,178,4.7181262,13.476031,1.79848e-07
H-a6,hf,179,4.7174175,13.46839,1.62994e-07
H-a6,hf,180,4.7181674,13.469726,1.42359e-07
H-a6,hf,181,4.7171921,13.477044,6.89792e-08
H-a6,hf,182,4.7170618,13.464428,4.07331e-07
H-a6,hf,183,4.7171616,13.476674,3.15673e-07
H-a6,hf,184,4.7194266,13.470846,3.73383e-07
H-a6,hf,185,4.7180899,13.466249,4.31168e-08
H-a6,hf,186,4.7180269,13.472812,1.05432e-08
H-a6,hf,187,4.7183788,13.47866,6.54901e-08
H-a6,hf,188,4.7185526,13.473465,2.01428e-07
H-a6,hf,189,4.7185621,13.478478,4.82714e-07
H-a6,hf,190,4.7184182,13.469448,3.24551e-07
H-a6,hf,191,4.7167313,13.466103,9.05995e-08
H-a6,hf,192,4.7158189,13.470871,4.28975e-07
H-a6,hf,193,4.7187287,13.47157,6.77095e-07
H-a6,hf,194,4.7180034,13.483755,8.04935e-08
H-a6,hf,195,4.7170849,13.464815,1.06843e-07
H-a6,hf,196,4.7163935,13.477061,2.56811e-07
H-a6,hf,197,4.7172007,13.473468,1.93829e-07
H-a6,hf,198,4.7167859,13.466541,7.20696e-08
H-a6,hf,199,4.7159858,13.474333,1.56727e-07
H-a7,experimental,0,4.5279054,13.889854,2.30161e-07
H-a7,experimental,1,4.5282757,13.892239,2.43037e-07
H-a7,experimental,2,4.5294196,13.8949,2.55568e-07
H-a7,experimental,3,4.5271274,13.888013,3.72563e-07
H-a7,experimental,4,4.5273212,13.887105,1.48849e-07
H-a7,experimental,5,4.5274313,13.887413,5.53717e-07
H-a7,experimental,6,4.5280181,13.891374,3.85614e-07
H-a7,experimental,7,4.5281191,13.891477,1.26734e-07
H-a7,experimental,8,4.5295708,13.897038,5.25144e-08
H-a7,experimental,9,4.5270304,13.886832,7.32278e-07
H-a7,experimental,10,4.5278561,13.889414,1.16674e-07
H-a7,experimental,11,4.5281108,13.890221,1.93425e-07
H-a7,experimental,12,4.5293788,13.895045,6.23584e-07
H-a7,experimental,13,4.5297672,13.898256,1.10324e-08
H-a7,experimental,14,4.5266785,13.8846,4.86069e-07
H-a7,experimental,15,4.5287283,13.894107,2.50797e-07
H-a7,experimental,16,4.5265929,13.885145,1.40877e-07
H-a7,experimental,17,4.5280644,13.891535,2.40129e-07
H-a7,experimental,18,4.5284559,13.892606,1.12261e-07
H-a7,experimental,19,4.5276645,13.889179,2.15803e-07
H-a7,experimental,20,4.5283796,13.891238,1.80377e-07
H-a7,experimental,21,4.5290851,13.894875,9.64367e-07
H-a7,experimental,22,4.5295222,13.896987,2.19843e-07
H-a7,experimental,23,4.5289835,13.894187,2.06364e-09
H-a7,experimental,24,4.5296859,13.89634,2.24214e-07
H-a7,experimental,25,4.5285443,13.892745,2.81657e-07
H-a7,experimental,26,4.5287326,13.892996,4.50106e-07
H-a7,experimental,27,4.5274387,13.889334,4.45379e-07
H-a7,experimental,28,4.528615,13.893295,5.26487e-07
H-a7,experimental,29,4.529329,13.895229,3.3099e-07
H-a7,experimental,30,4.5280676,13.890153,5.8778e-08
H-a7,experimental,31,4.5281918,13.891157,4.16965e-07
H-a7,experimental,32,4.527377,13.888363,9.2366e-07
H-a7,experimental,33,4.5280283,13.889665,3.12629e-07
H-a7,experimental,34,4.5269909,13.885626,2.9408e-07
H-a7,experimental,35,4.5280143,13.890195,3.45048e-07
H-a7,experimental,36,4.5286102,13.891924,1.07832e-07
H-a7,experimental,37,4.5284673,13.891571,5.90855e-07
H-a7,experimental,38,4.5282899,13.891341,3.87445e-07
H-a7,experimental,39,4.528156,13.892096,4.52428e-07
H-a7,experimental,40,4.5277578,13.888674,5.08935e-08
H-a7,experimental,41,4.5282508,13.891796,4.71575e-07
H-a7,experimental,42,4.5277653,13.888894,1.15288e-07
H-a7,experimental,43,4.5275365,13.889343,3.32246e-07
H-a7,experimental,44,4.5295148,13.897484,4.0509e-08
H-a7,experimental,45,4.5290955,13.894662,7.09065e-07
H-a7,experimental,46,4.529028,13.893401,3.55216e-07
H-a7,experimental,47,4.527555,13.888918,1.57853e-07
H-a7,experimental,48,4.529313,13.895562,5.23165e-07
H-a7,experimental,49,4.5265375,13.884637,2.26703e-07
H-a7,experimental,50,4.5270516,13.887007,3.42334e-07
H-a7,experimental,51,4.5270902,13.887344,2.85496e-07
H-a7,experimental,52,4.5294046,13.895775,1.73355e-08
H-a7,experimental,53,4.5283397,13.892297,5.25746e-07
H-a7,experimental,54,4.5276554,13.88837,2.51747e-07
H-a7,experimental,55,4.5283812,13.891274,3.73561e-07
H-a7,experimental,56,4.527861,13.888992,2.85994e-07
H-a7,experimental,57,4.5287932,13.894297,5.02197e-07
H-a7,experimental,58,4.528038,13.891574,2.56901e-07
H-a7,experimental,59,4.5272606,13.887554,6.21742e-07
H-a7,experimental,60,4.5276758,13.889906,4.41391e-07
H-a7,experimental,61,4.5279885,13.890767,1.22781e-07
H-a7,experimental,62,4.5290228,13.895049,1.97503e-07
H-a7,experimental,63,4.5291892,13.894175,4.72964e-07
H-a7,experimental,64,4.5291307,13.894293,1.92081e-07
H-a7,experimental,65,4.5265852,13.885057,3.71796e-07
H-a7,experimental,66,4.5284858,13.89268,4.26257e-07
H-a7,experimental,67,4.527165,13.887471,8.17331e-07
H-a7,experimental,68,4.5274784,13.888855,8.69316e-08
H-a7,experimental,69,4.5285626,13.892027,1.11591e-07
H-a7,experimental,70,4.5287806,13.893246,2.44388e-07
H-a7,experimental,71,4.5270355,13.886427,6.37727e-07
H-a7,experimental,72,4.5280409,13.89037,6.70736e-07
H-a7,experimental,73,4.5290229,13.89349,3.8082e-07
H-a7,experimental,74,4.5288277,13.892739,2.07908e-07
H-a7,experimental,75,4.5270209,13.885976,7.38516e-07
H-a7,experimental,76,4.5280613,13.890442,4.50647e-07
H-a7,experimental,77,4.5280313,13.88976,3.71195e-07
H-a7,experimental,78,4.5289975,13.894179,5.86061e-07
H-a7,experimental,79,4.5267677,13.886116,3.99157e-07
H-a7,experimental,80,4.5275676,13.888785,2.38869e-07
H-a7,experimental,81,4.5286809,13.893321,4.85725e-07
H-a7,experimental,82,4.5278689,13.890523,3.2717e-07
H-a7,experimental,83,4.5285767,13.8936,3.20678e-07
H-a7,experimental,84,4.5277024,13.88811,2.61283e-07
H-a7,experimental,85,4.5270125,13.887025,4.77892e-07
H-a7,experimental,86,4.5280667,13.891515,5.22319e-07
H-a7,experimental,87,4.528066,13.890557,2.7266e-07
H-a7,experimental,88,4.5276671,13.890014,1.86188e-07
H-a7,experimental,89,4.5265951,13.885388,5.17259e-07
H-a7,experimental,90,4.5283323,13.891749,2.22537e-07
H-a7,experimental,91,4.5272665,13.886701,2.27243e-07
H-a7,experimental,92,4.528451,13.891371,4.4857e-08
H-a7,experimental,93,4.5282341,13.890796,4.94613e-07
H-a7,experimental,94,4.5276848,13.889272,5.15721e-08
H-a7,experimental,95,4.5282769,13.892188,1.44509e-07
H-a7,experimental,96,4.5277213,13.889124,5.38817e-07
H-a7,experimental,97,4.5278219,13.889836,2.99615e-07
H-a7,experimental,98,4.5277925,13.889361,1.84276e-07
H-a7,experimental,99,4.5273033,13.887279,3.04476e-07
H-a7,experimental,100,4.5289124,13.894042,1.6153e-07
H-a7,experimental,101,4.5276583,13.888358,4.66886e-07
H-a7,experimental,102,4.5295296,13.895703,2.58518e-07
H-a7,experimental,103,4.5271308,13.887569,2.42668e-07
H-a7,experimental,104,4.5275902,13.889134,6.11957e-08
H-a7,experimental,105,4.5276317,13.889322,2.09073e-07
H-a7,experimental,106,4.5265725,13.88524,3.96191e-07
H-a7,experimental,107,4.5283634,13.892178,2.35591e-07
H-a7,experimental,108,4.5284634,13.892363,2.43388e-07
H-a7,experimental,109,4.5268462,13.88638,4.98126e-07
H-a7,experimental,110,4.5280358,13.890743,1.09598e-07
H-a7,experimental,111,4.5270705,13.886228,2.52766e-07
H-a7,experimental,112,4.5288999,13.89389,7.34021e-07
H-a7,experimental,113,4.529243,13.895012,8.08978e-07
H-a7,experimental,114,4.5276037,13.888155,9.95758e-08
H-a7,experimental,115,4.5269851,13.885604,4.25821e-07
H-a7,experimental,116,4.5269223,13.886287,2.59144e-07
H-a7,experimental,117,4.5294649,13.896082,5.00442e-08
H-a7,experimental,118,4.5276984,13.889407,9.74189e-08
H-a7,experimental,119,4.528154,13.891123,2.43529e-07
H-a7,experimental,120,4.5280619,13.890318,2.58477e-07
H-a7,experimental,121,4.5277515,13.889697,6.17047e-07
H-a7,experimental,122,4.5289746,13.894415,1.03865e-06
H-a7,experimental,123,4.5282353,13.891321,1.89664e-07
H-a7,experimental,124,4.5275135,13.889335,3.15363e-07
H-a7,experimental,125,4.5292906,13.895655,6.17907e-07
H-a7,experimental,126,4.5280332,13.891135,2.95048e-07
H-a7,experimental,127,4.5272228,13.887897,4.17148e-07
H-a7,experimental,128,4.5278396,13.890538,5.22775e-07
H-a7,experimental,129,4.5293719,13.894787,5.76692e-07
H-a7,experimental,130,4.5262188,13.882215,4.07638e-09
H-a7,experimental,131,4.5271199,13.887659,1.9798e-07
H-a7,experimental,132,4.5295371,13.897242,8.53804e-08
H-a7,experimental,133,4.5295283,13.896093,4.63271e-07
H-a7,experimental,134,4.5265337,13.884552,1.14545e-07
H-a7,experimental,135,4.5269902,13.887098,6.0453e-07
H-a7,experimental,136,4.5266008,13.88582,2.01827e-07
H-a7,experimental,137,4.5264995,13.885143,3.78667e-07
H-a7,experimental,138,4.5281462,13.891768,3.88866e-07
H-a7,experimental,139,4.5287398,13.894132,1.06113e-06
H-a7,experimental,140,4.5288751,13.893738,2.98848e-07
H-a7,experimental,141,4.5293113,13.895259,1.0585e-07
H-a7,experimental,142,4.5288719,13.893247,5.82406e-07
H-a7,experimental,143,4.5288364,13.8945,3.07915e-07
H-a7,experimental,144,4.5269749,13.886333,6.58386e-07
H-a7,experimental,145,4.5283493,13.890976,4.09682e-07
H-a7,experimental,146,4.5291289,13.894889,9.36962e-07
H-a7,experimental,147,4.5278279,13.888871,3.4614e-07
H-a7,experimental,148,4.5288766,13.893885,8.77996e-07
H-a7,experimental,149,4.5289099,13.894429,9.61077e-08
H-a7,experimental,150,4.529016,13.894049,9.53537e-07
H-a7,experimental,151,4.5280405,13.891201,2.93642e-07
H-a7,experimental,152,4.5290672,13.893963,5.96177e-07
H-a7,experimental,153,4.5276181,13.888494,3.50542e-07
H-a7,experimental,154,4.5289215,13.893612,1.88176e-07
H-a7,experimental,155,4.5289435,13.894426,1.6721e-07
H-a7,experimental,156,4.5270538,13.887304,1.40908e-07
H-a7,experimental,157,4.5278623,13.888887,5.03428e-07
H-a7,experimental,158,4.5280162,13.890592,4.24572e-07
H-a7,experimental,159,4.5294272,13.895592,1.15157e-07
H-a7,experimental,160,4.5268592,13.8867,4.89303e-07
H-a7,experimental,161,4.5281247,13.891518,1.32464e-07
H-a7,experimental,162,4.5285686,13.893153,1.30189e-07
H-a7,experimental,163,4.5282158,13.891379,4.87479e-07
H-a7,experimental,164,4.5269118,13.887065,1.05928e-06
H-a7,experimental,165,4.5277709,13.890061,4.78316e-07
H-a7,experimental,166,4.52768,13.889954,2.57585e-07
H-a7,experimental,167,4.5283549,13.892511,4.03972e-07
H-a7,experimental,168,4.5269854,13.886756,3.51899e-07
H-a7,experimental,169,4.5277522,13.890199,3.27622e-07
H-a7,experimental,170,4.5273007,13.887211,3.9287e-07
H-a7,experimental,171,4.5287576,13.893444,1.96459e-07
H-a7,experimental,172,4.5268459,13.885597,5.92776e-07
H-a7,experimental,173,4.5289604,13.893874,5.1883e-08
H-a7,experimental,174,4.5267761,13.886531,8.47779e-07
H-a7,experimental,175,4.5288033,13.893699,4.96934e-07
H-a7,experimental,176,4.5272258,13.8879,1.08578e-07
H-a7,experimental,177,4.5288325,13.893094,2.02832e-07
H-a7,experimental,178,4.5288627,13.894223,1.42078e-07
H-a7,experimental,179,4.5275534,13.88873,1.81416e-07
H-a7,experimental,180,4.5282386,13.890623,1.55004e-07
H-a7,experimental,181,4.5283528,13.891937,9.63936e-08
H-a7,experimental,182,4.5269258,13.885028,3.07298e-07
H-a7,experimental,183,4.5282781,13.892011,3.19853e-07
H-a7,experimental,184,4.529217,13.894629,4.81936e-07
H-a7,experimental,185,4.5278248,13.8886,6.64096e-08
H-a7,experimental,186,4.5284651,13.891746,5.18595e-09
H-a7,experimental,187,4.5293394,13.895732,3.76846e-08
H-a7,experimental,188,4.5289062,13.893483,2.15537e-07
H-a7,experimental,189,4.5293992,13.896724,3.85434e-07
H-a7,experimental,190,4.5283816,13.891054,3.62632e-07
H-a7,experimental,191,4.5268059,13.886379,1.05627e-07
H-a7,experimental,192,4.526769,13.885556,4.54834e-07
H-a7,experimental,193,4.5287745,13.89379,7.07184e-07
H-a7,experimental,194,4.5296199,13.897379,6.69806e-08
H-a7,experimental,195,4.5269417,13.885921,9.82453e-08
H-a7,experimental,196,4.5278009,13.890158,3.32611e-07
H-a7,experimental,197,4.5279629,13.890536,1.92503e-07
H-a7,experimental,198,4.5269395,13.885996,5.4663e-08
H-a7,experimental,199,4.5272145,13.888139,2.09728e-07
H-a7,hf,0,4.7157753,13.480073,1.3534e-07
H-a7,hf,1,4.7165659,13.480058,2.24701e-07
H-a7,hf,2,4.7207559,13.465966,1.21251e-07
H-a7,hf,3,4.7143975,13.481794,2.11093e-07
H-a7,hf,4,4.7173639,13.46623,1.42244e-07
H-a7,hf,5,4.7136332,13.486671,1.58244e-07
H-a7,hf,6,4.7148012,13.487205,1.23496e-07
H-a7,hf,7,4.7169426,13.476534,1.2259e-07
H-a7,hf,8,4.7194213,13.475841,5.03062e-08
H-a7,hf,9,4.7131477,13.486786,2.72144e-07
H-a7,hf,10,4.7182392,13.466411,8.55256e-08
H-a7,hf,11,4.7163019,13.478645,1.5113e-07
H-a7,hf,12,4.7215275,13.46184,2.97108e-07
H-a7,hf,13,4.7185496,13.482565,2.84439e-08
H-a7,hf,14,4.7153839,13.471119,4.66063e-07
H-a7,hf,15,4.7162329,13.485768,1.40243e-07
H-a7,hf,16,4.716893,13.463338,1.29367e-07
H-a7,hf,17,4.7173145,13.474361,2.71365e-07
H-a7,hf,18,4.7168426,13.479753,7.46578e-08
H-a7,hf,19,4.7179427,13.466834,1.86554e-07
H-a7,hf,20,4.7162194,13.481334,1.25993e-07
H-a7,hf,21,4.7217367,13.459203,5.14245e-07
H-a7,hf,22,4.7199852,13.472574,1.7501e-07
H-a7,hf,23,4.7184066,13.475546,7.98077e-09
H-a7,hf,24,4.7201004,13.472053,2.11204e-07
H-a7,hf,25,4.7191723,13.467999,2.15126e-07
H-a7,hf,26,4.7182497,13.474031,4.59653e-07
H-a7,hf,27,4.7138545,13.487454,1.15607e-07
H-a7,hf,28,4.7206411,13.461233,2.61905e-07
H-a7,hf,29,4.7213728,13.462576,2.06403e-08
H-a7,hf,30,4.7166225,13.476655,5.07222e-08
H-a7,hf,31,4.72056,13.457476,5.08548e-08
H-a7,hf,32,4.7124491,13.493555,1.43851e-07
H-a7,hf,33,4.7182627,13.46734,3.27311e-07
H-a7,hf,34,4.7146855,13.477288,2.05118e-07
H-a7,hf,35,4.7150606,13.484686,1.23068e-07
H-a7,hf,36,4.7177968,13.474792,1.43941e-07
H-a7,hf,37,4.7215401,13.454056,2.66775e-08
H-a7,hf,38,4.7173726,13.474972,3.85036e-07
H-a7,hf,39,4.7184538,13.469357,4.61067e-07
H-a7,hf,40,4.7163798,13.475003,6.93953e-08
H-a7,hf,41,4.7203788,13.459337,1.69361e-07
H-a7,hf,42,4.7179195,13.467161,1.11201e-07
H-a7,hf,43,4.7157557,13.477964,3.02134e-07
H-a7,hf,44,4.7186959,13.479831,7.99837e-08
H-a7,hf,45,4.7222305,13.456389,9.93517e-08
H-a7,hf,46,4.7200992,13.466114,2.65648e-07
H-a7,hf,47,4.718837,13.461379,2.92987e-08
H-a7,hf,48,4.72184,13.460366,8.74921e-08
H-a7,hf,49,4.7148784,13.473139,1.65607e-07
H-a7,hf,50,4.7141612,13.481711,1.15784e-07
H-a7,hf,51,4.7143869,13.481057,1.08872e-07
H-a7,hf,52,4.7188774,13.476632,2.26773e-08
H-a7,hf,53,4.7201054,13.461733,3.10373e-07
H-a7,hf,54,4.7177885,13.466835,2.38668e-07
H-a7,hf,55,4.7184843,13.469439,3.70287e-07
H-a7,hf,56,4.7149924,13.483123,1.10854e-07
H-a7,hf,57,4.7192158,13.470545,4.70965e-07
H-a7,hf,58,4.7177676,13.471882,2.94237e-07
H-a7,hf,59,4.7130422,13.48909,7.47346e-08
H-a7,hf,60,4.7148213,13.484054,2.51413e-07
H-a7,hf,61,4.7170076,13.474849,1.20878e-07
H-a7,hf,62,4.7182101,13.47767,2.06777e-07
H-a7,hf,63,4.7200255,13.468032,4.01352e-07
H-a7,hf,64,4.7187325,13.474643,2.07697e-07
H-a7,hf,65,4.7131838,13.48269,2.25092e-08
H-a7,hf,66,4.7206383,13.460006,1.21518e-07
H-a7,hf,67,4.7122525,13.492749,3.63962e-08
H-a7,hf,68,4.7174977,13.468023,9.7563e-08
H-a7,hf,69,4.7165904,13.481039,6.05051e-08
H-a7,hf,70,4.7194222,13.468306,1.79423e-07
H-a7,hf,71,4.7130391,13.486952,1.5038e-07
H-a7,hf,72,4.7135963,13.492689,7.61388e-08
H-a7,hf,73,4.7190418,13.47172,4.04932e-07
H-a7,hf,74,4.7199353,13.465354,1.04699e-07
H-a7,hf,75,4.7139979,13.481399,4.88998e-07
H-a7,hf,76,4.7141674,13.48981,3.68859e-08
H-a7,hf,77,4.7198489,13.459124,1.47473e-07
H-a7,hf,78,4.7206224,13.463952,3.63661e-07
H-a7,hf,79,4.7141036,13.47978,2.12921e-07
H-a7,hf,80,4.7154675,13.479038,1.42069e-07
H-a7,hf,81,4.719692,13.466491,3.71443e-07
H-a7,hf,82,4.7170486,13.473826,3.36897e-07
H-a7,hf,83,4.7153097,13.48941,7.23733e-08
H-a7,hf,84,4.7161077,13.475668,2.69663e-07
H-a7,hf,85,4.7137521,13.483715,1.84298e-07
H-a7,hf,86,4.7206249,13.456936,1.62947e-07
H-a7,hf,87,4.7184099,13.467694,2.37721e-07
H-a7,hf,88,4.7171977,13.471578,2.17037e-07
H-a7,hf,89,4.7129161,13.4845,1.10407e-07
H-a7,hf,90,4.7183515,13.470439,2.07246e-07
H-a7,hf,91,4.7153454,13.476183,1.7876e-07
H-a7,hf,92,4.7180323,13.472253,7.9372e-08
H-a7,hf,93,4.7202523,13.458954,2.24972e-07
H-a7,hf,94,4.717672,13.468445,3.88535e-08
H-a7,hf,95,4.7186432,13.469035,1.31978e-07
H-a7,hf,96,4.7170222,13.471936,5.42265e-07
H-a7,hf,97,4.7198684,13.458109,2.11743e-08
H-a7,hf,98,4.7165295,13.475062,1.66044e-07
H-a7,hf,99,4.7161906,13.472496,2.89967e-07
H-a7,hf,100,4.7183964,13.475191,1.59389e-07
H-a7,hf,101,4.7159374,13.476521,4.53552e-07
H-a7,hf,102,4.7208035,13.466997,1.14671e-07
H-a7,hf,103,4.7151215,13.4776,1.72776e-07
H-a7,hf,104,4.7177127,13.467679,5.15438e-08
H-a7,hf,105,4.7157421,13.478401,1.39374e-07
H-a7,hf,106,4.7150889,13.472831,3.71476e-07
H-a7,hf,107,4.7160301,13.483168,1.19581e-07
H-a7,hf,108,4.7173659,13.476824,2.33931e-07
H-a7,hf,109,4.7138188,13.481928,2.4959e-07
H-a7,hf,110,4.7171252,13.474436,1.06725e-07
H-a7,hf,111,4.7152613,13.475204,1.99293e-07
H-a7,hf,112,4.7200322,13.466343,5.96121e-07
H-a7,hf,113,4.7228835,13.454009,2.72227e-08
H-a7,hf,114,4.7161843,13.474792,9.93377e-08
H-a7,hf,115,4.7138038,13.481897,1.71563e-07
H-a7,hf,116,4.7157586,13.471978,2.41207e-07
H-a7,hf,117,4.7180772,13.481494,3.30762e-08
H-a7,hf,118,4.7158757,13.478137,3.87549e-08
H-a7,hf,119,4.7152256,13.485397,2.55126e-08
H-a7,hf,120,4.7182862,13.46803,2.41621e-07
H-a7,hf,121,4.7193618,13.460258,4.25363e-07
H-a7,hf,122,4.7227626,13.452815,2.261e-07
H-a7,hf,123,4.7190577,13.465773,1.04116e-07
H-a7,hf,124,4.7166068,13.473339,3.38601e-07
H-a7,hf,125,4.7218313,13.460385,1.82596e-07
H-a7,hf,126,4.7190409,13.46477,2.23069e-07
H-a7,hf,127,4.7196937,13.454298,8.2331e-08
H-a7,hf,128,4.716556,13.476325,5.32861e-07
H-a7,hf,129,4.7215157,13.461618,2.68464e-07
H-a7,hf,130,4.716,13.463391,3.82515e-08
H-a7,hf,131,4.7182875,13.460991,1.2265e-07
H-a7,hf,132,4.7195441,13.475227,8.36983e-08
H-a7,hf,133,4.720935,13.466671,2.78359e-07
H-a7,hf,134,4.7147903,13.473546,4.84611e-08
H-a7,hf,135,4.7144014,13.480243,4.5137e-07
H-a7,hf,136,4.7150359,13.473812,1.98511e-07
H-a7,hf,137,4.7134482,13.481002,1.20835e-07
H-a7,hf,138,4.7189578,13.466307,3.41722e-07
H-a7,hf,139,4.7224814,13.452882,2.98641e-07
H-a7,hf,140,4.7188374,13.47235,2.83346e-07
H-a7,hf,141,4.7200481,13.469488,3.33503e-08
H-a7,hf,142,4.7218681,13.455865,2.89444e-08
H-a7,hf,143,4.7205063,13.464145,1.3274e-07
H-a7,hf,144,4.7150127,13.476172,5.68105e-07
H-a7,hf,145,4.7195317,13.463476,3.12042e-07
H-a7,hf,146,4.7229561,13.452966,1.01331e-07
H-a7,hf,147,4.7169633,13.472469,3.66339e-07
H-a7,hf,148,4.7215277,13.458324,4.21405e-07
H-a7,hf,149,4.717108,13.482291,4.74802e-08
H-a7,hf,150,4.7229824,13.451443,5.73119e-08
H-a7,hf,151,4.7196215,13.461774,1.21556e-07
H-a7,hf,152,4.7217989,13.457846,1.22837e-07
H-a7,hf,153,4.7148766,13.482079,1.8154e-07
H-a7,hf,154,4.7172317,13.4809,1.67794e-07
H-a7,hf,155,4.7202191,13.466086,2.31072e-08
H-a7,hf,156,4.7150597,13.47727,6.55703e-08
H-a7,hf,157,4.7175476,13.469607,5.41428e-07
H-a7,hf,158,4.7171176,13.474274,4.21233e-07
H-a7,hf,159,4.7202854,13.46911,3.26818e-08
H-a7,hf,160,4.7130177,13.486539,6.81175e-08
H-a7,hf,161,4.7165277,13.478815,1.13016e-07
H-a7,hf,162,4.7171128,13.479432,1.10764e-07
H-a7,hf,163,4.7144644,13.489946,8.8992e-08
H-a7,hf,164,4.7116873,13.494109,1.84408e-07
H-a7,hf,165,4.714038,13.488782,8.42092e-08
H-a7,hf,166,4.7160568,13.477613,2.42174e-07
H-a7,hf,167,4.7205777,13.459514,9.51698e-08
H-a7,hf,168,4.7154151,13.474536,3.10152e-07
H-a7,hf,169,4.7181267,13.467291,3.31481e-07
H-a7,hf,170,4.7149446,13.47897,2.67757e-07
H-a7,hf,171,4.7170525,13.48092,1.53022e-07
H-a7,hf,172,4.7128729,13.486107,1.10166e-07
H-a7,hf,173,4.7179715,13.477439,6.01731e-08
H-a7,hf,174,4.7122272,13.490092,2.06917e-07
H-a7,hf,175,4.7197778,13.467042,3.93779e-07
H-a7,hf,176,4.7157746,13.474916,8.43814e-08
H-a7,hf,177,4.7194238,13.46843,1.49166e-07
H-a7,hf,178,4.7194634,13.469459,8.11336e-08
H-a7,hf,179,4.7180007,13.465563,1.41076e-07
H-a7,hf,180,4.71812,13.470028,1.79827e-07
H-a7,hf,181,4.7167045,13.479342,5.4781e-08
H-a7,hf,182,4.7156092,13.471546,3.28696e-07
H-a7,hf,183,4.7172985,13.475978,3.26664e-07
H-a7,hf,184,4.7218714,13.458848,1.71414e-08
H-a7,hf,185,4.7179895,13.466806,8.54635e-08
H-a7,hf,186,4.717724,13.474284,3.67367e-08
H-a7,hf,187,4.7193509,13.473812,1.48052e-08
H-a7,hf,188,4.7192445,13.470099,1.85142e-07
H-a7,hf,189,4.7208496,13.46713,2.10683e-07
H-a7,hf,190,4.7188607,13.467238,3.41782e-07
H-a7,hf,191,4.7173133,13.463353,9.07362e-08
H-a7,hf,192,4.7139402,13.480147,2.34281e-07
H-a7,hf,193,4.7211066,13.459926,3.40769e-07
H-a7,hf,194,4.7185505,13.480958,6.64798e-08
H-a7,hf,195,4.7167043,13.46672,1.00253e-07
H-a7,hf,196,4.7153507,13.482078,1.97136e-07
H-a7,hf,197,4.7173754,13.472589,1.98377e-07
H-a7,hf,198,4.7160913,13.470041,5.15639e-08
H-a7,hf,199,4.7152672,13.477785,1.62518e-07
H-a8,experimental,0,4.5278987,13.88985,2.29106e-07
H-a8,experimental,1,4.5283321,13.891961,2.47608e-07
H-a8,experimental,2,4.5293651,13.895201,2.60564e-07
H-a8,experimental,3,4.5271855,13.887706,3.79178e-07
H-a8,experimental,4,4.527287,13.887275,1.51876e-07
H-a8,experimental,5,4.5273905,13.887553,5.43253e-07
H-a8,experimental,6,4.5280657,13.89111,3.93524e-07
H-a8,experimental,7,4.5281488,13.89132,1.28403e-07
H-a8,experimental,8,4.5296142,13.896875,4.97499e-08
H-a8,experimental,9,4.5270443,13.886687,7.3061e-07
H-a8,experimental,10,4.5278271,13.889575,1.19044e-07
H-a8,experimental,11,4.5280802,13.890329,1.91128e-07
H-a8,experimental,12,4.5293443,13.895284,6.24804e-07
H-a8,experimental,13,4.5298326,13.897976,1.35974e-08
H-a8,experimental,14,4.5266394,13.884752,4.84173e-07
H-a8,experimental,15,4.5287885,13.893805,2.59554e-07
H-a8,experimental,16,4.5266072,13.885071,1.41718e-07
H-a8,experimental,17,4.5281151,13.891295,2.40705e-07
H-a8,experimental,18,4.528473,13.892505,1.14586e-07
H-a8,experimental,19,4.5276642,13.889194,2.1616e-07
H-a8,experimental,20,4.5283345,13.891418,1.76582e-07
H-a8,experimental,21,4.5291135,13.894825,9.52949e-07
H-a8,experimental,22,4.5295653,13.896822,2.16223e-07
H-a8,experimental,23,4.5289712,13.894263,2.07371e-09
H-a8,experimental,24,4.5296382,13.896598,2.27716e-07
H-a8,experimental,25,4.5285491,13.892767,2.79711e-07
H-a8,experimental,26,4.528708,13.893105,4.51699e-07
H-a8,experimental,27,4.5275083,13.888961,4.56987e-07
H-a8,experimental,28,4.5286558,13.893149,5.18055e-07
H-a8,experimental,29,4.5293077,13.895399,3.30605e-07
H-a8,experimental,30,4.5280334,13.890304,5.69586e-08
H-a8,experimental,31,4.5281875,13.891239,4.16473e-07
H-a8,experimental,32,4.527395,13.888204,9.2486e-07
H-a8,experimental,33,4.527968,13.889968,3.16043e-07
H-a8,experimental,34,4.5269323,13.885846,2.85019e-07
H-a8,experimental,35,4.5280104,13.890188,3.43828e-07
H-a8,experimental,36,4.5285651,13.892149,1.07232e-07
H-a8,experimental,37,4.5284368,13.891775,5.95635e-07
H-a8,experimental,38,4.528283,13.89137,3.87385e-07
H-a8,experimental,39,4.5282127,13.891862,4.4875e-07
H-a8,experimental,40,4.5277012,13.888922,4.78984e-08
H-a8,experimental,41,4.5282672,13.891776,4.67143e-07
H-a8,experimental,42,4.5277211,13.889093,1.17015e-07
H-a8,experimental,43,4.5275841,13.889074,3.35057e-07
H-a8,experimental,44,4.529587,13.897166,4.29086e-08
H-a8,experimental,45,4.5290903,13.89477,7.0474e-07
H-a8,experimental,46,4.5289727,13.89369,3.60323e-07
H-a8,experimental,47,4.5275675,13.888878,1.56679e-07
H-a8,experimental,48,4.5293155,13.895624,5.17849e-07
H-a8,experimental,49,4.5265293,13.884641,2.25521e-07
H-a8,experimental,50,4.5270712,13.886854,3.42071e-07
H-a8,experimental,51,4.5271317,13.887112,2.89799e-07
H-a8,experimental,52,4.5293972,13.895842,1.66351e-08
H-a8,experimental,53,4.5283722,13.892195,5.19457e-07
H-a8,experimental,54,4.527624,13.888518,2.5327e-07
H-a8,experimental,55,4.5283454,13.891478,3.74612e-07
H-a8,experimental,56,4.5278173,13.889159,2.7899e-07
H-a8,experimental,57,4.5288347,13.894114,5.00602e-07
H-a8,experimental,58,4.5280935,13.891321,2.55678e-07
H-a8,experimental,59,4.5272527,13.887512,6.15977e-07
H-a8,experimental,60,4.527725,13.889629,4.4755e-07
H-a8,experimental,61,4.5280079,13.890672,1.23229e-07
H-a8,experimental,62,4.5290641,13.894866,1.98919e-07
H-a8,experimental,63,4.5291466,13.894416,4.75293e-07
H-a8,experimental,64,4.5291059,13.894451,1.90325e-07
H-a8,experimental,65,4.5265868,13.884972,3.66779e-07
H-a8,experimental,66,4.5285122,13.892604,4.19928e-07
H-a8,experimental,67,4.5271876,13.887279,8.18561e-07
H-a8,experimental,68,4.5275132,13.8887,8.62339e-08
H-a8,experimental,69,4.5285344,13.892135,1.10259e-07
H-a8,experimental,70,4.528763,13.893381,2.43579e-07
H-a8,experimental,71,4.5270187,13.886417,6.28639e-07
H-a8,experimental,72,4.5280407,13.890313,6.69456e-07
H-a8,experimental,73,4.5289703,13.893753,3.83517e-07
H-a8,experimental,74,4.528782,13.893002,2.11163e-07
H-a8,experimental,75,4.5269962,13.886061,7.34379e-07
H-a8,experimental,76,4.5280359,13.890509,4.44726e-07
H-a8,experimental,77,4.5279853,13.890022,3.78287e-07
H-a8,experimental,78,4.5289877,13.894282,5.84646e-07
H-a8,experimental,79,4.5267879,13.885972,3.99569e-07
H-a8,experimental,80,4.5275724,13.888739,2.38779e-07
H-a8,experimental,81,4.5286881,13.893319,4.84054e-07
H-a8,experimental,82,4.527902,13.890388,3.27586e-07
H-a8,experimental,83,4.5286437,13.893259,3.32825e-07
H-a8,experimental,84,4.5276403,13.888363,2.56068e-07
H-a8,experimental,85,4.5270527,13.886791,4.82852e-07
H-a8,experimental,86,4.5281151,13.891347,5.11437e-07
H-a8,experimental,87,4.528072,13.890542,2.7223e-07
H-a8,experimental,88,4.5277148,13.889807,1.86057e-07
H-a8,experimental,89,4.5266276,13.885167,5.19544e-07
H-a8,experimental,90,4.5283442,13.891694,2.22332e-07
H-a8,experimental,91,4.5272157,13.886897,2.21519e-07
H-a8,experimental,92,4.5284008,13.891608,4.57453e-08
H-a8,experimental,93,4.5281854,13.891052,5.01671e-07
H-a8,experimental,94,4.5276787,13.889299,5.16864e-08
H-a8,experimental,95,4.5283222,13.892005,1.41218e-07
H-a8,experimental,96,4.5276998,13.889184,5.3752e-07
H-a8,experimental,97,4.5278251,13.889858,2.98861e-07
H-a8,experimental,98,4.5277848,13.889391,1.84011e-07
H-a8,experimental,99,4.5272915,13.887336,3.05379e-07
H-a8,experimental,100,4.5289271,13.893985,1.61908e-07
H-a8,experimental,101,4.5276073,13.888597,4.64018e-07
H-a8,experimental,102,4.5294941,13.895939,2.5834e-07
H-a8,experimental,103,4.5271701,13.887357,2.45683e-07
H-a8,experimental,104,4.5276079,13.889048,6.03973e-08
H-a8,experimental,105,4.5276468,13.889237,2.10013e-07
H-a8,experimental,106,4.5266054,13.885072,4.00085e-07
H-a8,experimental,107,4.5283828,13.892072,2.37904e-07
H-a8,experimental,108,4.5284713,13.892315,2.4448e-07
H-a8,experimental,109,4.5268785,13.88616,4.99038e-07
H-a8,experimental,110,4.5280456,13.89069,1.09827e-07
H-a8,experimental,111,4.5270319,13.886374,2.48961e-07
H-a8,experimental,112,4.5288916,13.89394,7.35693e-07
H-a8,experimental,113,4.5292433,13.895106,8.02058e-07
H-a8,experimental,114,4.5275551,13.888349,9.61478e-08
H-a8,experimental,115,4.5269329,13.885766,4.11713e-07
H-a8,experimental,116,4.5269308,13.88624,2.60726e-07
H-a8,experimental,117,4.5294762,13.896046,5.11588e-08
H-a8,experimental,118,4.527723,13.889274,9.90026e-08
H-a8,experimental,119,4.5281662,13.891029,2.45357e-07
H-a8,experimental,120,4.5280266,13.890475,2.60102e-07
H-a8,experimental,121,4.5277606,13.889702,6.16207e-07
H-a8,experimental,122,4.5289963,13.894395,1.0274e-06
H-a8,experimental,123,4.5282308,13.891368,1.89579e-07
H-a8,experimental,124,4.527554,13.88911,3.15582e-07
H-a8,experimental,125,4.5293052,13.895685,6.07449e-07
H-a8,experimental,126,4.5280774,13.890967,2.90313e-07
H-a8,experimental,127,4.5272487,13.887811,4.13331e-07
H-a8,experimental,128,4.5278888,13.890289,5.24841e-07
H-a8,experimental,129,4.52932,13.895092,5.82578e-07
H-a8,experimental,130,4.5261456,13.882527,6.16433e-09
H-a8,experimental,131,4.5271561,13.887497,1.94563e-07
H-a8,experimental,132,4.5295922,13.897019,8.2793e-08
H-a8,experimental,133,4.5295159,13.896233,4.58446e-07
H-a8,experimental,134,4.5265263,13.884534,1.11426e-07
H-a8,experimental,135,4.5270379,13.886852,6.10403e-07
H-a8,experimental,136,4.5266501,13.885541,2.02467e-07
H-a8,experimental,137,4.5265325,13.884932,3.81012e-07
H-a8,experimental,138,4.5281961,13.891587,3.83234e-07
H-a8,experimental,139,4.5287828,13.894018,1.04411e-06
H-a8,experimental,140,4.5288616,13.893804,3.00494e-07
H-a8,experimental,141,4.5292835,13.895436,1.06376e-07
H-a8,experimental,142,4.5288474,13.893445,5.83844e-07
H-a8,experimental,143,4.5288975,13.894278,2.958e-07
H-a8,experimental,144,4.5269756,13.886318,6.59656e-07
H-a8,experimental,145,4.5282875,13.891275,4.16193e-07
H-a8,experimental,146,4.5291474,13.894898,9.24991e-07
H-a8,experimental,147,4.5277866,13.889079,3.46404e-07
H-a8,experimental,148,4.528883,13.893938,8.72109e-07
H-a8,experimental,149,4.5289339,13.894314,9.89853e-08
H-a8,experimental,150,4.5289885,13.894266,9.55795e-07
H-a8,experimental,151,4.5280741,13.89109,2.88384e-07
H-a8,experimental,152,4.5290308,13.894216,5.99124e-07
H-a8,experimental,153,4.5275806,13.888605,3.43565e-07
H-a8,experimental,154,4.5288965,13.893719,1.8803e-07
H-a8,experimental,155,4.5289767,13.894324,1.60566e-07
H-a8,experimental,156,4.527086,13.88712,1.428e-07
H-a8,experimental,157,4.5278001,13.889143,5.03342e-07
H-a8,experimental,158,4.5280203,13.89054,4.24846e-07
H-a8,experimental,159,4.5293933,13.895806,1.15774e-07
H-a8,experimental,160,4.5269154,13.886364,4.9677e-07
H-a8,experimental,161,4.5281691,13.891284,1.35911e-07
H-a8,experimental,162,4.528601,13.892984,1.3346e-07
H-a8,experimental,163,4.5282316,13.891269,4.90048e-07
H-a8,experimental,164,4.5269754,13.886687,1.07236e-06
H-a8,experimental,165,4.5278129,13.889811,4.85423e-07
H-a8,experimental,166,4.5277306,13.889701,2.60641e-07
H-a8,experimental,167,4.5283902,13.892397,3.95978e-07
H-a8,experimental,168,4.5270022,13.886644,3.52025e-07
H-a8,experimental,169,4.5278036,13.889995,3.248e-07
H-a8,experimental,170,4.527272,13.887285,3.86897e-07
H-a8,experimental,171,4.5287597,13.893419,1.98374e-07
H-a8,experimental,172,4.5268234,13.885609,5.81343e-07
H-a8,experimental,173,4.5289445,13.89397,5.09785e-08
H-a8,experimental,174,4.526834,13.886191,8.58045e-07
H-a8,experimental,175,4.5288307,13.893634,4.91056e-07
H-a8,experimental,176,4.5272504,13.887752,1.08916e-07
H-a8,experimental,177,4.5288054,13.893266,2.03103e-07
H-a8,experimental,178,4.5288884,13.894137,1.39186e-07
H-a8,experimental,179,4.5275558,13.888735,1.81969e-07
H-a8,experimental,180,4.5281851,13.890869,1.568e-07
H-a8,experimental,181,4.5283644,13.891881,9.70176e-08
H-a8,experimental,182,4.5268582,13.885326,3.05367e-07
H-a8,experimental,183,4.5283134,13.89184,3.21113e-07
H-a8,experimental,184,4.5291998,13.894792,4.80348e-07
H-a8,experimental,185,4.5277625,13.888897,6.96155e-08
H-a8,experimental,186,4.5284214,13.891954,5.05405e-09
H-a8,experimental,187,4.5293517,13.895712,3.58603e-08
H-a8,experimental,188,4.5288777,13.893634,2.174e-07
H-a8,experimental,189,4.5294466,13.896585,3.7253e-07
H-a8,experimental,190,4.5283341,13.891319,3.65384e-07
H-a8,experimental,191,4.5268317,13.886255,1.04953e-07
H-a8,experimental,192,4.5267772,13.885436,4.50272e-07
H-a8,experimental,193,4.5287885,13.893791,7.01185e-07
H-a8,experimental,194,4.5296539,13.897238,6.93681e-08
H-a8,experimental,195,4.5269099,13.886066,1.00632e-07
H-a8,experimental,196,4.5278314,13.88999,3.35667e-07
H-a8,experimental,197,4.527984,13.890441,1.92447e-07
H-a8,experimental,198,4.5269206,13.88605,5.28083e-08
H-a8,experimental,199,4.5272675,13.887872,2.14152e-07
H-a8,hf,0,4.7169027,13.474587,2.10794e-07
H-a8,hf,1,4.7167512,13.479183,1.96191e-07
H-a8,hf,2,4.7194595,13.472282,1.77538e-07
H-a8,hf,3,4.7156221,13.475873,2.6079e-07
H-a8,hf,4,4.7174646,13.465728,1.36627e-07
H-a8,hf,5,4.7163533,13.473481,5.72008e-07
H-a8,hf,6,4.716138,13.480735,2.18042e-07
H-a8,hf,7,4.7170199,13.476152,1.14902e-07
H-a8,hf,8,4.7182385,13.48166,1.19536e-07
H-a8,hf,9,4.7155748,13.474993,6.22887e-07
H-a8,hf,10,4.7178781,13.468169,8.70429e-08
H-a8,hf,11,4.717349,13.473531,2.01362e-07
H-a8,hf,12,4.7195328,13.471584,5.20054e-07
H-a8,hf,13,4.7178205,13.486196,3.06477e-08
H-a8,hf,14,4.7166363,13.465007,5.4792e-07
H-a8,hf,15,4.7167586,13.483255,1.33327e-07
H-a8,hf,16,4.716626,13.464596,1.2152e-07
H-a8,hf,17,4.7169465,13.476161,2.47431e-07
H-a8,hf,18,4.7172064,13.477989,8.37629e-08
H-a8,hf,19,4.7174593,13.469172,2.00873e-07
H-a8,hf,20,4.7175296,13.47496,1.91567e-07
H-a8,hf,21,4.718958,13.472772,9.69931e-07
H-a8,hf,22,4.7183904,13.480376,3.13326e-07
H-a8,hf,23,4.7181532,13.476807,4.69478e-09
H-a8,hf,24,4.7192482,13.476216,2.09678e-07
H-a8,hf,25,4.7181108,13.473195,2.81877e-07
H-a8,hf,26,4.7181229,13.474628,4.50735e-07
H-a8,hf,27,4.7154635,13.47968,2.24369e-07
H-a8,hf,28,4.7183275,13.472487,5.59534e-07
H-a8,hf,29,4.7193348,13.472521,2.65596e-07
H-a8,hf,30,4.7174643,13.47257,7.39013e-08
H-a8,hf,31,4.7185259,13.46737,3.05429e-07
H-a8,hf,32,4.7154236,13.479145,6.77516e-07
H-a8,hf,33,4.7182046,13.467619,2.84017e-07
H-a8,hf,34,4.7166721,13.467608,3.97961e-07
H-a8,hf,35,4.7166989,13.476763,2.83606e-07
H-a8,hf,36,4.7181439,13.473125,1.15357e-07
H-a8,hf,37,4.7191814,13.465508,3.66344e-07
H-a8,hf,38,4.7175597,13.47407,3.85671e-07
H-a8,hf,39,4.7172996,13.475003,4.97361e-07
H-a8,hf,40,4.7174704,13.46969,9.675e-08
H-a8,hf,41,4.7183042,13.469432,4.24782e-07
H-a8,hf,42,4.7178559,13.467424,9.19458e-08
H-a8,hf,43,4.7162952,13.475313,2.89076e-07
H-a8,hf,44,4.7177117,13.484679,9.67638e-08
H-a8,hf,45,4.7193868,13.470252,5.93911e-07
H-a8,hf,46,4.7191166,13.470884,2.82212e-07
H-a8,hf,47,4.717603,13.467347,1.14947e-07
H-a8,hf,48,4.7192747,13.472878,4.88214e-07
H-a8,hf,49,4.7161462,13.466964,2.61106e-07
H-a8,hf,50,4.7158565,13.473462,2.81716e-07
H-a8,hf,51,4.7157718,13.474352,2.02899e-07
H-a8,hf,52,4.7184204,13.478905,2.69795e-08
H-a8,hf,53,4.7181141,13.471429,5.32153e-07
H-a8,hf,54,4.7176925,13.467267,2.31381e-07
H-a8,hf,55,4.7182028,13.470838,3.55746e-07
H-a8,hf,56,4.7169653,13.473547,3.11013e-07
H-a8,hf,57,4.7178872,13.477004,5.5988e-07
H-a8,hf,58,4.7170393,13.475435,2.84265e-07
H-a8,hf,59,4.7157894,13.475747,5.24557e-07
H-a8,hf,60,4.7160259,13.478208,3.163e-07
H-a8,hf,61,4.7170891,13.474462,1.1727e-07
H-a8,hf,62,4.7176533,13.480414,2.1357e-07
H-a8,hf,63,4.7190467,13.472812,4.28633e-07
H-a8,hf,64,4.7184454,13.476098,1.91772e-07
H-a8,hf,65,4.7155226,13.471315,3.46011e-07
H-a8,hf,66,4.7183972,13.470903,4.13442e-07
H-a8,hf,67,4.7152629,13.478151,5.79119e-07
H-a8,hf,68,4.7169633,13.470617,9.2413e-08
H-a8,hf,69,4.7175767,13.476245,1.01716e-07
H-a8,hf,70,4.7184755,13.472955,2.25406e-07
H-a8,hf,71,4.715798,13.473531,5.98354e-07
H-a8,hf,72,4.716199,13.480081,4.84335e-07
H-a8,hf,73,4.7187405,13.47318,3.65725e-07
H-a8,hf,74,4.7189162,13.470329,1.38555e-07
H-a8,hf,75,4.7162051,13.470714,7.7484e-07
H-a8,hf,76,4.7165799,13.478113,3.69079e-07
H-a8,hf,77,4.7186162,13.465104,2.2591e-07
H-a8,hf,78,4.7188726,13.472488,5.4743e-07
H-a8,hf,79,4.7157274,13.471893,3.63574e-07
H-a8,hf,80,4.7165898,13.473599,2.18382e-07
H-a8,hf,81,4.7183006,13.47326,4.88538e-07
H-a8,hf,82,4.7169536,13.474334,3.24301e-07
H-a8,hf,83,4.7163514,13.484404,1.09476e-07
H-a8,hf,84,4.7174272,13.469218,3.21543e-07
H-a8,hf,85,4.7155557,13.474986,3.62029e-07
H-a8,hf,86,4.7180511,13.469454,5.20107e-07
H-a8,hf,87,4.7177162,13.471058,2.65886e-07
H-a8,hf,88,4.7167995,13.473542,1.94106e-07
H-a8,hf,89,4.7151932,13.473455,4.0617e-07
H-a8,hf,90,4.7177326,13.473431,2.28978e-07
H-a8,hf,91,4.7169231,13.468491,2.95646e-07
H-a8,hf,92,4.7181946,13.471451,4.40073e-08
H-a8,hf,93,4.7188078,13.465928,3.34283e-07
H-a8,hf,94,4.7174143,13.469671,4.27052e-08
H-a8,hf,95,4.7175115,13.474562,1.81055e-07
H-a8,hf,96,4.717351,13.470272,5.42903e-07
H-a8,hf,97,4.7181113,13.466623,2.08256e-07
H-a8,hf,98,4.7171192,13.47221,1.86318e-07
H-a8,hf,99,4.7168956,13.469088,3.21068e-07
H-a8,hf,100,4.7179208,13.477525,1.72656e-07
H-a8,hf,101,4.717251,13.47017,5.20334e-07
H-a8,hf,102,4.7193484,13.47413,2.14578e-07
H-a8,hf,103,4.7160307,13.473197,2.00803e-07
H-a8,hf,104,4.7172002,13.470145,5.90543e-08
H-a8,hf,105,4.7165987,13.474262,1.82323e-07
H-a8,hf,106,4.7158993,13.468913,3.91289e-07
H-a8,hf,107,4.7169096,13.478927,1.66891e-07
H-a8,hf,108,4.7174746,13.476296,2.35809e-07
H-a8,hf,109,4.7155673,13.473416,4.15164e-07
H-a8,hf,110,4.7172275,13.473941,1.06586e-07
H-a8,hf,111,4.7167112,13.468144,3.08759e-07
H-a8,hf,112,4.7186225,13.473163,7.19278e-07
H-a8,hf,113,4.7196286,13.469878,6.76301e-07
H-a8,hf,114,4.7172769,13.469448,1.40064e-07
H-a8,hf,115,4.7163381,13.469542,5.15658e-07
H-a8,hf,116,4.7164371,13.468689,2.67666e-07
H-a8,hf,117,4.7180433,13.481713,3.18394e-08
H-a8,hf,118,4.7166069,13.474601,6.49873e-08
H-a8,hf,119,4.716648,13.478502,1.5007e-07
H-a8,hf,120,4.7179888,13.46943,2.3401e-07
H-a8,hf,121,4.7178646,13.467539,5.59336e-07
H-a8,hf,122,4.7193012,13.469663,9.48786e-07
H-a8,hf,123,4.7180531,13.470654,1.65836e-07
H-a8,hf,124,4.7166047,13.473307,3.11207e-07
H-a8,hf,125,4.719168,13.473416,6.07727e-07
H-a8,hf,126,4.7175784,13.471898,3.20211e-07
H-a8,hf,127,4.7176454,13.464207,3.13609e-07
H-a8,hf,128,4.7166458,13.475887,5.03052e-07
H-a8,hf,129,4.7196679,13.470617,4.40018e-07
H-a8,hf,130,4.7169784,13.458571,5.51074e-08
H-a8,hf,131,4.7170654,13.466884,1.77806e-07
H-a8,hf,132,4.7181481,13.482075,1.75852e-07
H-a8,hf,133,4.7191896,13.475241,4.51164e-07
H-a8,hf,134,4.7161167,13.467066,1.49985e-07
H-a8,hf,135,4.715691,13.474022,5.23808e-07
H-a8,hf,136,4.7157176,13.470463,1.76969e-07
H-a8,hf,137,4.7153226,13.471908,3.13206e-07
H-a8,hf,138,4.7175301,13.473297,4.278e-07
H-a8,hf,139,4.718928,13.47019,1.03432e-06
H-a8,hf,140,4.7182611,13.475141,3.00771e-07
H-a8,hf,141,4.7189353,13.474931,9.03526e-08
H-a8,hf,142,4.7193804,13.467985,4.04786e-07
H-a8,hf,143,4.7181844,13.475487,4.07164e-07
H-a8,hf,144,4.7162797,13.470049,6.67444e-07
H-a8,hf,145,4.7187262,13.467341,3.10748e-07
H-a8,hf,146,4.7194545,13.470032,8.4401e-07
H-a8,hf,147,4.717581,13.469494,3.67798e-07
H-a8,hf,148,4.7189994,13.470662,8.09249e-07
H-a8,hf,149,4.7173958,13.480932,5.25026e-08
H-a8,hf,150,4.719799,13.466936,6.78318e-07
H-a8,hf,151,4.7178405,13.470443,2.92663e-07
H-a8,hf,152,4.7195184,13.46897,4.26227e-07
H-a8,hf,153,4.7167546,13.472921,3.70108e-07
H-a8,hf,154,4.7178729,13.477798,1.75687e-07
H-a8,hf,155,4.7183687,13.475125,2.15595e-07
H-a8,hf,156,4.7160314,13.472552,1.06161e-07
H-a8,hf,157,4.7179324,13.46766,5.04874e-07
H-a8,hf,158,4.7172661,13.473508,4.22704e-07
H-a8,hf,159,4.719107,13.474881,9.0554e-08
H-a8,hf,160,4.71512,13.47634,2.95134e-07
H-a8,hf,161,4.7167782,13.477597,9.74167e-08
H-a8,hf,162,4.7172151,13.478942,1.06127e-07
H-a8,hf,163,4.7164016,13.480581,3.18466e-07
H-a8,hf,164,4.7146482,13.479779,6.74323e-07
H-a8,hf,165,4.7158753,13.479884,2.7793e-07
H-a8,hf,166,4.7164194,13.475871,2.1872e-07
H-a8,hf,167,4.7182413,13.470876,4.03803e-07
H-a8,hf,168,4.7162566,13.470434,3.44956e-07
H-a8,hf,169,4.717116,13.472236,3.51949e-07
H-a8,hf,170,4.7166071,13.470853,4.20802e-07
H-a8,hf,171,4.7175179,13.478668,1.67522e-07
H-a8,hf,172,4.7157248,13.472228,5.84935e-07
H-a8,hf,173,4.7180576,13.477064,4.88523e-08
H-a8,hf,174,4.7148183,13.477556,5.75777e-07
H-a8,hf,175,4.7182405,13.47458,5.25395e-07
H-a8,hf,176,4.7163796,13.471957,9.44602e-08
H-a8,hf,177,4.7185949,13.472496,1.76841e-07
H-a8,hf,178,4.7181351,13.47594,1.80933e-07
H-a8,hf,179,4.7174188,13.468383,1.61385e-07
H-a8,hf,180,4.7181584,13.469808,1.43138e-07
H-a8,hf,181,4.7171993,13.476973,6.94642e-08
H-a8,hf,182,4.7170536,13.464519,4.06642e-07
H-a8,hf,183,4.7171649,13.476641,3.15275e-07
H-a8,hf,184,4.7194418,13.470703,3.73828e-07
H-a8,hf,185,4.7180824,13.466325,4.34024e-08
H-a8,hf,186,4.7180261,13.472817,1.04107e-08
H-a8,hf,187,4.7183926,13.478522,6.77746e-08
H-a8,hf,188,4.7185525,13.473459,2.01216e-07
H-a8,hf,189,4.71859,13.478212,4.91007e-07
H-a8,hf,190,4.7184268,13.469372,3.2317e-07
H-a8,hf,191,4.7167251,13.466172,8.96039e-08
H-a8,hf,192,4.7157959,13.471086,4.32641e-07
H-a8,hf,193,4.7187409,13.471453,6.77548e-07
H-a8,hf,194,4.7180172,13.483608,8.03209e-08
H-a8,hf,195,4.7170795,13.464877,1.04855e-07
H-a8,hf,196,4.7163971,13.477025,2.56678e-07
H-a8,hf,197,4.7172047,13.47343,1.93959e-07
H-a8,hf,198,4.7167702,13.466693,7.50915e-08
H-a8,hf,199,4.7159897,13.474301,1.56887e-07
H-a9,experimental,0,4.5278938,13.889878,2.28638e-07
H-a9,experimental,1,4.5283657,13.891803,2.49829e-07
H-a9,experimental,2,4.5293335,13.89534,2.65239e-07
H-a9,experimental,3,4.5272183,13.887556,3.83875e-07
H-a9,experimental,4,4.5272655,13.887374,1.5201e-07
H-a9,experimental,5,4.5273606,13.887692,5.37541e-07
H-a9,experimental,6,4.5280925,13.890987,3.97319e-07
H-a9,experimental,7,4.5281678,13.891235,1.28913e-07
H-a9,experimental,8,4.5296403,13.89674,4.92762e-08
H-a9,experimental,9,4.5270507,13.88667,7.33021e-07
H-a9,experimental,10,4.5278087,13.889655,1.19913e-07
H-a9,experimental,11,4.5280617,13.890422,1.89636e-07
H-a9,experimental,12,4.5293239,13.895363,6.30017e-07
H-a9,experimental,13,4.529871,13.897783,1.45867e-08
H-a9,experimental,14,4.5266146,13.884875,4.83137e-07
H-a9,experimental,15,4.5288236,13.893639,2.62598e-07
H-a9,experimental,16,4.5266176,13.88503,1.40486e-07
H-a9,experimental,17,4.5281468,13.891148,2.40976e-07
H-a9,experimental,18,4.5284837,13.892458,1.14623e-07
H-a9,experimental,19,4.5276648,13.889191,2.15918e-07
H-a9,experimental,20,4.5283058,13.891555,1.73449e-07
H-a9,experimental,21,4.5291328,13.894721,9.50522e-07
H-a9,experimental,22,4.5295936,13.896683,2.14172e-07
H-a9,experimental,23,4.5289629,13.894293,2.17674e-09
H-a9,experimental,24,4.5296105,13.896722,2.29734e-07
H-a9,experimental,25,4.528552,13.892745,2.80016e-07
H-a9,experimental,26,4.528695,13.893171,4.51262e-07
H-a9,experimental,27,4.5275471,13.888781,4.64468e-07
H-a9,experimental,28,4.5286847,13.893013,5.13651e-07
H-a9,experimental,29,4.5292962,13.89544,3.33748e-07
H-a9,experimental,30,4.5280109,13.890408,5.58231e-08
H-a9,experimental,31,4.5281869,13.891233,4.16386e-07
H-a9,experimental,32,4.527401,13.88818,9.26578e-07
H-a9,experimental,33,4.5279306,13.890139,3.17991e-07
H-a9,experimental,34,4.5268954,13.886029,2.81739e-07
H-a9,experimental,35,4.5280038,13.890214,3.42736e-07
H-a9,experimental,36,4.5285357,13.892279,1.07291e-07
H-a9,experimental,37,4.5284223,13.891839,5.98893e-07
H-a9,experimental,38,4.5282784,13.891392,3.87242e-07
H-a9,experimental,39,4.5282471,13.891693,4.4723e-07
H-a9,experimental,40,4.5276652,13.889091,4.63087e-08
H-a9,experimental,41,4.5282797,13.891712,4.65012e-07
H-a9,experimental,42,4.5276964,13.889216,1.18271e-07
H-a9,experimental,43,4.5276148,13.888944,3.38005e-07
H-a9,experimental,44,4.5296313,13.896951,4.25933e-08
H-a9,experimental,45,4.5290904,13.894759,7.05961e-07
H-a9,experimental,46,4.5289412,13.893836,3.63977e-07
H-a9,experimental,47,4.5275783,13.888833,1.55092e-07
H-a9,experimental,48,4.5293199,13.895592,5.18095e-07
H-a9,experimental,49,4.526523,13.884678,2.25221e-07
H-a9,experimental,50,4.5270822,13.886815,3.44634e-07
H-a9,experimental,51,4.5271544,13.88701,2.93091e-07
H-a9,experimental,52,4.5293914,13.895858,1.70676e-08
H-a9,experimental,53,4.5283941,13.892085,5.16478e-07
H-a9,experimental,54,4.5276059,13.888606,2.54073e-07
H-a9,experimental,55,4.5283214,13.891577,3.76057e-07
H-a9,experimental,56,4.5277874,13.8893,2.7491e-07
H-a9,experimental,57,4.5288634,13.893983,4.98374e-07
H-a9,experimental,58,4.5281285,13.891157,2.55004e-07
H-a9,experimental,59,4.5272452,13.887559,6.14879e-07
H-a9,experimental,60,4.5277539,13.889501,4.51689e-07
H-a9,experimental,61,4.5280194,13.890618,1.23478e-07
H-a9,experimental,62,4.5290895,13.894743,1.98868e-07
H-a9,experimental,63,4.5291212,13.894526,4.78331e-07
H-a9,experimental,64,4.5290881,13.894518,1.918e-07
H-a9,experimental,65,4.5265863,13.884989,3.68302e-07
H-a9,experimental,66,4.528532,13.892509,4.1671e-07
H-a9,experimental,67,4.5271975,13.887243,8.21822e-07
H-a9,experimental,68,4.5275348,13.8886,8.53061e-08
H-a9,experimental,69,4.5285164,13.892221,1.08195e-07
H-a9,experimental,70,4.5287509,13.893423,2.45497e-07
H-a9,experimental,71,4.5270069,13.886488,6.27491e-07
H-a9,experimental,72,4.528036,13.890337,6.67661e-07
H-a9,experimental,73,4.5289392,13.893896,3.84929e-07
H-a9,experimental,74,4.5287541,13.893122,2.14967e-07
H-a9,experimental,75,4.5269755,13.886154,7.3091e-07
H-a9,experimental,76,4.5280165,13.890602,4.40249e-07
H-a9,experimental,77,4.5279584,13.890142,3.81901e-07
H-a9,experimental,78,4.5289831,13.894294,5.86137e-07
H-a9,experimental,79,4.5267981,13.885932,4.01578e-07
H-a9,experimental,80,4.5275729,13.888736,2.38864e-07
H-a9,experimental,81,4.5286951,13.893285,4.8344e-07
H-a9,experimental,82,4.5279196,13.890296,3.27844e-07
H-a9,experimental,83,4.5286813,13.893079,3.38035e-07
H-a9,experimental,84,4.5276025,13.888549,2.54064e-07
H-a9,experimental,85,4.5270736,13.886696,4.8665e-07
H-a9,experimental,86,4.5281481,13.891188,5.04899e-07
H-a9,experimental,87,4.5280769,13.890519,2.71933e-07
H-a9,experimental,88,4.5277428,13.889671,1.85747e-07
H-a9,experimental,89,4.5266445,13.885099,5.23901e-07
H-a9,experimental,90,4.5283535,13.891654,2.21871e-07
H-a9,experimental,91,4.5271839,13.887053,2.19475e-07
H-a9,experimental,92,4.5283703,13.891749,4.62315e-08
H-a9,experimental,93,4.5281599,13.891175,5.05727e-07
H-a9,experimental,94,4.5276765,13.889314,5.17867e-08
H-a9,experimental,95,4.5283501,13.891867,1.39797e-07
H-a9,experimental,96,4.5276903,13.889245,5.37863e-07
H-a9,experimental,97,4.5278305,13.889834,2.97532e-07
H-a9,experimental,98,4.5277784,13.889419,1.83719e-07
H-a9,experimental,99,4.5272815,13.887378,3.04458e-07
H-a9,experimental,100,4.5289364,13.893938,1.61643e-07
H-a9,experimental,101,4.5275717,13.888755,4.61416e-07
H-a9,experimental,102,4.529472,13.896026,2.63002e-07
H-a9,experimental,103,4.5271922,13.887256,2.47913e-07
H-a9,experimental,104,4.5276206,13.888993,5.98945e-08
H-a9,experimental,105,4.5276535,13.889204,2.1055e-07
H-a9,experimental,106,4.5266228,13.884992,4.00182e-07
H-a9,experimental,107,4.5283922,13.892025,2.38525e-07
H-a9,experimental,108,4.5284763,13.892292,2.44262e-07
H-a9,experimental,109,4.5268977,13.886085,5.03422e-07
H-a9,experimental,110,4.5280518,13.890664,1.09908e-07
H-a9,experimental,111,4.5270072,13.886497,2.47368e-07
H-a9,experimental,112,4.5288914,13.893947,7.35074e-07
H-a9,experimental,113,4.5292473,13.895075,8.02356e-07
H-a9,experimental,114,4.5275258,13.888495,9.50183e-08
H-a9,experimental,115,4.5269004,13.885935,4.08092e-07
H-a9,experimental,116,4.5269338,13.886225,2.60226e-07
H-a9,experimental,117,4.5294811,13.896013,5.10577e-08
H-a9,experimental,118,4.527736,13.889212,1.00055e-07
H-a9,experimental,119,4.5281712,13.891006,2.45626e-07
H-a9,experimental,120,4.5280081,13.89057,2.61058e-07
H-a9,experimental,121,4.5277676,13.889666,6.1463e-07
H-a9,experimental,122,4.5290149,13.894301,1.0229e-06
H-a9,experimental,123,4.5282297,13.891371,1.89714e-07
H-a9,experimental,124,4.5275817,13.888995,3.16777e-07
H-a9,experimental,125,4.5293145,13.895621,6.07872e-07
H-a9,experimental,126,4.5281052,13.89083,2.87608e-07
H-a9,experimental,127,4.5272689,13.887721,4.08501e-07
H-a9,experimental,128,4.5279195,13.890151,5.26203e-07
H-a9,experimental,129,4.5292906,13.89522,5.88704e-07
H-a9,experimental,130,4.5261017,13.882743,6.57095e-09
H-a9,experimental,131,4.5271817,13.887384,1.91686e-07
H-a9,experimental,132,4.5296265,13.896849,8.14281e-08
H-a9,experimental,133,4.5295071,13.896252,4.62168e-07
H-a9,experimental,134,4.526522,13.884568,1.12021e-07
H-a9,experimental,135,4.5270629,13.886732,6.13302e-07
H-a9,experimental,136,4.5266814,13.885408,2.05893e-07
H-a9,experimental,137,4.5265501,13.884858,3.84591e-07
H-a9,experimental,138,4.5282256,13.891436,3.80824e-07
H-a9,experimental,139,4.5288137,13.893865,1.03651e-06
H-a9,experimental,140,4.5288559,13.893834,3.00153e-07
H-a9,experimental,141,4.529267,13.895503,1.0866e-07
H-a9,experimental,142,4.5288346,13.893492,5.87557e-07
H-a9,experimental,143,4.5289362,13.894086,2.913e-07
H-a9,experimental,144,4.5269719,13.88633,6.58627e-07
H-a9,experimental,145,4.5282535,13.89144,4.19992e-07
H-a9,experimental,146,4.529163,13.894814,9.21715e-07
H-a9,experimental,147,4.5277581,13.889203,3.45776e-07
H-a9,experimental,148,4.5288885,13.893898,8.72105e-07
H-a9,experimental,149,4.528947,13.894247,9.92668e-08
H-a9,experimental,150,4.5289763,13.894314,9.60065e-07
H-a9,experimental,151,4.5280962,13.89098,2.85347e-07
H-a9,experimental,152,4.5290101,13.894298,6.04828e-07
H-a9,experimental,153,4.5275579,13.888725,3.4092e-07
H-a9,experimental,154,4.5288803,13.893794,1.86361e-07
H-a9,experimental,155,4.5289983,13.894214,1.58751e-07
H-a9,experimental,156,4.5271045,13.88704,1.4479e-07
H-a9,experimental,157,4.5277658,13.889319,5.04335e-07
H-a9,experimental,158,4.5280257,13.890528,4.24878e-07
H-a9,experimental,159,4.5293723,13.895889,1.18953e-07
H-a9,experimental,160,4.5269475,13.886227,5.04561e-07
H-a9,experimental,161,4.5281971,13.891161,1.3743e-07
H-a9,experimental,162,4.5286215,13.892892,1.33823e-07
H-a9,experimental,163,4.5282366,13.891242,4.90437e-07
H-a9,experimental,164,4.5270088,13.886536,1.08285e-06
H-a9,experimental,165,4.5278357,13.889709,4.89603e-07
H-a9,experimental,166,4.5277605,13.889563,2.62627e-07
H-a9,experimental,167,4.5284152,13.892277,3.91755e-07
H-a9,experimental,168,4.5270123,13.886605,3.53013e-07
H-a9,experimental,169,4.5278339,13.889842,3.22698e-07
H-a9,experimental,170,4.5272548,13.887379,3.8594e-07
H-a9,experimental,171,4.5287606,13.893415,1.97554e-07
H-a9,experimental,172,4.5268086,13.885697,5.79998e-07
H-a9,experimental,173,4.5289321,13.894015,5.10774e-08
H-a9,experimental,174,4.5268643,13.886053,8.66272e-07
H-a9,experimental,175,4.5288463,13.893546,4.9062e-07
H-a9,experimental,176,4.5272661,13.887688,1.10255e-07
H-a9,experimental,177,4.528788,13.893335,2.05263e-07
H-a9,experimental,178,4.5289057,13.894052,1.38037e-07
H-a9,experimental,179,4.5275578,13.888724,1.81425e-07
H-a9,experimental,180,4.5281544,13.891019,1.57835e-07
H-a9,experimental,181,4.5283693,13.891854,9.729e-08
H-a9,experimental,182,4.5268145,13.885532,3.02727e-07
H-a9,experimental,183,4.5283352,13.891739,3.21601e-07
H-a9,experimental,184,4.529191,13.894818,4.83546e-07
H-a9,experimental,185,4.5277249,13.889073,7.134e-08
H-a9,experimental,186,4.5283939,13.892079,4.94571e-09
H-a9,experimental,187,4.5293591,13.895667,3.60468e-08
H-a9,experimental,188,4.5288621,13.893707,2.18308e-07
H-a9,experimental,189,4.5294751,13.896431,3.71091e-07
H-a9,experimental,190,4.5283034,13.89145,3.67874e-07
H-a9,experimental,191,4.5268496,13.886179,1.03444e-07
H-a9,experimental,192,4.5267829,13.88543,4.53207e-07
H-a9,experimental,193,4.5287997,13.89373,6.99687e-07
H-a9,experimental,194,4.5296742,13.897134,6.9016e-08
H-a9,experimental,195,4.52689,13.886161,1.00214e-07
H-a9,experimental,196,4.5278473,13.889913,3.37441e-07
H-a9,experimental,197,4.5279968,13.890381,1.9242e-07
H-a9,experimental,198,4.5269102,13.88611,5.31992e-08
H-a9,experimental,199,4.5272974,13.887731,2.16831e-07
H-a9,hf,0,4.71577,13.480109,1.35901e-07
H-a9,hf,1,4.7165557,13.480125,2.24852e-07
H-a9,hf,2,4.7207662,13.4659,1.20895e-07
H-a9,hf,3,4.7143796,13.481909,2.10091e-07
H-a9,hf,4,4.7173658,13.466214,1.43415e-07
H-a9,hf,5,4.713606,13.486846,1.56033e-07
H-a9,hf,6,4.7147831,13.487325,1.24056e-07
H-a9,hf,7,4.7169456,13.476518,1.23264e-07
H-a9,hf,8,4.7194113,13.475908,5.02081e-08
H-a9,hf,9,4.7131353,13.486867,2.72936e-07
H-a9,hf,10,4.7182399,13.466404,8.64119e-08
H-a9,hf,11,4.7163034,13.478638,1.52161e-07
H-a9,hf,12,4.7215336,13.461799,2.97746e-07
H-a9,hf,13,4.718529,13.482701,2.80957e-08
H-a9,hf,14,4.7153855,13.471108,4.66461e-07
H-a9,hf,15,4.7162151,13.485887,1.40829e-07
H-a9,hf,16,4.7169072,13.463244,1.2984e-07
H-a9,hf,17,4.7173142,13.474365,2.7146e-07
H-a9,hf,18,4.716839,13.479779,7.57605e-08
H-a9,hf,19,4.7179497,13.466788,1.86743e-07
H-a9,hf,20,4.7162113,13.481388,1.26767e-07
H-a9,hf,21,4.7217451,13.459146,5.15417e-07
H-a9,hf,22,4.7199874,13.472562,1.75349e-07
H-a9,hf,23,4.7183996,13.475593,8.00398e-09
H-a9,hf,24,4.7201045,13.472029,2.11576e-07
H-a9,hf,25,4.7191688,13.46802,2.15536e-07
H-a9,hf,26,4.7182596,13.473971,4.60302e-07
H-a9,hf,27,4.7138286,13.487621,1.13938e-07
H-a9,hf,28,4.7206616,13.4611,2.6068e-07
H-a9,hf,29,4.7213826,13.462511,2.05553e-08
H-a9,hf,30,4.716613,13.476715,5.04566e-08
H-a9,hf,31,4.7205753,13.457374,5.18815e-08
H-a9,hf,32,4.7124174,13.493761,1.42129e-07
H-a9,hf,33,4.7182637,13.467332,3.27835e-07
H-a9,hf,34,4.7146832,13.477302,2.05124e-07
H-a9,hf,35,4.7150342,13.484855,1.21029e-07
H-a9,hf,36,4.7177862,13.47486,1.43606e-07
H-a9,hf,37,4.7215679,13.453875,2.54221e-08
H-a9,hf,38,4.7173688,13.474997,3.85063e-07
H-a9,hf,39,4.7184508,13.469375,4.61358e-07
H-a9,hf,40,4.7163759,13.475028,6.93404e-08
H-a9,hf,41,4.7203934,13.45924,1.69789e-07
H-a9,hf,42,4.7179364,13.467053,1.10321e-07
H-a9,hf,43,4.7157635,13.477916,3.03229e-07
H-a9,hf,44,4.7186865,13.479895,8.09998e-08
H-a9,hf,45,4.7222484,13.456272,9.94419e-08
H-a9,hf,46,4.7201127,13.466028,2.65065e-07
H-a9,hf,47,4.7188566,13.461251,2.86285e-08
H-a9,hf,48,4.7218552,13.460268,8.70139e-08
H-a9,hf,49,4.7148761,13.473152,1.65858e-07
H-a9,hf,50,4.7141562,13.481746,1.16356e-07
H-a9,hf,51,4.7143695,13.481168,1.07888e-07
H-a9,hf,52,4.7188652,13.476712,2.23907e-08
H-a9,hf,53,4.720118,13.46165,3.10518e-07
H-a9,hf,54,4.7178011,13.466753,2.3829e-07
H-a9,hf,55,4.7184753,13.469495,3.70789e-07
H-a9,hf,56,4.7149742,13.483242,1.10026e-07
H-a9,hf,57,4.7192308,13.470452,4.70936e-07
H-a9,hf,58,4.7177698,13.471869,2.94222e-07
H-a9,hf,59,4.7130251,13.489203,7.54968e-08
H-a9,hf,60,4.7148112,13.484121,2.52303e-07
H-a9,hf,61,4.7170038,13.474874,1.20857e-07
H-a9,hf,62,4.7182035,13.477714,2.07298e-07
H-a9,hf,63,4.7200289,13.46801,4.01376e-07
H-a9,hf,64,4.7187139,13.474762,2.06785e-07
H-a9,hf,65,4.7131771,13.482734,2.28722e-08
H-a9,hf,66,4.7206593,13.45987,1.20398e-07
H-a9,hf,67,4.7122264,13.492919,3.60235e-08
H-a9,hf,68,4.7175021,13.467993,9.78424e-08
H-a9,hf,69,4.7165832,13.481089,6.14433e-08
H-a9,hf,70,4.7194145,13.468354,1.79927e-07
H-a9,hf,71,4.7130304,13.48701,1.52005e-07
H-a9,hf,72,4.7135645,13.492897,7.45541e-08
H-a9,hf,73,4.7190474,13.471687,4.05008e-07
H-a9,hf,74,4.7199375,13.465338,1.05204e-07
H-a9,hf,75,4.7139689,13.481581,4.86702e-07
H-a9,hf,76,4.7141408,13.489984,3.59544e-08
H-a9,hf,77,4.7198625,13.459032,1.48541e-07
H-a9,hf,78,4.7206302,13.4639,3.6378e-07
H-a9,hf,79,4.7140933,13.479845,2.12546e-07
H-a9,hf,80,4.7154535,13.479126,1.41459e-07
H-a9,hf,81,4.7197045,13.466412,3.70905e-07
H-a9,hf,82,4.7170316,13.473933,3.3656e-07
H-a9,hf,83,4.715282,13.489591,7.14772e-08
H-a9,hf,84,4.7161125,13.475639,2.69938e-07
H-a9,hf,85,4.7137288,13.483863,1.8255e-07
H-a9,hf,86,4.7206449,13.456805,1.63066e-07
H-a9,hf,87,4.7184186,13.467637,2.37532e-07
H-a9,hf,88,4.7171895,13.471629,2.17259e-07
H-a9,hf,89,4.7128983,13.484614,1.095e-07
H-a9,hf,90,4.7183638,13.470361,2.06989e-07
H-a9,hf,91,4.7153443,13.476191,1.78827e-07
H-a9,hf,92,4.7180358,13.472231,7.93936e-08
H-a9,hf,93,4.7202832,13.458756,2.22061e-07
H-a9,hf,94,4.7176833,13.468372,3.84612e-08
H-a9,hf,95,4.718644,13.469029,1.32113e-07
H-a9,hf,96,4.717045,13.471794,5.41819e-07
H-a9,hf,97,4.7198921,13.457955,2.02474e-08
H-a9,hf,98,4.7165195,13.475126,1.65789e-07
H-a9,hf,99,4.7161776,13.472576,2.90349e-07
H-a9,hf,100,4.7183943,13.475207,1.59735e-07
H-a9,hf,101,4.7159147,13.476664,4.52542e-07
H-a9,hf,102,4.720799,13.467025,1.15018e-07
H-a9,hf,103,4.7151105,13.47767,1.72361e-07
H-a9,hf,104,4.7177252,13.467598,5.10879e-08
H-a9,hf,105,4.7157274,13.478495,1.38686e-07
H-a9,hf,106,4.7150759,13.472911,3.72175e-07
H-a9,hf,107,4.7160114,13.48329,1.18971e-07
H-a9,hf,108,4.7173659,13.476825,2.34604e-07
H-a9,hf,109,4.7138158,13.481949,2.50377e-07
H-a9,hf,110,4.7171241,13.474444,1.06788e-07
H-a9,hf,111,4.7152569,13.475231,1.9927e-07
H-a9,hf,112,4.72006,13.466167,5.94423e-07
H-a9,hf,113,4.7229049,13.453868,2.71519e-08
H-a9,hf,114,4.7161888,13.474764,9.9488e-08
H-a9,hf,115,4.7138051,13.481892,1.72795e-07
H-a9,hf,116,4.71575,13.47203,2.41784e-07
H-a9,hf,117,4.7180591,13.481612,3.27854e-08
H-a9,hf,118,4.715864,13.478212,3.83271e-08
H-a9,hf,119,4.7152089,13.485506,2.58037e-08
H-a9,hf,120,4.718306,13.467906,2.40597e-07
H-a9,hf,121,4.7193713,13.460194,4.27001e-07
H-a9,hf,122,4.7227939,13.452611,2.2369e-07
H-a9,hf,123,4.7190673,13.465711,1.03985e-07
H-a9,hf,124,4.716623,13.473238,3.38622e-07
H-a9,hf,125,4.7218311,13.460383,1.84574e-07
H-a9,hf,126,4.7190458,13.464736,2.23755e-07
H-a9,hf,127,4.7197241,13.454099,8.1069e-08
H-a9,hf,128,4.7165571,13.47632,5.3322e-07
H-a9,hf,129,4.7215315,13.461516,2.67801e-07
H-a9,hf,130,4.7160174,13.463277,3.84767e-08
H-a9,hf,131,4.7183121,13.460832,1.21178e-07
H-a9,hf,132,4.7195394,13.47526,8.41319e-08
H-a9,hf,133,4.7209243,13.466737,2.79036e-07
H-a9,hf,134,4.7147953,13.473513,4.8378e-08
H-a9,hf,135,4.7143761,13.480402,4.4964e-07
H-a9,hf,136,4.7150453,13.473752,1.98394e-07
H-a9,hf,137,4.7134342,13.481091,1.20157e-07
H-a9,hf,138,4.7189511,13.466346,3.43061e-07
H-a9,hf,139,4.7225073,13.452713,2.98055e-07
H-a9,hf,140,4.7188484,13.472282,2.83731e-07
H-a9,hf,141,4.7200485,13.469485,3.33354e-08
H-a9,hf,142,4.7218841,13.455759,2.99281e-08
H-a9,hf,143,4.7205104,13.464117,1.33234e-07
H-a9,hf,144,4.7149909,13.476307,5.67552e-07
H-a9,hf,145,4.7195579,13.463309,3.09904e-07
H-a9,hf,146,4.7229806,13.452806,1.00824e-07
H-a9,hf,147,4.7169475,13.472568,3.66505e-07
H-a9,hf,148,4.7215372,13.45826,4.22907e-07
H-a9,hf,149,4.7170925,13.482394,4.75884e-08
H-a9,hf,150,4.7230126,13.451247,5.57472e-08
H-a9,hf,151,4.7196319,13.461704,1.22211e-07
H-a9,hf,152,4.7218102,13.45777,1.24013e-07
H-a9,hf,153,4.7148764,13.482084,1.83217e-07
H-a9,hf,154,4.7172218,13.480967,1.68459e-07
H-a9,hf,155,4.7202227,13.466062,2.32534e-08
H-a9,hf,156,4.7150526,13.477316,6.54045e-08
H-a9,hf,157,4.7175729,13.469447,5.40214e-07
H-a9,hf,158,4.717134,13.474173,4.21797e-07
H-a9,hf,159,4.7202838,13.46912,3.27069e-08
H-a9,hf,160,4.7130017,13.486643,6.80573e-08
H-a9,hf,161,4.7165271,13.478822,1.13974e-07
H-a9,hf,162,4.7171108,13.479448,1.12023e-07
H-a9,hf,163,4.7144326,13.490152,8.6673e-08
H-a9,hf,164,4.7116532,13.494329,1.818e-07
H-a9,hf,165,4.7140151,13.48893,8.38709e-08
H-a9,hf,166,4.716047,13.477677,2.41896e-07
H-a9,hf,167,4.7205981,13.459381,9.43127e-08
H-a9,hf,168,4.7154142,13.474541,3.10189e-07
H-a9,hf,169,4.7181214,13.467322,3.32655e-07
H-a9,hf,170,4.7149486,13.478947,2.68626e-07
H-a9,hf,171,4.717046,13.480964,1.54297e-07
H-a9,hf,172,4.7128673,13.486146,1.11852e-07
H-a9,hf,173,4.7179558,13.477541,5.94434e-08
H-a9,hf,174,4.7121954,13.490295,2.03946e-07
H-a9,hf,175,4.7197691,13.467094,3.94672e-07
H-a9,hf,176,4.7157776,13.474897,8.44687e-08
H-a9,hf,177,4.7194182,13.468464,1.49566e-07
H-a9,hf,178,4.7194688,13.469426,8.10358e-08
H-a9,hf,179,4.718007,13.46552,1.41654e-07
H-a9,hf,180,4.7181319,13.469953,1.79493e-07
H-a9,hf,181,4.7166877,13.47945,5.39581e-08
H-a9,hf,182,4.7156018,13.47159,3.29365e-07
H-a9,hf,183,4.7172954,13.475998,3.26848e-07
H-a9,hf,184,4.7218826,13.458773,1.78052e-08
H-a9,hf,185,4.7179988,13.466746,8.53949e-08
H-a9,hf,186,4.7177209,13.474304,3.67676e-08
H-a9,hf,187,4.7193437,13.473859,1.47442e-08
H-a9,hf,188,4.7192537,13.470041,1.85009e-07
H-a9,hf,189,4.7208408,13.467186,2.1117e-07
H-a9,hf,190,4.7188542,13.467277,3.42767e-07
H-a9,hf,191,4.7173301,13.463242,9.0533e-08
H-a9,hf,192,4.7139473,13.480104,2.35448e-07
H-a9,hf,193,4.7211214,13.459829,3.40676e-07
H-a9,hf,194,4.7185377,13.481044,6.72345e-08
H-a9,hf,195,4.7167071,13.466699,1.01352e-07
H-a9,hf,196,4.715332,13.482199,1.96157e-07
H-a9,hf,197,4.7173725,13.472607,1.98377e-07
H-a9,hf,198,4.7161041,13.469958,5.108e-08
H-a9,hf,199,4.7152524,13.477879,1.61862e-07
H-a10,experimental,0,4.5259188,13.89909,1.37531e-07
H-a10,experimental,1,4.5267781,13.899215,2.21129e-07
H-a10,experimental,2,4.5320824,13.882489,1.29929e-07
H-a10,experimental,3,4.5242992,13.901159,2.22818e-07
H-a10,experimental,4,4.5281485,13.883258,1.42107e-07
H-a10,experimental,5,4.5232413,13.906891,1.67575e-07
H-a10,experimental,6,4.5246246,13.907167,1.2852e-07
H-a10,experimental,7,4.5273222,13.895179,1.21218e-07
H-a10,experimental,8,4.530352,13.893415,4.81919e-08
H-a10,experimental,9,4.5225462,13.907646,2.54206e-07
H-a10,experimental,10,4.5291658,13.883325,8.39644e-08
H-a10,experimental,11,4.5265293,13.897569,1.49741e-07
H-a10,experimental,12,4.5330546,13.878091,3.06637e-07
H-a10,experimental,13,4.5291541,13.901143,2.79466e-08
H-a10,experimental,14,4.525727,13.889005,4.75105e-07
H-a10,experimental,15,4.5263483,13.905202,1.43454e-07
H-a10,experimental,16,4.5276462,13.880237,1.29366e-07
H-a10,experimental,17,4.52791,13.892252,2.71802e-07
H-a10,experimental,18,4.5271562,13.898656,7.39183e-08
H-a10,experimental,19,4.5288323,13.883744,1.84059e-07
H-a10,experimental,20,4.5263546,13.900662,1.22357e-07
H-a10,experimental,21,4.5328567,13.877319,5.22246e-07
H-a10,experimental,22,4.5310832,13.889717,1.755e-07
H-a10,experimental,23,4.5291356,13.89349,8.21438e-09
H-a10,experimental,24,4.5312292,13.889151,2.13324e-07
H-a10,experimental,25,4.5302933,13.884614,2.07322e-07
H-a10,experimental,26,4.5289832,13.891822,4.60963e-07
H-a10,experimental,27,4.5234731,13.907774,1.1975e-07
H-a10,experimental,28,4.5320156,13.87745,2.76456e-07
H-a10,experimental,29,4.5329565,13.878326,1.87497e-08
H-a10,experimental,30,4.5269862,13.89519,5.07332e-08
H-a10,experimental,31,4.5319379,13.873744,4.45401e-08
H-a10,experimental,32,4.5217144,13.91468,1.61919e-07
H-a10,experimental,33,4.529109,13.884641,3.29409e-07
H-a10,experimental,34,4.5246138,13.896652,1.98059e-07
H-a10,experimental,35,4.5249795,13.904326,1.284e-07
H-a10,experimental,36,4.52847,13.892588,1.4303e-07
H-a10,experimental,37,4.5321339,13.874507,6.4839e-08
H-a10,experimental,38,4.5278321,13.893475,3.84132e-07
H-a10,experimental,39,4.529284,13.886856,4.63666e-07
H-a10,experimental,40,4.5267235,13.893482,6.88788e-08
H-a10,experimental,41,4.531896,13.874825,1.59659e-07
H-a10,experimental,42,4.5287043,13.884511,1.12156e-07
H-a10,experimental,43,4.5258412,13.897209,2.94359e-07
H-a10,experimental,44,4.5293664,13.898193,8.1953e-08
H-a10,experimental,45,4.5328379,13.877248,1.46319e-07
H-a10,experimental,46,4.5312661,13.882971,2.77201e-07
H-a10,experimental,47,4.5299512,13.877761,2.94028e-08
H-a10,experimental,48,4.5330566,13.878099,8.92347e-08
H-a10,experimental,49,4.5250556,13.891507,1.74124e-07
H-a10,experimental,50,4.5239611,13.901351,1.1872e-07
H-a10,experimental,51,4.5242534,13.900526,1.15334e-07
H-a10,experimental,52,4.5296933,13.894451,2.11458e-08
H-a10,experimental,53,4.5313954,13.87807,3.20109e-07
H-a10,experimental,54,4.5286195,13.883876,2.36979e-07
H-a10,experimental,55,4.5293541,13.886761,3.70054e-07
H-a10,experimental,56,4.5249402,13.902578,1.17531e-07
H-a10,experimental,57,4.5300979,13.888213,4.82213e-07
H-a10,experimental,58,4.5285124,13.889366,2.93148e-07
H-a10,experimental,59,4.522476,13.909776,7.95201e-08
H-a10,experimental,60,4.5247145,13.903672,2.56882e-07
H-a10,experimental,61,4.5275314,13.892896,1.21847e-07
H-a10,experimental,62,4.5287861,13.896163,2.08563e-07
H-a10,experimental,63,4.5311368,13.885108,4.11199e-07
H-a10,experimental,64,4.5295861,13.892198,2.03382e-07
H-a10,experimental,65,4.5227679,13.902759,2.31019e-08
H-a10,experimental,66,4.5320695,13.875984,1.31848e-07
H-a10,experimental,67,4.5214099,13.914202,3.21415e-08
H-a10,experimental,68,4.5281931,13.885529,9.81018e-08
H-a10,experimental,69,4.5268239,13.900123,5.96632e-08
H-a10,experimental,70,4.5305281,13.885126,1.76031e-07
H-a10,experimental,71,4.5224958,13.907494,1.50758e-07
H-a10,experimental,72,4.523069,13.913506,8.67495e-08
H-a10,experimental,73,4.5300048,13.888916,4.02993e-07
H-a10,experimental,74,4.5311622,13.881874,1.05125e-07
H-a10,experimental,75,4.5238257,13.900829,5.05689e-07
H-a10,experimental,76,4.5238023,13.910261,4.07464e-08
H-a10,experimental,77,4.5311825,13.875095,1.50926e-07
H-a10,experimental,78,4.5319545,13.880408,3.757e-07
H-a10,experimental,79,4.5238887,13.899478,2.07617e-07
H-a10,experimental,80,4.525544,13.898197,1.41097e-07
H-a10,experimental,81,4.5309091,13.88294,3.6683e-07
H-a10,experimental,82,4.5275964,13.891809,3.3754e-07
H-a10,experimental,83,4.5251729,13.909465,7.69785e-08
H-a10,experimental,84,4.5263053,13.894593,2.63845e-07
H-a10,experimental,85,4.5234334,13.903654,1.91327e-07
H-a10,experimental,86,4.5319093,13.873629,1.24114e-07
H-a10,experimental,87,4.5292291,13.885141,2.41537e-07
H-a10,experimental,88,4.5278602,13.889126,2.17467e-07
H-a10,experimental,89,4.5223912,13.904896,1.1006e-07
H-a10,experimental,90,4.5290936,13.888197,2.10994e-07
H-a10,experimental,91,4.5255122,13.89484,1.82953e-07
H-a10,experimental,92,4.5287579,13.88994,7.95158e-08
H-a10,experimental,93,4.5316402,13.874923,2.3521e-07
H-a10,experimental,94,4.5284117,13.885882,3.88898e-08
H-a10,experimental,95,4.5295296,13.886363,1.33648e-07
H-a10,experimental,96,4.5274637,13.890295,5.39786e-07
H-a10,experimental,97,4.5312359,13.873941,2.39691e-08
H-a10,experimental,98,4.5269728,13.893178,1.69337e-07
H-a10,experimental,99,4.5266263,13.890433,2.95477e-07
H-a10,experimental,100,4.5290581,13.89337,1.61907e-07
H-a10,experimental,101,4.5262419,13.89496,4.59245e-07
H-a10,experimental,102,4.5321794,13.883369,1.11762e-07
H-a10,experimental,103,4.5251627,13.896713,1.72075e-07
H-a10,experimental,104,4.5284452,13.885147,5.22688e-08
H-a10,experimental,105,4.5259034,13.897366,1.39476e-07
H-a10,experimental,106,4.5253132,13.891091,3.82396e-07
H-a10,experimental,107,4.5261928,13.902293,1.24248e-07
H-a10,experimental,108,4.5277866,13.895513,2.33116e-07
H-a10,experimental,109,4.523557,13.90164,2.54406e-07
H-a10,experimental,110,4.5276663,13.892462,1.0728e-07
H-a10,experimental,111,4.525464,13.893683,2.06281e-07
H-a10,experimental,112,4.5311737,13.883279,6.11305e-07
H-a10,experimental,113,4.5329609,13.877726,1.16474e-07
H-a10,experimental,114,4.5265008,13.89327,9.87496e-08
H-a10,experimental,115,4.5234554,13.901972,1.60305e-07
H-a10,experimental,116,4.5261334,13.889954,2.48313e-07
H-a10,experimental,117,4.5285867,13.900199,3.27348e-08
H-a10,experimental,118,4.5260806,13.896934,4.11932e-08
H-a10,experimental,119,4.5251408,13.905147,2.75587e-08
H-a10,experimental,120,4.529098,13.88548,2.45017e-07
H-a10,experimental,121,4.5307121,13.875926,4.12559e-07
H-a10,experimental,122,4.5327439,13.87688,3.32479e-07
H-a10,experimental,123,4.5301566,13.882376,1.00932e-07
H-a10,experimental,124,4.5269758,13.891815,3.3532e-07
H-a10,experimental,125,4.5330602,13.878112,1.73317e-07
H-a10,experimental,126,4.5300904,13.881566,2.2573e-07
H-a10,experimental,127,4.5310281,13.8702,5.94956e-08
H-a10,experimental,128,4.5269713,13.894573,5.3574e-07
H-a10,experimental,129,4.5329997,13.877877,2.85461e-07
H-a10,experimental,130,4.5265328,13.880732,3.87859e-08
H-a10,experimental,131,4.5292629,13.877679,1.25547e-07
H-a10,experimental,132,4.5304521,13.89299,8.81079e-08
H-a10,experimental,133,4.5323617,13.882908,2.71357e-07
H-a10,experimental,134,4.5248347,13.892419,4.43015e-08
H-a10,experimental,135,4.5243555,13.899348,4.68642e-07
H-a10,experimental,136,4.5251688,13.892447,1.9826e-07
H-a10,experimental,137,4.5231136,13.900853,1.22492e-07
H-a10,experimental,138,4.5300815,13.882775,3.33441e-07
H-a10,experimental,139,4.532584,13.876256,3.63134e-07
H-a10,experimental,140,4.5296368,13.890185,2.90237e-07
H-a10,experimental,141,4.5312412,13.886275,3.17149e-08
H-a10,experimental,142,4.532551,13.876131,5.46648e-08
H-a10,experimental,143,4.5318621,13.880414,1.34633e-07
H-a10,experimental,144,4.5251955,13.894609,5.8413e-07
H-a10,experimental,145,4.5306694,13.880157,3.21105e-07
H-a10,experimental,146,4.5328843,13.877426,1.98467e-07
H-a10,experimental,147,4.5275495,13.890181,3.68485e-07
H-a10,experimental,148,4.5326278,13.876429,4.37533e-07
H-a10,experimental,149,4.5274699,13.901151,4.85776e-08
H-a10,experimental,150,4.5327246,13.876806,2.03492e-07
H-a10,experimental,151,4.5308638,13.878062,1.24438e-07
H-a10,experimental,152,4.5327406,13.876869,1.41152e-07
H-a10,experimental,153,4.5247549,13.901787,1.76011e-07
H-a10,experimental,154,4.5276442,13.899569,1.69256e-07
H-a10,experimental,155,4.5315053,13.882499,2.0634e-08
H-a10,experimental,156,4.525152,13.896135,7.026e-08
H-a10,experimental,157,4.5281456,13.887539,5.41736e-07
H-a10,experimental,158,4.5275579,13.892705,4.20072e-07
H-a10,experimental,159,4.5315167,13.885866,3.26966e-08
H-a10,experimental,160,4.5224496,13.907171,6.38281e-08
H-a10,experimental,161,4.5267946,13.897703,1.11833e-07
H-a10,experimental,162,4.527477,13.898236,1.10557e-07
H-a10,experimental,163,4.5241673,13.910233,9.7381e-08
H-a10,experimental,164,4.5207883,13.915505,2.06356e-07
H-a10,experimental,165,4.5236766,13.909104,9.19393e-08
H-a10,experimental,166,4.5263586,13.896102,2.47331e-07
H-a10,experimental,167,4.5320289,13.875398,1.03539e-07
H-a10,experimental,168,4.5256671,13.89287,3.16879e-07
H-a10,experimental,169,4.529068,13.884088,3.27371e-07
H-a10,experimental,170,4.5249376,13.898173,2.67557e-07
H-a10,experimental,171,4.5273403,13.900048,1.51093e-07
H-a10,experimental,172,4.5222906,13.906726,1.03922e-07
H-a10,experimental,173,4.5286018,13.895564,5.90774e-08
H-a10,experimental,174,4.5215175,13.910952,2.25461e-07
H-a10,experimental,175,4.5309432,13.883753,3.92231e-07
H-a10,experimental,176,4.52603,13.893445,8.49488e-08
H-a10,experimental,177,4.5305004,13.88534,1.47609e-07
H-a10,experimental,178,4.5305389,13.88642,8.04586e-08
H-a10,experimental,179,4.5289275,13.882337,1.38412e-07
H-a10,experimental,180,4.5289048,13.887512,1.80484e-07
H-a10,experimental,181,4.5270407,13.898058,5.53267e-08
H-a10,experimental,182,4.5258943,13.889818,3.31623e-07
H-a10,experimental,183,4.5277226,13.894599,3.25378e-07
H-a10,experimental,184,4.5329001,13.877489,2.66229e-08
H-a10,experimental,185,4.528791,13.8841,8.66016e-08
H-a10,experimental,186,4.528346,13.892305,3.68864e-08
H-a10,experimental,187,4.5302811,13.891359,1.54665e-08
H-a10,experimental,188,4.5302478,13.887231,1.85995e-07
H-a10,experimental,189,4.5322565,13.883428,2.04462e-07
H-a10,experimental,190,4.5298581,13.884196,3.40966e-07
H-a10,experimental,191,4.5280701,13.880489,9.15374e-08
H-a10,experimental,192,4.5236347,13.900081,2.20229e-07
H-a10,experimental,193,4.5325592,13.876162,3.23424e-07
H-a10,experimental,194,4.5292039,13.899339,6.71643e-08
H-a10,experimental,195,4.5273229,13.884143,1.01701e-07
H-a10,experimental,196,4.5254276,13.901203,2.05597e-07
H-a10,experimental,197,4.5280298,13.890227,1.98433e-07
H-a10,experimental,198,4.5264624,13.888191,4.90385e-08
H-a10,experimental,199,4.5253715,13.896709,1.66214e-07
H-a10,hf,0,4.7169013,13.4746,2.10617e-07
H-a10,hf,1,4.7167522,13.479173,1.96067e-07
H-a10,hf,2,4.7194605,13.472273,1.77598e-07
H-a10,hf,3,4.7156224,13.47587,2.60792e-07
H-a10,hf,4,4.7174643,13.465734,1.36086e-07
H-a10,hf,5,4.7163521,13.473492,5.72033e-07
H-a10,hf,6,4.7161379,13.480733,2.17302e-07
H-a10,hf,7,4.7170192,13.476158,1.14599e-07
H-a10,hf,8,4.7182423,13.481624,1.20295e-07
H-a10,hf,9,4.7155721,13.475018,6.22804e-07
H-a10,hf,10,4.7178787,13.468164,8.66511e-08
H-a10,hf,11,4.7173466,13.473553,2.01204e-07
H-a10,hf,12,4.719536,13.471556,5.20264e-07
H-a10,hf,13,4.7178248,13.486153,3.14271e-08
H-a10,hf,14,4.7166334,13.465033,5.48177e-07
H-a10,hf,15,4.7167601,13.483239,1.32735e-07
H-a10,hf,16,4.7166245,13.464612,1.21177e-07
H-a10,hf,17,4.7169471,13.476155,2.47408e-07
H-a10,hf,18,4.7172062,13.477991,8.32289e-08
H-a10,hf,19,4.7174593,13.469173,2.00724e-07
H-a10,hf,20,4.7175283,13.474972,1.91237e-07
H-a10,hf,21,4.7189621,13.472733,9.70358e-07
H-a10,hf,22,4.7183928,13.48035,3.13567e-07
H-a10,hf,23,4.7181547,13.476792,4.75694e-09
H-a10,hf,24,4.7192491,13.476206,2.09508e-07
H-a10,hf,25,4.7181135,13.473171,2.82082e-07
H-a10,hf,26,4.7181214,13.47464,4.50374e-07
H-a10,hf,27,4.7154642,13.479673,2.24223e-07
H-a10,hf,28,4.7183289,13.472474,5.59602e-07
H-a10,hf,29,4.719337,13.472499,2.65856e-07
H-a10,hf,30,4.7174641,13.472572,7.38984e-08
H-a10,hf,31,4.7185276,13.467355,3.04788e-07
H-a10,hf,32,4.7154226,13.479153,6.76919e-07
H-a10,hf,33,4.7182047,13.467619,2.83757e-07
H-a10,hf,34,4.7166686,13.467641,3.98683e-07
H-a10,hf,35,4.7166998,13.476755,2.83595e-07
H-a10,hf,36,4.7181448,13.473117,1.15403e-07
H-a10,hf,37,4.7191818,13.465505,3.65814e-07
H-a10,hf,38,4.7175599,13.474067,3.85647e-07
H-a10,hf,39,4.7173024,13.474977,4.97682e-07
H-a10,hf,40,4.7174691,13.469704,9.68864e-08
H-a10,hf,41,4.718306,13.469416,4.24478e-07
H-a10,hf,42,4.7178535,13.467448,9.23106e-08
H-a10,hf,43,4.7162928,13.475334,2.88796e-07
H-a10,hf,44,4.7177146,13.484647,9.67917e-08
H-a10,hf,45,4.7193898,13.470226,5.93898e-07
H-a10,hf,46,4.7191164,13.470885,2.82213e-07
H-a10,hf,47,4.7176024,13.467353,1.14724e-07
H-a10,hf,48,4.7192774,13.472853,4.88537e-07
H-a10,hf,49,4.7161443,13.466984,2.61246e-07
H-a10,hf,50,4.7158539,13.473486,2.8181e-07
H-a10,hf,51,4.7157718,13.474352,2.02913e-07
H-a10,hf,52,4.7184231,13.478878,2.73459e-08
H-a10,hf,53,4.7181162,13.47141,5.3211e-07
H-a10,hf,54,4.7176907,13.467284,2.31523e-07
H-a10,hf,55,4.7182048,13.470819,3.55627e-07
H-a10,hf,56,4.7169642,13.473557,3.10976e-07
H-a10,hf,57,4.7178874,13.477001,5.59561e-07
H-a10,hf,58,4.7170403,13.475425,2.8433e-07
H-a10,hf,59,4.7157867,13.475771,5.24247e-07
H-a10,hf,60,4.7160249,13.478215,3.15774e-07
H-a10,hf,61,4.7170894,13.474458,1.17265e-07
H-a10,hf,62,4.7176552,13.480395,2.13532e-07
H-a10,hf,63,4.7190481,13.472799,4.28735e-07
H-a10,hf,64,4.7184488,13.476066,1.92412e-07
H-a10,hf,65,4.715519,13.471348,3.46542e-07
H-a10,hf,66,4.7183983,13.470893,4.13398e-07
H-a10,hf,67,4.7152611,13.478168,5.78566e-07
H-a10,hf,68,4.7169638,13.470612,9.2262e-08
H-a10,hf,69,4.7175759,13.476252,1.01251e-07
H-a10,hf,70,4.7184785,13.472926,2.25664e-07
H-a10,hf,71,4.715794,13.473569,5.98519e-07
H-a10,hf,72,4.7161987,13.480083,4.83613e-07
H-a10,hf,73,4.71874,13.473184,3.65634e-07
H-a10,hf,74,4.7189179,13.470314,1.38487e-07
H-a10,hf,75,4.7162053,13.470714,7.7468e-07
H-a10,hf,76,4.7165793,13.478117,3.68525e-07
H-a10,hf,77,4.7186168,13.4651,2.25143e-07
H-a10,hf,78,4.718875,13.472466,5.47606e-07
H-a10,hf,79,4.7157258,13.471908,3.63734e-07
H-a10,hf,80,4.7165899,13.4736,2.18388e-07
H-a10,hf,81,4.7183013,13.473253,4.88589e-07
H-a10,hf,82,4.7169566,13.474308,3.24519e-07
H-a10,hf,83,4.7163535,13.484383,1.09057e-07
H-a10,hf,84,4.717424,13.469247,3.22039e-07
H-a10,hf,85,4.7155559,13.474984,3.62051e-07
H-a10,hf,86,4.7180531,13.469436,5.1972e-07
H-a10,hf,87,4.7177163,13.471057,2.65861e-07
H-a10,hf,88,4.7168016,13.473524,1.9416e-07
H-a10,hf,89,4.7151916,13.47347,4.06311e-07
H-a10,hf,90,4.7177318,13.473438,2.28906e-07
H-a10,hf,91,4.7169203,13.468518,2.96139e-07
H-a10,hf,92,4.7181938,13.471459,4.4024e-08
H-a10,hf,93,4.7188059,13.465946,3.34472e-07
H-a10,hf,94,4.717413,13.469683,4.27946e-08
H-a10,hf,95,4.7175135,13.474542,1.81265e-07
H-a10,hf,96,4.7173468,13.47031,5.43407e-07
H-a10,hf,97,4.7181114,13.466625,2.07879e-07
H-a10,hf,98,4.7171195,13.472207,1.863e-07
H-a10,hf,99,4.7168964,13.469083,3.20658e-07
H-a10,hf,100,4.717922,13.477513,1.72587e-07
H-a10,hf,101,4.7172521,13.470161,5.20091e-07
H-a10,hf,102,4.7193519,13.474097,2.15164e-07
H-a10,hf,103,4.7160305,13.473197,2.00812e-07
H-a10,hf,104,4.7171994,13.470154,5.90897e-08
H-a10,hf,105,4.7165993,13.474256,1.82351e-07
H-a10,hf,106,4.7159,13.468908,3.90701e-07
H-a10,hf,107,4.7169105,13.478917,1.66735e-07
H-a10,hf,108,4.7174742,13.476298,2.35506e-07
H-a10,hf,109,4.7155643,13.473444,4.15327e-07
H-a10,hf,110,4.7172274,13.473941,1.06552e-07
H-a10,hf,111,4.7167091,13.468166,3.09025e-07
H-a10,hf,112,4.7186209,13.473177,7.19052e-07
H-a10,hf,113,4.7196317,13.469849,6.76267e-07
H-a10,hf,114,4.7172741,13.469475,1.40454e-07
H-a10,hf,115,4.716333,13.469589,5.16693e-07
H-a10,hf,116,4.7164373,13.468689,2.67276e-07
H-a10,hf,117,4.7180461,13.481687,3.19833e-08
H-a10,hf,118,4.7166074,13.474597,6.49942e-08
H-a10,hf,119,4.7166476,13.478504,1.49544e-07
H-a10,hf,120,4.7179863,13.469453,2.34285e-07
H-a10,hf,121,4.7178663,13.467526,5.58609e-07
H-a10,hf,122,4.7193032,13.469644,9.4869e-07
H-a10,hf,123,4.7180537,13.470649,1.65781e-07
H-a10,hf,124,4.716602,13.47333,3.11197e-07
H-a10,hf,125,4.7191732,13.473367,6.08499e-07
H-a10,hf,126,4.7175809,13.471877,3.20143e-07
H-a10,hf,127,4.717645,13.464213,3.12873e-07
H-a10,hf,128,4.7166453,13.47589,5.0288e-07
H-a10,hf,129,4.7196692,13.470605,4.40057e-07
H-a10,hf,130,4.716974,13.458613,5.57822e-08
H-a10,hf,131,4.7170643,13.466896,1.77723e-07
H-a10,hf,132,4.7181514,13.482043,1.76314e-07
H-a10,hf,133,4.7191947,13.475193,4.52258e-07
H-a10,hf,134,4.7161135,13.467098,1.50653e-07
H-a10,hf,135,4.7156925,13.474009,5.23794e-07
H-a10,hf,136,4.7157148,13.470489,1.77375e-07
H-a10,hf,137,4.7153213,13.471921,3.13364e-07
H-a10,hf,138,4.7175339,13.473262,4.28012e-07
H-a10,hf,139,4.7189309,13.470162,1.03419e-06
H-a10,hf,140,4.7182604,13.475146,3.00428e-07
H-a10,hf,141,4.7189374,13.474912,9.0621e-08
H-a10,hf,142,4.719383,13.467963,4.04333e-07
H-a10,hf,143,4.7181884,13.47545,4.0786e-07
H-a10,hf,144,4.7162806,13.470042,6.67049e-07
H-a10,hf,145,4.7187238,13.467363,3.11102e-07
H-a10,hf,146,4.7194577,13.470003,8.4397e-07
H-a10,hf,147,4.7175823,13.469483,3.67439e-07
H-a10,hf,148,4.719003,13.470629,8.09202e-07
H-a10,hf,149,4.7173975,13.480915,5.22789e-08
H-a10,hf,150,4.7198006,13.466921,6.77877e-07
H-a10,hf,151,4.7178423,13.470426,2.92434e-07
H-a10,hf,152,4.7195212,13.468944,4.25974e-07
H-a10,hf,153,4.7167509,13.472954,3.70159e-07
H-a10,hf,154,4.717873,13.477796,1.75225e-07
H-a10,hf,155,4.7183716,13.475097,2.16075e-07
H-a10,hf,156,4.7160307,13.472559,1.062e-07
H-a10,hf,157,4.7179277,13.467703,5.05825e-07
H-a10,hf,158,4.7172632,13.473534,4.22535e-07
H-a10,hf,159,4.7191095,13.474857,9.09319e-08
H-a10,hf,160,4.7151183,13.476355,2.94975e-07
H-a10,hf,161,4.7167777,13.477601,9.69768e-08
H-a10,hf,162,4.7172152,13.478941,1.05524e-07
H-a10,hf,163,4.7164026,13.480571,3.18153e-07
H-a10,hf,164,4.7146475,13.479784,6.73892e-07
H-a10,hf,165,4.7158751,13.479885,2.77341e-07
H-a10,hf,166,4.71642,13.475864,2.18743e-07
H-a10,hf,167,4.7182427,13.470863,4.03731e-07
H-a10,hf,168,4.716255,13.470448,3.45086e-07
H-a10,hf,169,4.7171188,13.472211,3.51846e-07
H-a10,hf,170,4.7166033,13.470889,4.21294e-07
H-a10,hf,171,4.7175178,13.478667,1.66878e-07
H-a10,hf,172,4.7157201,13.472272,5.85457e-07
H-a10,hf,173,4.7180598,13.477042,4.91361e-08
H-a10,hf,174,4.7148181,13.477557,5.75699e-07
H-a10,hf,175,4.7182448,13.474539,5.26045e-07
H-a10,hf,176,4.7163779,13.471973,9.45765e-08
H-a10,hf,177,4.7185972,13.472474,1.76992e-07
H-a10,hf,178,4.7181369,13.475924,1.81114e-07
H-a10,hf,179,4.7174192,13.468381,1.61068e-07
H-a10,hf,180,4.7181565,13.469826,1.4331e-07
H-a10,hf,181,4.717201,13.476958,6.9596e-08
H-a10,hf,182,4.7170521,13.464535,4.06367e-07
H-a10,hf,183,4.7171655,13.476634,3.15218e-07
H-a10,hf,184,4.7194448,13.470676,3.73901e-07
H-a10,hf,185,4.718081,13.466339,4.34527e-08
H-a10,hf,186,4.718026,13.472818,1.03851e-08
H-a10,hf,187,4.7183954,13.478495,6.82523e-08
H-a10,hf,188,4.7185524,13.47346,2.0114e-07
H-a10,hf,189,4.7185956,13.478158,4.92737e-07
H-a10,hf,190,4.7184289,13.469355,3.22859e-07
H-a10,hf,191,4.7167237,13.466185,8.93975e-08
H-a10,hf,192,4.7157912,13.471129,4.33388e-07
H-a10,hf,193,4.7187433,13.471431,6.77617e-07
H-a10,hf,194,4.71802,13.48358,8.02248e-08
H-a10,hf,195,4.7170785,13.464888,1.04386e-07
H-a10,hf,196,4.7163979,13.477017,2.56658e-07
H-a10,hf,197,4.7172054,13.473423,1.93982e-07
H-a10,hf,198,4.716767,13.466724,7.57302e-08
H-a10,hf,199,4.7159905,13.474293,1.56915e-07
H-b,experimental,0,nan,nan,inf
H-b,experimental,1,nan,nan,inf
H-b,experimental,2,nan,nan,inf
H-b,experimental,3,nan,nan,inf
H-b,experimental,4,nan,nan,inf
H-b,experimental,5,nan,nan,inf
H-b,experimental,6,nan,nan,inf
H-b,experimental,7,nan,nan,inf
H-b,experimental,8,nan,nan,inf
H-b,experimental,9,nan,nan,inf
H-b,experimental,10,nan,nan,inf
H-b,experimental,11,nan,nan,inf
H-b,experimental,12,nan,nan,inf
H-b,experimental,13,nan,nan,inf
H-b,experimental,14,nan,nan,inf
H-b,experimental,15,nan,nan,inf
H-b,experimental,16,nan,nan,inf
H-b,experimental,17,nan,nan,inf
H-b,experimental,18,nan,nan,inf
H-b,experimental,19,nan,nan,inf
H-b,experimental,20,nan,nan,inf
H-b,experimental,21,nan,nan,inf
H-b,experimental,22,nan,nan,inf
H-b,experimental,23,nan,nan,inf
H-b,experimental,24,nan,nan,inf
H-b,experimental,25,nan,nan,inf
H-b,experimental,26,nan,nan,inf
H-b,experimental,27,nan,nan,inf
H-b,experimental,28,nan,nan,inf
H-b,experimental,29,nan,nan,inf
H-b,experimental,30,nan,nan,inf
H-b,experimental,31,nan,nan,inf
H-b,experimental,32,nan,nan,inf
H-b,experimental,33,nan,nan,inf
H-b,experimental,34,nan,nan,inf
H-b,experimental,35,nan,nan,inf
H-b,experimental,36,nan,nan,inf
H-b,experimental,37,nan,nan,inf
H-b,experimental,38,nan,nan,inf
H-b,experimental,39,nan,nan,inf
H-b,experimental,40,nan,nan,inf
H-b,experimental,41,nan,nan,inf
H-b,experimental,42,nan,nan,inf
H-b,experimental,43,nan,nan,inf
H-b,experimental,44,nan,nan,inf
H-b,experimental,45,nan,nan,inf
H-b,experimental,46,nan,nan,inf
H-b,experimental,47,nan,nan,inf
H-b,experimental,48,nan,nan,inf
H-b,experimental,49,nan,nan,inf
H-b,experimental,50,nan,nan,inf
H-b,experimental,51,nan,nan,inf
H-b,experimental,52,nan,nan,inf
H-b,experimental,53,nan,nan,inf
H-b,experimental,54,nan,nan,inf
H-b,experimental,55,nan,nan,inf
H-b,experimental,56,nan,nan,inf
H-b,experimental,57,nan,nan,inf
H-b,experimental,58,nan,nan,inf
H-b,experimental,59,nan,nan,inf
H-b,experimental,60,nan,nan,inf
H-b,experimental,61,nan,nan,inf
H-b,experimental,62,nan,nan,inf
H-b,experimental,63,nan,nan,inf
H-b,experimental,64,nan,nan,inf
H-b,experimental,65,nan,nan,inf
H-b,experimental,66,nan,nan,inf
H-b,experimental,67,nan,nan,inf
H-b,experimental,68,nan,nan,inf
H-b,experimental,69,nan,nan,inf
H-b,experimental,70,nan,nan,inf
H-b,experimental,71,nan,nan,inf
H-b,experimental,72,nan,nan,inf
H-b,experimental,73,nan,nan,inf
H-b,experimental,74,nan,nan,inf
H-b,experimental,75,nan,nan,inf
H-b,experimental,76,nan,nan,inf
H-b,experimental,77,nan,nan,inf
H-b,experimental,78,nan,nan,inf
H-b,experimental,79,nan,nan,inf
H-b,experimental,80,nan,nan,inf
H-b,experimental,81,nan,nan,inf
H-b,experimental,82,nan,nan,inf
H-b,experimental,83,nan,nan,inf
H-b,experimental,84,nan,nan,inf
H-b,experimental,85,nan,nan,inf
H-b,experimental,86,nan,nan,inf
H-b,experimental,87,nan,nan,inf
H-b,experimental,88,nan,nan,inf
H-b,experimental,89,nan,nan,inf
H-b,experimental,90,nan,nan,inf
H-b,experimental,91,nan,nan,inf
H-b,experimental,92,nan,nan,inf
H-b,experimental,93,nan,nan,inf
H-b,experimental,94,nan,nan,inf
H-b,experimental,95,nan,nan,inf
H-b,experimental,96,nan,nan,inf
H-b,experimental,97,nan,nan,inf
H-b,experimental,98,nan,nan,inf
H-b,experimental,99,nan,nan,inf
H-b,experimental,100,nan,nan,inf
H-b,experimental,101,nan,nan,inf
H-b,experimental,102,nan,nan,inf
H-b,experimental,103,nan,nan,inf
H-b,experimental,104,nan,nan,inf
H-b,experimental,105,nan,nan,inf
H-b,experimental,106,nan,nan,inf
H-b,experimental,107,nan,nan,inf
H-b,experimental,108,nan,nan,inf
H-b,experimental,109,nan,nan,inf
H-b,experimental,110,nan,nan,inf
H-b,experimental,111,nan,nan,inf
H-b,experimental,112,nan,nan,inf
H-b,experimental,113,nan,nan,inf
H-b,experimental,114,nan,nan,inf
H-b,experimental,115,nan,nan,inf
H-b,experimental,116,nan,nan,inf
H-b,experimental,117,nan,nan,inf
H-b,experimental,118,nan,nan,inf
H-b,experimental,119,nan,nan,inf
H-b,experimental,120,nan,nan,inf
H-b,experimental,121,nan,nan,inf
H-b,experimental,122,nan,nan,inf
H-b,experimental,123,nan,nan,inf
H-b,experimental,124,nan,nan,inf
H-b,experimental,125,nan,nan,inf
H-b,experimental,126,nan,nan,inf
H-b,experimental,127,nan,nan,inf
H-b,experimental,128,nan,nan,inf
H-b,experimental,129,nan,nan,inf
H-b,experimental,130,nan,nan,inf
H-b,experimental,131,nan,nan,inf
H-b,experimental,132,nan,nan,inf
H-b,experimental,133,nan,nan,inf
H-b,experimental,134,nan,nan,inf
H-b,experimental,135,nan,nan,inf
H-b,experimental,136,nan,nan,inf
H-b,experimental,137,nan,nan,inf
H-b,experimental,138,nan,nan,inf
H-b,experimental,139,nan,nan,inf
H-b,experimental,140,nan,nan,inf
H-b,experimental,141,nan,nan,inf
H-b,experimental,142,nan,nan,inf
H-b,experimental,143,nan,nan,inf
H-b,experimental,144,nan,nan,inf
H-b,experimental,145,nan,nan,inf
H-b,experimental,146,nan,nan,inf
H-b,experimental,147,nan,nan,inf
H-b,experimental,148,nan,nan,inf
H-b,experimental,149,nan,nan,inf
H-b,experimental,150,nan,nan,inf
H-b,experimental,151,nan,nan,inf
H-b,experimental,152,nan,nan,inf
H-b,experimental,153,nan,nan,inf
H-b,experimental,154,nan,nan,inf
H-b,experimental,155,nan,nan,inf
H-b,experimental,156,nan,nan,inf
H-b,experimental,157,nan,nan,inf
H-b,experimental,158,nan,nan,inf
H-b,experimental,159,nan,nan,inf
H-b,experimental,160,nan,nan,inf
H-b,experimental,161,nan,nan,inf
H-b,experimental,162,nan,nan,inf
H-b,experimental,163,nan,nan,inf
H-b,experimental,164,nan,nan,inf
H-b,experimental,165,nan,nan,inf
H-b,experimental,166,nan,nan,inf
H-b,experimental,167,nan,nan,inf
H-b,experimental,168,nan,nan,inf
H-b,experimental,169,nan,nan,inf
H-b,experimental,170,nan,nan,inf
H-b,experimental,171,nan,nan,inf
H-b,experimental,172,nan,nan,inf
H-b,experimental,173,nan,nan,inf
H-b,experimental,174,nan,nan,inf
H-b,experimental,175,nan,nan,inf
H-b,experimental,176,nan,nan,inf
H-b,experimental,177,nan,nan,inf
H-b,experimental,178,nan,nan,inf
H-b,experimental,179,nan,nan,inf
H-b,experimental,180,nan,nan,inf
H-b,experimental,181,nan,nan,inf
H-b,experimental,182,nan,nan,inf
H-b,experimental,183,nan,nan,inf
H-b,experimental,184,nan,nan,inf
H-b,experimental,185,nan,nan,inf
H-b,experimental,186,nan,nan,inf
H-b,experimental,187,nan,nan,inf
H-b,experimental,188,nan,nan,inf
H-b,experimental,189,nan,nan,inf
H-b,experimental,190,nan,nan,inf
H-b,experimental,191,nan,nan,inf
H-b,experimental,192,nan,nan,inf
H-b,experimental,193,nan,nan,inf
H-b,experimental,194,nan,nan,inf
H-b,experimental,195,nan,nan,inf
H-b,experimental,196,nan,nan,inf
H-b,experimental,197,nan,nan,inf
H-b,experimental,198,nan,nan,inf
H-b,experimental,199,nan,nan,inf
H-b,hf,0,nan,nan,inf
H-b,hf,1,nan,nan,inf
H-b,hf,2,nan,nan,inf
H-b,hf,3,nan,nan,inf
H-b,hf,4,nan,nan,inf
H-b,hf,5,nan,nan,inf
H-b,hf,6,nan,nan,inf
H-b,hf,7,nan,nan,inf
H-b,hf,8,nan,nan,inf
H-b,hf,9,nan,nan,inf
H-b,hf,10,nan,nan,inf
H-b,hf,11,nan,nan,inf
H-b,hf,12,nan,nan,inf
H-b,hf,13,nan,nan,inf
H-b,hf,14,nan,nan,inf
H-b,hf,15,nan,nan,inf
H-b,hf,16,nan,nan,inf
H-b,hf,17,nan,nan,inf
H-b,hf,18,nan,nan,inf
H-b,hf,19,nan,nan,inf
H-b,hf,20,nan,nan,inf
H-b,hf,21,nan,nan,inf
H-b,hf,22,nan,nan,inf
H-b,hf,23,nan,nan,inf
H-b,hf,24,nan,nan,inf
H-b,hf,25,nan,nan,inf
H-b,hf,26,nan,nan,inf
H-b,hf,27,nan,nan,inf
H-b,hf,28,nan,nan,inf
H-b,hf,29,nan,nan,inf
H-b,hf,30,nan,nan,inf
H-b,hf,31,nan,nan,inf
H-b,hf,32,nan,nan,inf
H-b,hf,33,nan,nan,inf
H-b,hf,34,nan,nan,inf
H-b,hf,35,nan,nan,inf
H-b,hf,36,nan,nan,inf
H-b,hf,37,nan,nan,inf
H-b,hf,38,nan,nan,inf
H-b,hf,39,nan,nan,inf
H-b,hf,40,nan,nan,inf
H-b,hf,41,nan,nan,inf
H-b,hf,42,nan,nan,inf
H-b,hf,43,nan,nan,inf
H-b,hf,44,nan,nan,inf
H-b,hf,45,nan,nan,inf
H-b,hf,46,nan,nan,inf
H-b,hf,47,nan,nan,inf
H-b,hf,48,nan,nan,inf
H-b,hf,49,nan,nan,inf
H-b,hf,50,nan,nan,inf
H-b,hf,51,nan,nan,inf
H-b,hf,52,nan,nan,inf
H-b,hf,53,nan,nan,inf
H-b,hf,54,nan,nan,inf
H-b,hf,55,nan,nan,inf
H-b,hf,56,nan,nan,inf
H-b,hf,57,nan,nan,inf
H-b,hf,58,nan,nan,inf
H-b,hf,59,nan,nan,inf
H-b,hf,60,nan,nan,inf
H-b,hf,61,nan,nan,inf
H-b,hf,62,nan,nan,inf
H-b,hf,63,nan,nan,inf
H-b,hf,64,nan,nan,inf
H-b,hf,65,nan,nan,inf
H-b,hf,66,nan,nan,inf
H-b,hf,67,nan,nan,inf
H-b,hf,68,nan,nan,inf
H-b,hf,69,nan,nan,inf
H-b,hf,70,nan,nan,inf
H-b,hf,71,nan,nan,inf
H-b,hf,72,nan,nan,inf
H-b,hf,73,nan,nan,inf
H-b,hf,74,nan,nan,inf
H-b,hf,75,nan,nan,inf
H-b,hf,76,nan,nan,inf
H-b,hf,77,nan,nan,inf
H-b,hf,78,nan,nan,inf
H-b,hf,79,nan,nan,inf
H-b,hf,80,nan,nan,inf
H-b,hf,81,nan,nan,inf
H-b,hf,82,nan,nan,inf
H-b,hf,83,nan,nan,inf
H-b,hf,84,nan,nan,inf
H-b,hf,85,nan,nan,inf
H-b,hf,86,nan,nan,inf
H-b,hf,87,nan,nan,inf
H-b,hf,88,nan,nan,inf
H-b,hf,89,nan,nan,inf
H-b,hf,90,nan,nan,inf
H-b,hf,91,nan,nan,inf
H-b,hf,92,nan,nan,inf
H-b,hf,93,nan,nan,inf
H-b,hf,94,nan,nan,inf
H-b,hf,95,nan,nan,inf
H-b,hf,96,nan,nan,inf
H-b,hf,97,nan,nan,inf
H-b,hf,98,nan,nan,inf
H-b,hf,99,nan,nan,inf
H-b,hf,100,nan,nan,inf
H-b,hf,101,nan,nan,inf
H-b,hf,102,nan,nan,inf
H-b,hf,103,nan,nan,inf
H-b,hf,104,nan,nan,inf
H-b,hf,105,nan,nan,inf
H-b,hf,106,nan,nan,inf
H-b,hf,107,nan,nan,inf
H-b,hf,108,nan,nan,inf
H-b,hf,109,nan,nan,inf
H-b,hf,110,nan,nan,inf
H-b,hf,111,nan,nan,inf
H-b,hf,112,nan,nan,inf
H-b,hf,113,nan,nan,inf
H-b,hf,114,nan,nan,inf
H-b,hf,115,nan,nan,inf
H-b,hf,116,nan,nan,inf
H-b,hf,117,nan,nan,inf
H-b,hf,118,nan,nan,inf
H-b,hf,119,nan,nan,inf
H-b,hf,120,nan,nan,inf
H-b,hf,121,nan,nan,inf
H-b,hf,122,nan,nan,inf
H-b,hf,123,nan,nan,inf
H-b,hf,124,nan,nan,inf
H-b,hf,125,nan,nan,inf
H-b,hf,126,nan,nan,inf
H-b,hf,127,nan,nan,inf
H-b,hf,128,nan,nan,inf
H-b,hf,129,nan,nan,inf
H-b,hf,130,nan,nan,inf
H-b,hf,131,nan,nan,inf
H-b,hf,132,nan,nan,inf
H-b,hf,133,nan,nan,inf
H-b,hf,134,nan,nan,inf
H-b,hf,135,nan,nan,inf
H-b,hf,136,nan,nan,inf
H-b,hf,137,nan,nan,inf
H-b,hf,138,nan,nan,inf
H-b,hf,139,nan,nan,inf
H-b,hf,140,nan,nan,inf
H-b,hf,141,nan,nan,inf
H-b,hf,142,nan,nan,inf
H-b,hf,143,nan,nan,inf
H-b,hf,144,nan,nan,inf
H-b,hf,145,nan,nan,inf
H-b,hf,146,nan,nan,inf
H-b,hf,147,nan,nan,inf
H-b,hf,148,nan,nan,inf
H-b,hf,149,nan,nan,inf
H-b,hf,150,nan,nan,inf
H-b,hf,151,nan,nan,inf
H-b,hf,152,nan,nan,inf
H-b,hf,153,nan,nan,inf
H-b,hf,154,nan,nan,inf
H-b,hf,155,nan,nan,inf
H-b,hf,156,nan,nan,inf
H-b,hf,157,nan,nan,inf
H-b,hf,158,nan,nan,inf
H-b,hf,159,nan,nan,inf
H-b,hf,160,nan,nan,inf
H-b,hf,161,nan,nan,inf
H-b,hf,162,nan,nan,inf
H-b,hf,163,nan,nan,inf
H-b,hf,164,nan,nan,inf
H-b,hf,165,nan,nan,inf
H-b,hf,166,nan,nan,inf
H-b,hf,167,nan,nan,inf
H-b,hf,168,nan,nan,inf
H-b,hf,169,nan,nan,inf
H-b,hf,170,nan,nan,inf
H-b,hf,171,nan,nan,inf
H-b,hf,172,nan,nan,inf
H-b,hf,173,nan,nan,inf
H-b,hf,174,nan,nan,inf
H-b,hf,175,nan,nan,inf
H-b,hf,176,nan,nan,inf
H-b,hf,177,nan,nan,inf
H-b,hf,178,nan,nan,inf
H-b,hf,179,nan,nan,inf
H-b,hf,180,nan,nan,inf
H-b,hf,181,nan,nan,inf
H-b,hf,182,nan,nan,inf
H-b,hf,183,nan,nan,inf
H-b,hf,184,nan,nan,inf
H-b,hf,185,nan,nan,inf
H-b,hf,186,nan,nan,inf
H-b,hf,187,nan,nan,inf
H-b,hf,188,nan,nan,inf
H-b,hf,189,nan,nan,inf
H-b,hf,190,nan,nan,inf
H-b,hf,191,nan,nan,inf
H-b,hf,192,nan,nan,inf
H-b,hf,193,nan,nan,inf
H-b,hf,194,nan,nan,inf
H-b,hf,195,nan,nan,inf
H-b,hf,196,nan,nan,inf
H-b,hf,197,nan,nan,inf
H-b,hf,198,nan,nan,inf
H-b,hf,199,nan,nan,inf
H-c,experimental,0,nan,nan,inf
H-c,experimental,1,nan,nan,inf
H-c,experimental,2,nan,nan,inf
H-c,experimental,3,nan,nan,inf
H-c,experimental,4,nan,nan,inf
H-c,experimental,5,nan,nan,inf
H-c,experimental,6,nan,nan,inf
H-c,experimental,7,nan,nan,inf
H-c,experimental,8,nan,nan,inf
H-c,experimental,9,nan,nan,inf
H-c,experimental,10,nan,nan,inf
H-c,experimental,11,nan,nan,inf
H-c,experimental,12,nan,nan,inf
H-c,experimental,13,nan,nan,inf
H-c,experimental,14,nan,nan,inf
H-c,experimental,15,nan,nan,inf
H-c,experimental,16,nan,nan,inf
H-c,experimental,17,nan,nan,inf
H-c,experimental,18,nan,nan,inf
H-c,experimental,19,nan,nan,inf
H-c,experimental,20,nan,nan,inf
H-c,experimental,21,nan,nan,inf
H-c,experimental,22,nan,nan,inf
H-c,experimental,23,nan,nan,inf
H-c,experimental,24,nan,nan,inf
H-c,experimental,25,nan,nan,inf
H-c,experimental,26,nan,nan,inf
H-c,experimental,27,nan,nan,inf
H-c,experimental,28,nan,nan,inf
H-c,experimental,29,nan,nan,inf
H-c,experimental,30,nan,nan,inf
H-c,experimental,31,nan,nan,inf
H-c,experimental,32,nan,nan,inf
H-c,experimental,33,nan,nan,inf
H-c,experimental,34,nan,nan,inf
H-c,experimental,35,nan,nan,inf
H-c,experimental,36,nan,nan,inf
H-c,experimental,37,nan,nan,inf
H-c,experimental,38,nan,nan,inf
H-c,experimental,39,nan,nan,inf
H-c,experimental,40,nan,nan,inf
H-c,experimental,41,nan,nan,inf
H-c,experimental,42,nan,nan,inf
H-c,experimental,43,nan,nan,inf
H-c,experimental,44,nan,nan,inf
H-c,experimental,45,nan,nan,inf
H-c,experimental,46,nan,nan,inf
H-c,experimental,47,nan,nan,inf
H-c,experimental,48,nan,nan,inf
H-c,experimental,49,nan,nan,inf
H-c,experimental,50,nan,nan,inf
H-c,experimental,51,nan,nan,inf
H-c,experimental,52,nan,nan,inf
H-c,experimental,53,nan,nan,inf
H-c,experimental,54,nan,nan,inf
H-c,experimental,55,nan,nan,inf
H-c,experimental,56,nan,nan,inf
H-c,experimental,57,nan,nan,inf
H-c,experimental,58,nan,nan,inf
H-c,experimental,59,nan,nan,inf
H-c,experimental,60,nan,nan,inf
H-c,experimental,61,nan,nan,inf
H-c,experimental,62,nan,nan,inf
H-c,experimental,63,nan,nan,inf
H-c,experimental,64,nan,nan,inf
H-c,experimental,65,nan,nan,inf
H-c,experimental,66,nan,nan,inf
H-c,experimental,67,nan,nan,inf
H-c,experimental,68,nan,nan,inf
H-c,experimental,69,nan,nan,inf
H-c,experimental,70,nan,nan,inf
H-c,experimental,71,nan,nan,inf
H-c,experimental,72,nan,nan,inf
H-c,experimental,73,nan,nan,inf
H-c,experimental,74,nan,nan,inf
H-c,experimental,75,nan,nan,inf
H-c,experimental,76,nan,nan,inf
H-c,experimental,77,nan,nan,inf
H-c,experimental,78,nan,nan,inf
H-c,experimental,79,nan,nan,inf
H-c,experimental,80,nan,nan,inf
H-c,experimental,81,nan,nan,inf
H-c,experimental,82,nan,nan,inf
H-c,experimental,83,nan,nan,inf
H-c,experimental,84,nan,nan,inf
H-c,experimental,85,nan,nan,inf
H-c,experimental,86,nan,nan,inf
H-c,experimental,87,nan,nan,inf
H-c,experimental,88,nan,nan,inf
H-c,experimental,89,nan,nan,inf
H-c,experimental,90,nan,nan,inf
H-c,experimental,91,nan,nan,inf
H-c,experimental,92,nan,nan,inf
H-c,experimental,93,nan,nan,inf
H-c,experimental,94,nan,nan,inf
H-c,experimental,95,nan,nan,inf
H-c,experimental,96,nan,nan,inf
H-c,experimental,97,nan,nan,inf
H-c,experimental,98,nan,nan,inf
H-c,experimental,99,nan,nan,inf
H-c,experimental,100,nan,nan,inf
H-c,experimental,101,nan,nan,inf
H-c,experimental,102,nan,nan,inf
H-c,experimental,103,nan,nan,inf
H-c,experimental,104,nan,nan,inf
H-c,experimental,105,nan,nan,inf
H-c,experimental,106,nan,nan,inf
H-c,experimental,107,nan,nan,inf
H-c,experimental,108,nan,nan,inf
H-c,experimental,109,nan,nan,inf
H-c,experimental,110,nan,nan,inf
H-c,experimental,111,nan,nan,inf
H-c,experimental,112,nan,nan,inf
H-c,experimental,113,nan,nan,inf
H-c,experimental,114,nan,nan,inf
H-c,experimental,115,nan,nan,inf
H-c,experimental,116,nan,nan,inf
H-c,experimental,117,nan,nan,inf
H-c,experimental,118,nan,nan,inf
H-c,experimental,119,nan,nan,inf
H-c,experimental,120,nan,nan,inf
H-c,experimental,121,nan,nan,inf
H-c,experimental,122,nan,nan,inf
H-c,experimental,123,nan,nan,inf
H-c,experimental,124,nan,nan,inf
H-c,experimental,125,nan,nan,inf
H-c,experimental,126,nan,nan,inf
H-c,experimental,127,nan,nan,inf
H-c,experimental,128,nan,nan,inf
H-c,experimental,129,nan,nan,inf
H-c,experimental,130,nan,nan,inf
H-c,experimental,131,nan,nan,inf
H-c,experimental,132,nan,nan,inf
H-c,experimental,133,nan,nan,inf
H-c,experimental,134,nan,nan,inf
H-c,experimental,135,nan,nan,inf
H-c,experimental,136,nan,nan,inf
H-c,experimental,137,nan,nan,inf
H-c,experimental,138,nan,nan,inf
H-c,experimental,139,nan,nan,inf
H-c,experimental,140,nan,nan,inf
H-c,experimental,141,nan,nan,inf
H-c,experimental,142,nan,nan,inf
H-c,experimental,143,nan,nan,inf
H-c,experimental,144,nan,nan,inf
H-c,experimental,145,nan,nan,inf
H-c,experimental,146,nan,nan,inf
H-c,experimental,147,nan,nan,inf
H-c,experimental,148,nan,nan,inf
H-c,experimental,149,nan,nan,inf
H-c,experimental,150,nan,nan,inf
H-c,experimental,151,nan,nan,inf
H-c,experimental,152,nan,nan,inf
H-c,experimental,153,nan,nan,inf
H-c,experimental,154,nan,nan,inf
H-c,experimental,155,nan,nan,inf
H-c,experimental,156,nan,nan,inf
H-c,experimental,157,nan,nan,inf
H-c,experimental,158,nan,nan,inf
H-c,experimental,159,nan,nan,inf
H-c,experimental,160,nan,nan,inf
H-c,experimental,161,nan,nan,inf
H-c,experimental,162,nan,nan,inf
H-c,experimental,163,nan,nan,inf
H-c,experimental,164,nan,nan,inf
H-c,experimental,165,nan,nan,inf
H-c,experimental,166,nan,nan,inf
H-c,experimental,167,nan,nan,inf
H-c,experimental,168,nan,nan,inf
H-c,experimental,169,nan,nan,inf
H-c,experimental,170,nan,nan,inf
H-c,experimental,171,nan,nan,inf
H-c,experimental,172,nan,nan,inf
H-c,experimental,173,nan,nan,inf
H-c,experimental,174,nan,nan,inf
H-c,experimental,175,nan,nan,inf
H-c,experimental,176,nan,nan,inf
H-c,experimental,177,nan,nan,inf
H-c,experimental,178,nan,nan,inf
H-c,experimental,179,nan,nan,inf
H-c,experimental,180,nan,nan,inf
H-c,experimental,181,nan,nan,inf
H-c,experimental,182,nan,nan,inf
H-c,experimental,183,nan,nan,inf
H-c,experimental,184,nan,nan,inf
H-c,experimental,185,nan,nan,inf
H-c,experimental,186,nan,nan,inf
H-c,experimental,187,nan,nan,inf
H-c,experimental,188,nan,nan,inf
H-c,experimental,189,nan,nan,inf
H-c,experimental,190,nan,nan,inf
H-c,experimental,191,nan,nan,inf
H-c,experimental,192,nan,nan,inf
H-c,experimental,193,nan,nan,inf
H-c,experimental,194,nan,nan,inf
H-c,experimental,195,nan,nan,inf
H-c,experimental,196,nan,nan,inf
H-c,experimental,197,nan,nan,inf
H-c,experimental,198,nan,nan,inf
H-c,experimental,199,nan,nan,inf
H-c,hf,0,nan,nan,inf
H-c,hf,1,nan,nan,inf
H-c,hf,2,nan,nan,inf
H-c,hf,3,nan,nan,inf
H-c,hf,4,nan,nan,inf
H-c,hf,5,nan,nan,inf
H-c,hf,6,nan,nan,inf
H-c,hf,7,nan,nan,inf
H-c,hf,8,nan,nan,inf
H-c,hf,9,nan,nan,inf
H-c,hf,10,nan,nan,inf
H-c,hf,11,nan,nan,inf
H-c,hf,12,nan,nan,inf
H-c,hf,13,nan,nan,inf
H-c,hf,14,nan,nan,inf
H-c,hf,15,nan,nan,inf
H-c,hf,16,nan,nan,inf
H-c,hf,17,nan,nan,inf
H-c,hf,18,nan,nan,inf
H-c,hf,19,nan,nan,inf
H-c,hf,20,nan,nan,inf
H-c,hf,21,nan,nan,inf
H-c,hf,22,nan,nan,inf
H-c,hf,23,nan,nan,inf
H-c,hf,24,nan,nan,inf
H-c,hf,25,nan,nan,inf
H-c,hf,26,nan,nan,inf
H-c,hf,27,nan,nan,inf
H-c,hf,28,nan,nan,inf
H-c,hf,29,nan,nan,inf
H-c,hf,30,nan,nan,inf
H-c,hf,31,nan,nan,inf
H-c,hf,32,nan,nan,inf
H-c,hf,33,nan,nan,inf
H-c,hf,34,nan,nan,inf
H-c,hf,35,nan,nan,inf
H-c,hf,36,nan,nan,inf
H-c,hf,37,nan,nan,inf
H-c,hf,38,nan,nan,inf
H-c,hf,39,nan,nan,inf
H-c,hf,40,nan,nan,inf
H-c,hf,41,nan,nan,inf
H-c,hf,42,nan,nan,inf
H-c,hf,43,nan,nan,inf
H-c,hf,44,nan,nan,inf
H-c,hf,45,nan,nan,inf
H-c,hf,46,nan,nan,inf
H-c,hf,47,nan,nan,inf
H-c,hf,48,nan,nan,inf
H-c,hf,49,nan,nan,inf
H-c,hf,50,nan,nan,inf
H-c,hf,51,nan,nan,inf
H-c,hf,52,nan,nan,inf
H-c,hf,53,nan,nan,inf
H-c,hf,54,nan,nan,inf
H-c,hf,55,nan,nan,inf
H-c,hf,56,nan,nan,inf
H-c,hf,57,nan,nan,inf
H-c,hf,58,nan,nan,inf
H-c,hf,59,nan,nan,inf
H-c,hf,60,nan,nan,inf
H-c,hf,61,nan,nan,inf
H-c,hf,62,nan,nan,inf
H-c,hf,63,nan,nan,inf
H-c,hf,64,nan,nan,inf
H-c,hf,65,nan,nan,inf
H-c,hf,66,nan,nan,inf
H-c,hf,67,nan,nan,inf
H-c,hf,68,nan,nan,inf
H-c,hf,69,nan,nan,inf
H-c,hf,70,nan,nan,inf
H-c,hf,71,nan,nan,inf
H-c,hf,72,nan,nan,inf
H-c,hf,73,nan,nan,inf
H-c,hf,74,nan,nan,inf
H-c,hf,75,nan,nan,inf
H-c,hf,76,nan,nan,inf
H-c,hf,77,nan,nan,inf
H-c,hf,78,nan,nan,inf
H-c,hf,79,nan,nan,inf
H-c,hf,80,nan,nan,inf
H-c,hf,81,nan,nan,inf
H-c,hf,82,nan,nan,inf
H-c,hf,83,nan,nan,inf
H-c,hf,84,nan,nan,inf
H-c,hf,85,nan,nan,inf
H-c,hf,86,nan,nan,inf
H-c,hf,87,nan,nan,inf
H-c,hf,88,nan,nan,inf
H-c,hf,89,nan,nan,inf
H-c,hf,90,nan,nan,inf
H-c,hf,91,nan,nan,inf
H-c,hf,92,nan,nan,inf
H-c,hf,93,nan,nan,inf
H-c,hf,94,nan,nan,inf
H-c,hf,95,nan,nan,inf
H-c,hf,96,nan,nan,inf
H-c,hf,97,nan,nan,inf
H-c,hf,98,nan,nan,inf
H-c,hf,99,nan,nan,inf
H-c,hf,100,nan,nan,inf
H-c,hf,101,nan,nan,inf
H-c,hf,102,nan,nan,inf
H-c,hf,103,nan,nan,inf
H-c,hf,104,nan,nan,inf
H-c,hf,105,nan,nan,inf
H-c,hf,106,nan,nan,inf
H-c,hf,107,nan,nan,inf
H-c,hf,108,nan,nan,inf
H-c,hf,109,nan,nan,inf
H-c,hf,110,nan,nan,inf
H-c,hf,111,nan,nan,inf
H-c,hf,112,nan,nan,inf
H-c,hf,113,nan,nan,inf
H-c,hf,114,nan,nan,inf
H-c,hf,115,nan,nan,inf
H-c,hf,116,nan,nan,inf
H-c,hf,117,nan,nan,inf
H-c,hf,118,nan,nan,inf
H-c,hf,119,nan,nan,inf
H-c,hf,120,nan,nan,inf
H-c,hf,121,nan,nan,inf
H-c,hf,122,nan,nan,inf
H-c,hf,123,nan,nan,inf
H-c,hf,124,nan,nan,inf
H-c,hf,125,nan,nan,inf
H-c,hf,126,nan,nan,inf
H-c,hf,127,nan,nan,inf
H-c,hf,128,nan,nan,inf
H-c,hf,129,nan,nan,inf
H-c,hf,130,nan,nan,inf
H-c,hf,131,nan,nan,inf
H-c,hf,132,nan,nan,inf
H-c,hf,133,nan,nan,inf
H-c,hf,134,nan,nan,inf
H-c,hf,135,nan,nan,inf
H-c,hf,136,nan,nan,inf
H-c,hf,137,nan,nan,inf
H-c,hf,138,nan,nan,inf
H-c,hf,139,nan,nan,inf
H-c,hf,140,nan,nan,inf
H-c,hf,141,nan,nan,inf
H-c,hf,142,nan,nan,inf
H-c,hf,143,nan,nan,inf
H-c,hf,144,nan,nan,inf
H-c,hf,145,nan,nan,inf
H-c,hf,146,nan,nan,inf
H-c,hf,147,nan,nan,inf
H-c,hf,148,nan,nan,inf
H-c,hf,149,nan,nan,inf
H-c,hf,150,nan,nan,inf
H-c,hf,151,nan,nan,inf
H-c,hf,152,nan,nan,inf
H-c,hf,153,nan,nan,inf
H-c,hf,154,nan,nan,inf
H-c,hf,155,nan,nan,inf
H-c,hf,156,nan,nan,inf
H-c,hf,157,nan,nan,inf
H-c,hf,158,nan,nan,inf
H-c,hf,159,nan,nan,inf
H-c,hf,160,nan,nan,inf
H-c,hf,161,nan,nan,inf
H-c,hf,162,nan,nan,inf
H-c,hf,163,nan,nan,inf
H-c,hf,164,nan,nan,inf
H-c,hf,165,nan,nan,inf
H-c,hf,166,nan,nan,inf
H-c,hf,167,nan,nan,inf
H-c,hf,168,nan,nan,inf
H-c,hf,169,nan,nan,inf
H-c,hf,170,nan,nan,inf
H-c,hf,171,nan,nan,inf
H-c,hf,172,nan,nan,inf
H-c,hf,173,nan,nan,inf
H-c,hf,174,nan,nan,inf
H-c,hf,175,nan,nan,inf
H-c,hf,176,nan,nan,inf
H-c,hf,177,nan,nan,inf
H-c,hf,178,nan,nan,inf
H-c,hf,179,nan,nan,inf
H-c,hf,180,nan,nan,inf
H-c,hf,181,nan,nan,inf
H-c,hf,182,nan,nan,inf
H-c,hf,183,nan,nan,inf
H-c,hf,184,nan,nan,inf
H-c,hf,185,nan,nan,inf
H-c,hf,186,nan,nan,inf
H-c,hf,187,nan,nan,inf
H-c,hf,188,nan,nan,inf
H-c,hf,189,nan,nan,inf
H-c,hf,190,nan,nan,inf
H-c,hf,191,nan,nan,inf
H-c,hf,192,nan,nan,inf
H-c,hf,193,nan,nan,inf
H-c,hf,194,nan,nan,inf
H-c,hf,195,nan,nan,inf
H-c,hf,196,nan,nan,inf
H-c,hf,197,nan,nan,inf
H-c,hf,198,nan,nan,inf
H-c,hf,199,nan,nan,inf
H-d,experimental,0,nan,nan,inf
H-d,experimental,1,nan,nan,inf
H-d,experimental,2,nan,nan,inf
H-d,experimental,3,nan,nan,inf
H-d,experimental,4,nan,nan,inf
H-d,experimental,5,nan,nan,inf
H-d,experimental,6,nan,nan,inf
H-d,experimental,7,nan,nan,inf
H-d,experimental,8,nan,nan,inf
H-d,experimental,9,nan,nan,inf
H-d,experimental,10,nan,nan,inf
H-d,experimental,11,nan,nan,inf
H-d,experimental,12,nan,nan,inf
H-d,experimental,13,nan,nan,inf
H-d,experimental,14,nan,nan,inf
H-d,experimental,15,nan,nan,inf
H-d,experimental,16,nan,nan,inf
H-d,experimental,17,nan,nan,inf
H-d,experimental,18,nan,nan,inf
H-d,experimental,19,nan,nan,inf
H-d,experimental,20,nan,nan,inf
H-d,experimental,21,nan,nan,inf
H-d,experimental,22,nan,nan,inf
H-d,experimental,23,nan,nan,inf
H-d,experimental,24,nan,nan,inf
H-d,experimental,25,nan,nan,inf
H-d,experimental,26,nan,nan,inf
H-d,experimental,27,nan,nan,inf
H-d,experimental,28,nan,nan,inf
H-d,experimental,29,nan,nan,inf
H-d,experimental,30,nan,nan,inf
H-d,experimental,31,nan,nan,inf
H-d,experimental,32,nan,nan,inf
H-d,experimental,33,nan,nan,inf
H-d,experimental,34,nan,nan,inf
H-d,experimental,35,nan,nan,inf
H-d,experimental,36,nan,nan,inf
H-d,experimental,37,nan,nan,inf
H-d,experimental,38,nan,nan,inf
H-d,experimental,39,nan,nan,inf
H-d,experimental,40,nan,nan,inf
H-d,experimental,41,nan,nan,inf
H-d,experimental,42,nan,nan,inf
H-d,experimental,43,nan,nan,inf
H-d,experimental,44,nan,nan,inf
H-d,experimental,45,nan,nan,inf
H-d,experimental,46,nan,nan,inf
H-d,experimental,47,nan,nan,inf
H-d,experimental,48,nan,nan,inf
H-d,experimental,49,nan,nan,inf
H-d,experimental,50,nan,nan,inf
H-d,experimental,51,nan,nan,inf
H-d,experimental,52,nan,nan,inf
H-d,experimental,53,nan,nan,inf
H-d,experimental,54,nan,nan,inf
H-d,experimental,55,nan,nan,inf
H-d,experimental,56,nan,nan,inf
H-d,experimental,57,nan,nan,inf
H-d,experimental,58,nan,nan,inf
H-d,experimental,59,nan,nan,inf
H-d,experimental,60,nan,nan,inf
H-d,experimental,61,nan,nan,inf
H-d,experimental,62,nan,nan,inf
H-d,experimental,63,nan,nan,inf
H-d,experimental,64,nan,nan,inf
H-d,experimental,65,nan,nan,inf
H-d,experimental,66,nan,nan,inf
H-d,experimental,67,nan,nan,inf
H-d,experimental,68,nan,nan,inf
H-d,experimental,69,nan,nan,inf
H-d,experimental,70,nan,nan,inf
H-d,experimental,71,nan,nan,inf
H-d,experimental,72,nan,nan,inf
H-d,experimental,73,nan,nan,inf
H-d,experimental,74,nan,nan,inf
H-d,experimental,75,nan,nan,inf
H-d,experimental,76,nan,nan,inf
H-d,experimental,77,nan,nan,inf
H-d,experimental,78,nan,nan,inf
H-d,experimental,79,nan,nan,inf
H-d,experimental,80,nan,nan,inf
H-d,experimental,81,nan,nan,inf
H-d,experimental,82,nan,nan,inf
H-d,experimental,83,nan,nan,inf
H-d,experimental,84,nan,nan,inf
H-d,experimental,85,nan,nan,inf
H-d,experimental,86,nan,nan,inf
H-d,experimental,87,nan,nan,inf
H-d,experimental,88,nan,nan,inf
H-d,experimental,89,nan,nan,inf
H-d,experimental,90,nan,nan,inf
H-d,experimental,91,nan,nan,inf
H-d,experimental,92,nan,nan,inf
H-d,experimental,93,nan,nan,inf
H-d,experimental,94,nan,nan,inf
H-d,experimental,95,nan,nan,inf
H-d,experimental,96,nan,nan,inf
H-d,experimental,97,nan,nan,inf
H-d,experimental,98,nan,nan,inf
H-d,experimental,99,nan,nan,inf
H-d,experimental,100,nan,nan,inf
H-d,experimental,101,nan,nan,inf
H-d,experimental,102,nan,nan,inf
H-d,experimental,103,nan,nan,inf
H-d,experimental,104,nan,nan,inf
H-d,experimental,105,nan,nan,inf
H-d,experimental,106,nan,nan,inf
H-d,experimental,107,nan,nan,inf
H-d,experimental,108,nan,nan,inf
H-d,experimental,109,nan,nan,inf
H-d,experimental,110,nan,nan,inf
H-d,experimental,111,nan,nan,inf
H-d,experimental,112,nan,nan,inf
H-d,experimental,113,nan,nan,inf
H-d,experimental,114,nan,nan,inf
H-d,experimental,115,nan,nan,inf
H-d,experimental,116,nan,nan,inf
H-d,experimental,117,nan,nan,inf
H-d,experimental,118,nan,nan,inf
H-d,experimental,119,nan,nan,inf
H-d,experimental,120,nan,nan,inf
H-d,experimental,121,nan,nan,inf
H-d,experimental,122,nan,nan,inf
H-d,experimental,123,nan,nan,inf
H-d,experimental,124,nan,nan,inf
H-d,experimental,125,nan,nan,inf
H-d,experimental,126,nan,nan,inf
H-d,experimental,127,nan,nan,inf
H-d,experimental,128,nan,nan,inf
H-d,experimental,129,nan,nan,inf
H-d,experimental,130,nan,nan,inf
H-d,experimental,131,nan,nan,inf
H-d,experimental,132,nan,nan,inf
H-d,experimental,133,nan,nan,inf
H-d,experimental,134,nan,nan,inf
H-d,experimental,135,nan,nan,inf
H-d,experimental,136,nan,nan,inf
H-d,experimental,137,nan,nan,inf
H-d,experimental,138,nan,nan,inf
H-d,experimental,139,nan,nan,inf
H-d,experimental,140,nan,nan,inf
H-d,experimental,141,nan,nan,inf
H-d,experimental,142,nan,nan,inf
H-d,experimental,143,nan,nan,inf
H-d,experimental,144,nan,nan,inf
H-d,experimental,145,nan,nan,inf
H-d,experimental,146,nan,nan,inf
H-d,experimental,147,nan,nan,inf
H-d,experimental,148,nan,nan,inf
H-d,experimental,149,nan,nan,inf
H-d,experimental,150,nan,nan,inf
H-d,experimental,151,nan,nan,inf
H-d,experimental,152,nan,nan,inf
H-d,experimental,153,nan,nan,inf
H-d,experimental,154,nan,nan,inf
H-d,experimental,155,nan,nan,inf
H-d,experimental,156,nan,nan,inf
H-d,experimental,157,nan,nan,inf
H-d,experimental,158,nan,nan,inf
H-d,experimental,159,nan,nan,inf
H-d,experimental,160,nan,nan,inf
H-d,experimental,161,nan,nan,inf
H-d,experimental,162,nan,nan,inf
H-d,experimental,163,nan,nan,inf
H-d,experimental,164,nan,nan,inf
H-d,experimental,165,nan,nan,inf
H-d,experimental,166,nan,nan,inf
H-d,experimental,167,nan,nan,inf
H-d,experimental,168,nan,nan,inf
H-d,experimental,169,nan,nan,inf
H-d,experimental,170,nan,nan,inf
H-d,experimental,171,nan,nan,inf
H-d,experimental,172,nan,nan,inf
H-d,experimental,173,nan,nan,inf
H-d,experimental,174,nan,nan,inf
H-d,experimental,175,nan,nan,inf
H-d,experimental,176,nan,nan,inf
H-d,experimental,177,nan,nan,inf
H-d,experimental,178,nan,nan,inf
H-d,experimental,179,nan,nan,inf
H-d,experimental,180,nan,nan,inf
H-d,experimental,181,nan,nan,inf
H-d,experimental,182,nan,nan,inf
H-d,experimental,183,nan,nan,inf
H-d,experimental,184,nan,nan,inf
H-d,experimental,185,nan,nan,inf
H-d,experimental,186,nan,nan,inf
H-d,experimental,187,nan,nan,inf
H-d,experimental,188,nan,nan,inf
H-d,experimental,189,nan,nan,inf
H-d,experimental,190,nan,nan,inf
H-d,experimental,191,nan,nan,inf
H-d,experimental,192,nan,nan,inf
H-d,experimental,193,nan,nan,inf
H-d,experimental,194,nan,nan,inf
H-d,experimental,195,nan,nan,inf
H-d,experimental,196,nan,nan,inf
H-d,experimental,197,nan,nan,inf
H-d,experimental,198,nan,nan,inf
H-d,experimental,199,nan,nan,inf
H-d,hf,0,nan,nan,inf
H-d,hf,1,nan,nan,inf
H-d,hf,2,nan,nan,inf
H-d,hf,3,nan,nan,inf
H-d,hf,4,nan,nan,inf
H-d,hf,5,nan,nan,inf
H-d,hf,6,nan,nan,inf
H-d,hf,7,nan,nan,inf
H-d,hf,8,nan,nan,inf
H-d,hf,9,nan,nan,inf
H-d,hf,10,nan,nan,inf
H-d,hf,11,nan,nan,inf
H-d,hf,12,nan,nan,inf
H-d,hf,13,nan,nan,inf
H-d,hf,14,nan,nan,inf
H-d,hf,15,nan,nan,inf
H-d,hf,16,nan,nan,inf
H-d,hf,17,nan,nan,inf
H-d,hf,18,nan,nan,inf
H-d,hf,19,nan,nan,inf
H-d,hf,20,nan,nan,inf
H-d,hf,21,nan,nan,inf
H-d,hf,22,nan,nan,inf
H-d,hf,23,nan,nan,inf
H-d,hf,24,nan,nan,inf
H-d,hf,25,nan,nan,inf
H-d,hf,26,nan,nan,inf
H-d,hf,27,nan,nan,inf
H-d,hf,28,nan,nan,inf
H-d,hf,29,nan,nan,inf
H-d,hf,30,nan,nan,inf
H-d,hf,31,nan,nan,inf
H-d,hf,32,nan,nan,inf
H-d,hf,33,nan,nan,inf
H-d,hf,34,nan,nan,inf
H-d,hf,35,nan,nan,inf
H-d,hf,36,nan,nan,inf
H-d,hf,37,nan,nan,inf
H-d,hf,38,nan,nan,inf
H-d,hf,39,nan,nan,inf
H-d,hf,40,nan,nan,inf
H-d,hf,41,nan,nan,inf
H-d,hf,42,nan,nan,inf
H-d,hf,43,nan,nan,inf
H-d,hf,44,nan,nan,inf
H-d,hf,45,nan,nan,inf
H-d,hf,46,nan,nan,inf
H-d,hf,47,nan,nan,inf
H-d,hf,48,nan,nan,inf
H-d,hf,49,nan,nan,inf
H-d,hf,50,nan,nan,inf
H-d,hf,51,nan,nan,inf
H-d,hf,52,nan,nan,inf
H-d,hf,53,nan,nan,inf
H-d,hf,54,nan,nan,inf
H-d,hf,55,nan,nan,inf
H-d,hf,56,nan,nan,inf
H-d,hf,57,nan,nan,inf
H-d,hf,58,nan,nan,inf
H-d,hf,59,nan,nan,inf
H-d,hf,60,nan,nan,inf
H-d,hf,61,nan,nan,inf
H-d,hf,62,nan,nan,inf
H-d,hf,63,nan,nan,inf
H-d,hf,64,nan,nan,inf
H-d,hf,65,nan,nan,inf
H-d,hf,66,nan,nan,inf
H-d,hf,67,nan,nan,inf
H-d,hf,68,nan,nan,inf
H-d,hf,69,nan,nan,inf
H-d,hf,70,nan,nan,inf
H-d,hf,71,nan,nan,inf
H-d,hf,72,nan,nan,inf
H-d,hf,73,nan,nan,inf
H-d,hf,74,nan,nan,inf
H-d,hf,75,nan,nan,inf
H-d,hf,76,nan,nan,inf
H-d,hf,77,nan,nan,inf
H-d,hf,78,nan,nan,inf
H-d,hf,79,nan,nan,inf
H-d,hf,80,nan,nan,inf
H-d,hf,81,nan,nan,inf
H-d,hf,82,nan,nan,inf
H-d,hf,83,nan,nan,inf
H-d,hf,84,nan,nan,inf
H-d,hf,85,nan,nan,inf
H-d,hf,86,nan,nan,inf
H-d,hf,87,nan,nan,inf
H-d,hf,88,nan,nan,inf
H-d,hf,89,nan,nan,inf
H-d,hf,90,nan,nan,inf
H-d,hf,91,nan,nan,inf
H-d,hf,92,nan,nan,inf
H-d,hf,93,nan,nan,inf
H-d,hf,94,nan,nan,inf
H-d,hf,95,nan,nan,inf
H-d,hf,96,nan,nan,inf
H-d,hf,97,nan,nan,inf
H-d,hf,98,nan,nan,inf
H-d,hf,99,nan,nan,inf
H-d,hf,100,nan,nan,inf
H-d,hf,101,nan,nan,inf
H-d,hf,102,nan,nan,inf
H-d,hf,103,nan,nan,inf
H-d,hf,104,nan,nan,inf
H-d,hf,105,nan,nan,inf
H-d,hf,106,nan,nan,inf
H-d,hf,107,nan,nan,inf
H-d,hf,108,nan,nan,inf
H-d,hf,109,nan,nan,inf
H-d,hf,110,nan,nan,inf
H-d,hf,111,nan,nan,inf
H-d,hf,112,nan,nan,inf
H-d,hf,113,nan,nan,inf
H-d,hf,114,nan,nan,inf
H-d,hf,115,nan,nan,inf
H-d,hf,116,nan,nan,inf
H-d,hf,117,nan,nan,inf
H-d,hf,118,nan,nan,inf
H-d,hf,119,nan,nan,inf
H-d,hf,120,nan,nan,inf
H-d,hf,121,nan,nan,inf
H-d,hf,122,nan,nan,inf
H-d,hf,123,nan,nan,inf
H-d,hf,124,nan,nan,inf
H-d,hf,125,nan,nan,inf
H-d,hf,126,nan,nan,inf
H-d,hf,127,nan,nan,inf
H-d,hf,128,nan,nan,inf
H-d,hf,129,nan,nan,inf
H-d,hf,130,nan,nan,inf
H-d,hf,131,nan,nan,inf
H-d,hf,132,nan,nan,inf
H-d,hf,133,nan,nan,inf
H-d,hf,134,nan,nan,inf
H-d,hf,135,nan,nan,inf
H-d,hf,136,nan,nan,inf
H-d,hf,137,nan,nan,inf
H-d,hf,138,nan,nan,inf
H-d,hf,139,nan,nan,inf
H-d,hf,140,nan,nan,inf
H-d,hf,141,nan,nan,inf
H-d,hf,142,nan,nan,inf
H-d,hf,143,nan,nan,inf
H-d,hf,144,nan,nan,inf
H-d,hf,145,nan,nan,inf
H-d,hf,146,nan,nan,inf
H-d,hf,147,nan,nan,inf
H-d,hf,148,nan,nan,inf
H-d,hf,149,nan,nan,inf
H-d,hf,150,nan,nan,inf
H-d,hf,151,nan,nan,inf
H-d,hf,152,nan,nan,inf
H-d,hf,153,nan,nan,inf
H-d,hf,154,nan,nan,inf
H-d,hf,155,nan,nan,inf
H-d,hf,156,nan,nan,inf
H-d,hf,157,nan,nan,inf
H-d,hf,158,nan,nan,inf
H-d,hf,159,nan,nan,inf
H-d,hf,160,nan,nan,inf
H-d,hf,161,nan,nan,inf
H-d,hf,162,nan,nan,inf
H-d,hf,163,nan,nan,inf
H-d,hf,164,nan,nan,inf
H-d,hf,165,nan,nan,inf
H-d,hf,166,nan,nan,inf
H-d,hf,167,nan,nan,inf
H-d,hf,168,nan,nan,inf
H-d,hf,169,nan,nan,inf
H-d,hf,170,nan,nan,inf
H-d,hf,171,nan,nan,inf
H-d,hf,172,nan,nan,inf
H-d,hf,173,nan,nan,inf
H-d,hf,174,nan,nan,inf
H-d,hf,175,nan,nan,inf
H-d,hf,176,nan,nan,inf
H-d,hf,177,nan,nan,inf
H-d,hf,178,nan,nan,inf
H-d,hf,179,nan,nan,inf
H-d,hf,180,nan,nan,inf
H-d,hf,181,nan,nan,inf
H-d,hf,182,nan,nan,inf
H-d,hf,183,nan,nan,inf
H-d,hf,184,nan,nan,inf
H-d,hf,185,nan,nan,inf
H-d,hf,186,nan,nan,inf
H-d,hf,187,nan,nan,inf
H-d,hf,188,nan,nan,inf
H-d,hf,189,nan,nan,inf
H-d,hf,190,nan,nan,inf
H-d,hf,191,nan,nan,inf
H-d,hf,192,nan,nan,inf
H-d,hf,193,nan,nan,inf
H-d,hf,194,nan,nan,inf
H-d,hf,195,nan,nan,inf
H-d,hf,196,nan,nan,inf
H-d,hf,197,nan,nan,inf
H-d,hf,198,nan,nan,inf
H-d,hf,199,nan,nan,inf
